SUBDIVISION,YEAR,ANNUAL,ONI,Rainfall_Category,ENSO_Phase,ONI_scaled,SUB_CODE,Label,Jun_Sep,State_LPA,Rain_Deviation,State_Sensitivity
ANDAMAN & NICOBAR ISLANDS,1950,2422.2,-0.8783333333333334,Deficit,La_Nina,0.07923051842191065,0,0,1578.4,2899.2742424242424,-16.45495398273654,-0.3127921095770219
ANDAMAN & NICOBAR ISLANDS,1951,3275.1,0.43333333333333335,Excess,Neutral,0.5924356048255625,0,1,1747.4,2899.2742424242424,12.962752956460887,-0.3127921095770219
ANDAMAN & NICOBAR ISLANDS,1952,3079.9,0.013333333333333334,Normal,Neutral,0.4281056406912292,0,2,1824.8,2899.2742424242424,6.2300335350382925,-0.3127921095770219
ANDAMAN & NICOBAR ISLANDS,1953,2721.9,0.5883333333333334,Normal,El_Nino,0.6530811868275188,0,2,1627.1,2899.2742424242424,-6.117884256300292,-0.3127921095770219
ANDAMAN & NICOBAR ISLANDS,1954,3449.0,-0.33749999999999997,Excess,Neutral,0.2908379523964787,0,1,2419.4,2899.2742424242424,18.96080576068933,-0.3127921095770219
ANDAMAN & NICOBAR ISLANDS,1955,3349.6,-0.9391666666666666,Excess,La_Nina,0.05542875774372352,0,1,1648.3,2899.2742424242424,15.532361547116544,-0.3127921095770219
ANDAMAN & NICOBAR ISLANDS,1956,3080.0,-0.5558333333333333,Normal,La_Nina,0.20541245516791654,0,2,1604.4,2899.2742424242424,6.233482674086148,-0.3127921095770219
ANDAMAN & NICOBAR ISLANDS,1957,2507.2,0.7808333333333333,Deficit,El_Nino,0.7283990870557548,0,0,1833.6,2899.2742424242424,-13.523185792055592,-0.3127921095770219
ANDAMAN & NICOBAR ISLANDS,1958,2807.4,0.7166666666666667,Normal,El_Nino,0.7032931203130095,0,2,1710.4,2899.2742424242424,-3.168870370380044,-0.3127921095770219
ANDAMAN & NICOBAR ISLANDS,1959,3343.3,0.1991666666666667,Excess,Neutral,0.5008151287903488,0,1,2271.7,2899.2742424242424,15.315065787101375,-0.3127921095770219
ANDAMAN & NICOBAR ISLANDS,1960,3025.0,0.050833333333333335,Normal,Neutral,0.442777958917509,0,2,1563.0,2899.2742424242424,4.336456197763182,-0.3127921095770219
ANDAMAN & NICOBAR ISLANDS,1961,3938.2,-0.02416666666666667,Excess,Neutral,0.41343332246494946,0,1,1857.3,2899.2742424242424,35.83399398282015,-0.3127921095770219
ANDAMAN & NICOBAR ISLANDS,1962,2959.7,-0.17333333333333334,Normal,Neutral,0.35507010107597003,0,2,1671.9,2899.2742424242424,2.084168399510635,-0.3127921095770219
ANDAMAN & NICOBAR ISLANDS,1963,2981.7,0.5499999999999999,Normal,El_Nino,0.6380828170850994,0,2,1953.5,2899.2742424242424,2.8429789900398217,-0.3127921095770219
ANDAMAN & NICOBAR ISLANDS,1964,3054.8,-0.3758333333333333,Normal,Neutral,0.2758395826540594,0,2,1745.9,2899.2742424242424,5.364299634025451,-0.3127921095770219
ANDAMAN & NICOBAR ISLANDS,1965,3163.8,0.805,Normal,El_Nino,0.7378545810238017,0,2,1774.3,2899.2742424242424,9.123861196192784,-0.3127921095770219
ANDAMAN & NICOBAR ISLANDS,1966,2701.2,0.28250000000000003,Normal,Neutral,0.5334202804043039,0,2,1372.1,2899.2742424242424,-6.8318560392073095,-0.3127921095770219
ANDAMAN & NICOBAR ISLANDS,1967,3216.4,-0.31416666666666665,Excess,Neutral,0.2999673948483861,0,1,1796.4,2899.2742424242424,10.93810833536711,-0.3127921095770219
ANDAMAN & NICOBAR ISLANDS,1968,2762.8,0.07166666666666667,Normal,Neutral,0.4509292468209977,0,2,1803.3,2899.2742424242424,-4.707186385725574,-0.3127921095770219
ANDAMAN & NICOBAR ISLANDS,1969,2619.0,0.6783333333333333,Normal,El_Nino,0.6882947505705902,0,2,1539.1,2899.2742424242424,-9.667048336548174,-0.3127921095770219
ANDAMAN & NICOBAR ISLANDS,1970,3370.8,-0.2925,Excess,Neutral,0.30844473426801433,0,1,1738.2,2899.2742424242424,16.26357902526286,-0.3127921095770219
ANDAMAN & NICOBAR ISLANDS,1971,2998.6,-0.8608333333333333,Normal,La_Nina,0.08607760026084121,0,2,1613.7,2899.2742424242424,3.425883489128154,-0.3127921095770219
ANDAMAN & NICOBAR ISLANDS,1972,3323.0,0.8066666666666666,Excess,El_Nino,0.7385066840560809,0,1,1844.0,2899.2742424242424,14.6148905603858,-0.3127921095770219
ANDAMAN & NICOBAR ISLANDS,1973,2991.1,-0.5808333333333334,Normal,La_Nina,0.19563090968372998,0,2,1587.8,2899.2742424242424,3.167198060538659,-0.3127921095770219
ANDAMAN & NICOBAR ISLANDS,1974,2962.0,-0.8875000000000001,Normal,La_Nina,0.0756439517443756,0,2,1378.7,2899.2742424242424,2.16349859761142,-0.3127921095770219
ANDAMAN & NICOBAR ISLANDS,1975,3085.7,-0.9966666666666667,Normal,La_Nina,0.03293120313009451,0,2,1589.1,2899.2742424242424,6.43008359981416,-0.3127921095770219
ANDAMAN & NICOBAR ISLANDS,1976,3276.0,-0.021666666666666678,Excess,Neutral,0.4144114770133681,0,1,1698.2,2899.2742424242424,12.993795207891631,-0.3127921095770219
ANDAMAN & NICOBAR ISLANDS,1977,2388.2,0.5175,Deficit,El_Nino,0.625366807955657,0,0,1492.9,2899.2742424242424,-17.627661259008924,-0.3127921095770219
ANDAMAN & NICOBAR ISLANDS,1978,2712.4,-0.04916666666666667,Normal,Neutral,0.40365177698076293,0,2,1775.9,2899.2742424242424,-6.445552465846988,-0.3127921095770219
ANDAMAN & NICOBAR ISLANDS,1979,1849.4,0.30833333333333335,Deficit,Neutral,0.5435278774046299,0,0,1242.5,2899.2742424242424,-36.211622448878266,-0.3127921095770219
ANDAMAN & NICOBAR ISLANDS,1980,3625.3,0.21166666666666667,Excess,Neutral,0.5057059015324421,0,1,1946.3,2899.2742424242424,25.041637902066405,-0.3127921095770219
ANDAMAN & NICOBAR ISLANDS,1981,3074.8,-0.25,Normal,Neutral,0.3250733615911314,0,2,1908.0,2899.2742424242424,6.054127443597438,-0.3127921095770219
ANDAMAN & NICOBAR ISLANDS,1982,2384.5,0.9125,Deficit,El_Nino,0.7799152266058037,0,0,1575.8,2899.2742424242424,-17.755279403779735,-0.3127921095770219
ANDAMAN & NICOBAR ISLANDS,1983,2792.4,0.45999999999999996,Normal,Neutral,0.602869253342028,0,2,1892.4,2899.2742424242424,-3.6862412275590355,-0.3127921095770219
ANDAMAN & NICOBAR ISLANDS,1984,2820.3,-0.5516666666666666,Normal,La_Nina,0.2070427127486143,0,2,1280.7,2899.2742424242424,-2.7239314332061086,-0.3127921095770219
ANDAMAN & NICOBAR ISLANDS,1985,2630.8,-0.5775,Normal,La_Nina,0.19693511574828823,0,2,1557.0,2899.2742424242424,-9.260049928900695,-0.3127921095770219
ANDAMAN & NICOBAR ISLANDS,1986,2187.8,0.26666666666666666,Deficit,Neutral,0.5272253015976525,0,0,1473.6,2899.2742424242424,-24.53973591092023,-0.3127921095770219
ANDAMAN & NICOBAR ISLANDS,1987,2764.0,1.1824999999999999,Normal,El_Nino,0.8855559178350179,0,2,1434.5,2899.2742424242424,-4.665796717151261,-0.3127921095770219
ANDAMAN & NICOBAR ISLANDS,1988,3323.0,-0.89,Excess,La_Nina,0.07466579719595695,0,1,1810.5,2899.2742424242424,14.6148905603858,-0.3127921095770219
ANDAMAN & NICOBAR ISLANDS,1989,2533.6,-0.62,Deficit,La_Nina,0.18030648842517116,0,0,1424.1,2899.2742424242424,-12.612613083420566,-0.3127921095770219
ANDAMAN & NICOBAR ISLANDS,1990,2183.4,0.2708333333333333,Deficit,Neutral,0.5288555591783501,0,0,1108.0,2899.2742424242424,-24.691498029026068,-0.3127921095770219
ANDAMAN & NICOBAR ISLANDS,1991,2535.8,0.6541666666666667,Deficit,El_Nino,0.6788392566025432,0,0,1689.3,2899.2742424242424,-12.53673202436764,-0.3127921095770219
ANDAMAN & NICOBAR ISLANDS,1992,2098.7,0.6091666666666666,Deficit,El_Nino,0.6612324747310074,0,0,1436.2,2899.2742424242424,-27.612918802563446,-0.3127921095770219
ANDAMAN & NICOBAR ISLANDS,1993,2237.4,0.3566666666666667,Deficit,Neutral,0.5624388653407238,0,0,1312.5,2899.2742424242424,-22.8289629431817,-0.3127921095770219
ANDAMAN & NICOBAR ISLANDS,1994,3262.8,0.3658333333333333,Excess,Neutral,0.566025432018259,0,1,2191.5,2899.2742424242424,12.538508853574125,-0.3127921095770219
ANDAMAN & NICOBAR ISLANDS,1995,3115.4,-0.21583333333333332,Normal,Neutral,0.33844147375285294,0,2,1933.9,2899.2742424242424,7.45447789702857,-0.3127921095770219
ANDAMAN & NICOBAR ISLANDS,1996,2996.9,-0.4058333333333333,Normal,Neutral,0.26410172807303556,0,2,1764.3,2899.2742424242424,3.367248125314542,-0.3127921095770219
ANDAMAN & NICOBAR ISLANDS,1997,2755.1,1.1416666666666666,Normal,El_Nino,0.86957939354418,0,2,1988.8,2899.2742424242424,-4.972770092410799,-0.3127921095770219
ANDAMAN & NICOBAR ISLANDS,1998,2846.4,0.041666666666666664,Normal,Neutral,0.43919139223997394,0,2,1561.2,2899.2742424242424,-1.8237061417146676,-0.3127921095770219
ANDAMAN & NICOBAR ISLANDS,1999,2699.7,-1.0808333333333333,Normal,La_Nina,0.0,0,2,1358.0,2899.2742424242424,-6.883593124925209,-0.3127921095770219
ANDAMAN & NICOBAR ISLANDS,2000,2763.2,-0.7658333333333333,Normal,La_Nina,0.12324747310074996,0,2,1244.2,2899.2742424242424,-4.693389829534147,-0.3127921095770219
ANDAMAN & NICOBAR ISLANDS,2001,3080.9,-0.2941666666666667,Normal,Neutral,0.30779263123573525,0,2,1515.4,2899.2742424242424,6.264524925516891,-0.3127921095770219
ANDAMAN & NICOBAR ISLANDS,2002,2620.2,0.5141666666666667,Normal,El_Nino,0.6240626018910989,0,2,1525.6,2899.2742424242424,-9.625658667973862,-0.3127921095770219
ANDAMAN & NICOBAR ISLANDS,2003,2355.9,0.235,Deficit,Neutral,0.5148353439843495,0,0,1406.1,2899.2742424242424,-18.741733171467672,-0.3127921095770219
ANDAMAN & NICOBAR ISLANDS,2004,2460.1,0.3925,Deficit,Neutral,0.5764590805347245,0,0,1392.2,2899.2742424242424,-15.147730283597621,-0.3127921095770219
ANDAMAN & NICOBAR ISLANDS,2005,2954.7,0.029166666666666684,Normal,Neutral,0.4343006194978807,0,2,1700.4,2899.2742424242424,1.9117114471176377,-0.3127921095770219
ANDAMAN & NICOBAR ISLANDS,2006,2404.7,0.04,Deficit,Neutral,0.4385392892076948,0,0,1314.9,2899.2742424242424,-17.058553316112032,-0.3127921095770219
ANDAMAN & NICOBAR ISLANDS,2007,2748.0,-0.6133333333333333,Normal,La_Nina,0.18291490055428758,0,2,1793.1,2899.2742424242424,-5.217658964808852,-0.3127921095770219
ANDAMAN & NICOBAR ISLANDS,2008,3374.8,-0.8083333333333335,Excess,La_Nina,0.10661884577763281,0,1,1783.1,2899.2742424242424,16.40154458717726,-0.3127921095770219
ANDAMAN & NICOBAR ISLANDS,2009,2538.6,0.2591666666666667,Deficit,Neutral,0.5242908379523965,0,0,1627.1,2899.2742424242424,-12.44015613102757,-0.3127921095770219
ANDAMAN & NICOBAR ISLANDS,2010,3157.1,-0.4266666666666667,Normal,Neutral,0.25595044016954677,0,2,1797.8,2899.2742424242424,8.89276887998616,-0.3127921095770219
ANDAMAN & NICOBAR ISLANDS,2011,3828.0,-0.7691666666666667,Excess,La_Nina,0.12194326703619174,0,1,2165.0,2899.2742424242424,32.0330427520785,-0.3127921095770219
ANDAMAN & NICOBAR ISLANDS,2012,3497.6,-0.06583333333333333,Excess,Neutral,0.397130746657972,0,1,2014.0,2899.2742424242424,20.637087337949257,-0.3127921095770219
ANDAMAN & NICOBAR ISLANDS,2013,3757.8,-0.25916666666666666,Excess,Neutral,0.32148679491359633,0,1,2152.1,2899.2742424242424,29.611747140480826,-0.3127921095770219
ANDAMAN & NICOBAR ISLANDS,2014,2622.4,0.22833333333333336,Normal,Neutral,0.5122269318552332,0,2,1618.7,2899.2742424242424,-9.549777608920932,-0.3127921095770219
ANDAMAN & NICOBAR ISLANDS,2015,2904.6,1.4749999999999999,Normal,El_Nino,1.0,0,2,1678.6,2899.2742424242424,0.18369278413981108,-0.3127921095770219
ARUNACHAL PRADESH,1950,,-0.8783333333333334,Normal,La_Nina,0.07923051842191065,1,2,,2844.057627118644,,0.09558282585769015
ARUNACHAL PRADESH,1951,3354.2,0.43333333333333335,Excess,Neutral,0.5924356048255625,1,1,1974.7,2844.057627118644,17.937132075561642,0.09558282585769015
ARUNACHAL PRADESH,1952,2396.1,0.013333333333333334,Deficit,Neutral,0.4281056406912292,1,0,1446.7,2844.057627118644,-15.750652266933024,0.09558282585769015
ARUNACHAL PRADESH,1953,,0.5883333333333334,Normal,El_Nino,0.6530811868275188,1,2,1617.5,2844.057627118644,,0.09558282585769015
ARUNACHAL PRADESH,1957,,0.7808333333333333,Normal,El_Nino,0.7283990870557548,1,2,2875.9,2844.057627118644,,0.09558282585769015
ARUNACHAL PRADESH,1958,5063.5,0.7166666666666667,Excess,El_Nino,0.7032931203130095,1,1,3338.7,2844.057627118644,78.03788332973777,0.09558282585769015
ARUNACHAL PRADESH,1959,4195.5,0.1991666666666667,Excess,Neutral,0.5008151287903488,1,1,2792.6,2844.057627118644,47.518107931256004,0.09558282585769015
ARUNACHAL PRADESH,1960,3709.4,0.050833333333333335,Excess,Neutral,0.442777958917509,1,1,3236.8,2844.057627118644,30.426330487474925,0.09558282585769015
ARUNACHAL PRADESH,1961,3676.5,-0.02416666666666667,Excess,Neutral,0.41343332246494946,1,1,2137.9,2844.057627118644,29.269532548984078,0.09558282585769015
ARUNACHAL PRADESH,1962,,-0.17333333333333334,Normal,Neutral,0.35507010107597003,1,2,3475.2,2844.057627118644,,0.09558282585769015
ARUNACHAL PRADESH,1963,4138.0,0.5499999999999999,Excess,El_Nino,0.6380828170850994,1,1,3138.5,2844.057627118644,45.49634861626441,0.09558282585769015
ARUNACHAL PRADESH,1964,4959.3,-0.3758333333333333,Excess,Neutral,0.2758395826540594,1,1,3896.1,2844.057627118644,74.37410384065736,0.09558282585769015
ARUNACHAL PRADESH,1965,2196.8,0.805,Deficit,El_Nino,0.7378545810238017,1,0,1244.7,2844.057627118644,-22.758245857851694,0.09558282585769015
ARUNACHAL PRADESH,1966,2209.6,0.28250000000000003,Deficit,Neutral,0.5334202804043039,1,0,1515.1,2844.057627118644,-22.308184653818792,0.09558282585769015
ARUNACHAL PRADESH,1967,1668.5,-0.31416666666666665,Deficit,Neutral,0.2999673948483861,1,0,1121.2,2844.057627118644,-41.333818833678784,0.09558282585769015
ARUNACHAL PRADESH,1968,2139.0,0.07166666666666667,Deficit,Neutral,0.4509292468209977,1,0,1385.9,2844.057627118644,-24.790553482312813,0.09558282585769015
ARUNACHAL PRADESH,1969,1877.7,0.6783333333333333,Deficit,El_Nino,0.6882947505705902,1,0,1392.7,2844.057627118644,-33.9781310302659,0.09558282585769015
ARUNACHAL PRADESH,1970,1973.4,-0.2925,Deficit,Neutral,0.30844473426801433,1,0,1320.2,2844.057627118644,-30.613220309488593,0.09558282585769015
ARUNACHAL PRADESH,1971,2184.5,-0.8608333333333333,Deficit,La_Nina,0.08607760026084121,1,0,1359.3,2844.057627118644,-23.190726546102074,0.09558282585769015
ARUNACHAL PRADESH,1972,2281.3,0.8066666666666666,Deficit,El_Nino,0.7385066840560809,1,0,1357.9,2844.057627118644,-19.787138690603182,0.09558282585769015
ARUNACHAL PRADESH,1973,2457.5,-0.5808333333333334,Deficit,La_Nina,0.19563090968372998,1,0,1385.5,2844.057627118644,-13.591764928837652,0.09558282585769015
ARUNACHAL PRADESH,1974,3063.9,-0.8875000000000001,Normal,La_Nina,0.0756439517443756,1,2,2023.5,2844.057627118644,7.729884612221497,0.09558282585769015
ARUNACHAL PRADESH,1975,2213.3,-0.9966666666666667,Deficit,La_Nina,0.03293120313009451,1,0,1177.7,2844.057627118644,-22.17808883702802,0.09558282585769015
ARUNACHAL PRADESH,1976,2419.5,-0.021666666666666678,Deficit,Neutral,0.4144114770133681,1,0,1416.7,2844.057627118644,-14.927884128310353,0.09558282585769015
ARUNACHAL PRADESH,1977,3774.3,0.5175,Excess,El_Nino,0.625366807955657,1,1,1950.2,2844.057627118644,32.70828143604804,0.09558282585769015
ARUNACHAL PRADESH,1978,2531.0,-0.04916666666666667,Deficit,Neutral,0.40365177698076293,1,0,1417.4,2844.057627118644,-11.00742910880492,0.09558282585769015
ARUNACHAL PRADESH,1979,2773.6,0.30833333333333335,Normal,Neutral,0.5435278774046299,1,2,1619.2,2844.057627118644,-2.477362851118664,0.09558282585769015
ARUNACHAL PRADESH,1980,3215.3,0.21166666666666667,Excess,Neutral,0.5057059015324421,1,1,1957.1,2844.057627118644,13.053264791173271,0.09558282585769015
ARUNACHAL PRADESH,1981,2790.9,-0.25,Normal,Neutral,0.3250733615911314,1,2,1667.4,2844.057627118644,-1.8690770050429268,0.09558282585769015
ARUNACHAL PRADESH,1982,2779.5,0.9125,Normal,El_Nino,0.7799152266058037,1,2,1746.4,2844.057627118644,-2.2699127648847415,0.09558282585769015
ARUNACHAL PRADESH,1983,3335.3,0.45999999999999996,Excess,Neutral,0.602869253342028,1,1,1980.6,2844.057627118644,17.27258857898181,0.09558282585769015
ARUNACHAL PRADESH,1984,3278.0,-0.5516666666666666,Excess,La_Nina,0.2070427127486143,1,1,1853.0,2844.057627118644,15.257861470303228,0.09558282585769015
ARUNACHAL PRADESH,1985,3266.2,-0.5775,Excess,La_Nina,0.19693511574828823,1,1,1992.2,2844.057627118644,14.84296129783538,0.09558282585769015
ARUNACHAL PRADESH,1986,2495.6,0.26666666666666666,Deficit,Neutral,0.5272253015976525,1,0,1599.1,2844.057627118644,-12.252129626208443,0.09558282585769015
ARUNACHAL PRADESH,1987,3433.2,1.1824999999999999,Excess,El_Nino,0.8855559178350179,1,1,2461.9,2844.057627118644,20.714853569202262,0.09558282585769015
ARUNACHAL PRADESH,1988,4155.3,-0.89,Excess,La_Nina,0.07466579719595695,1,1,2457.0,2844.057627118644,46.10463446234016,0.09558282585769015
ARUNACHAL PRADESH,1989,3281.6,-0.62,Excess,La_Nina,0.18030648842517116,1,1,1956.8,2844.057627118644,15.384441183937481,0.09558282585769015
ARUNACHAL PRADESH,1990,3604.0,0.2708333333333333,Excess,Neutral,0.5288555591783501,1,1,2369.5,2844.057627118644,26.72035776051642,0.09558282585769015
ARUNACHAL PRADESH,1991,3434.4,0.6541666666666667,Excess,El_Nino,0.6788392566025432,1,1,2303.9,2844.057627118644,20.757046807080357,0.09558282585769015
ARUNACHAL PRADESH,1992,2707.0,0.6091666666666666,Normal,El_Nino,0.6612324747310074,1,2,1702.7,2844.057627118644,-4.8190875533524,0.09558282585769015
ARUNACHAL PRADESH,1993,3348.9,0.3566666666666667,Excess,Neutral,0.5624388653407238,1,1,2203.7,2844.057627118644,17.750778608266774,0.09558282585769015
ARUNACHAL PRADESH,1994,2287.4,0.3658333333333333,Deficit,Neutral,0.566025432018259,1,0,1154.4,2844.057627118644,-19.57265639805625,0.09558282585769015
ARUNACHAL PRADESH,1995,3068.8,-0.21583333333333332,Normal,Neutral,0.33844147375285294,1,2,2155.2,2844.057627118644,7.902173666890349,0.09558282585769015
ARUNACHAL PRADESH,1996,2520.5,-0.4058333333333333,Deficit,Neutral,0.26410172807303556,1,0,1472.5,2844.057627118644,-11.376619940238168,0.09558282585769015
ARUNACHAL PRADESH,1997,2274.9,1.1416666666666666,Deficit,El_Nino,0.86957939354418,1,0,1583.7,2844.057627118644,-20.01216929261964,0.09558282585769015
ARUNACHAL PRADESH,1998,3616.7,0.041666666666666664,Excess,Neutral,0.43919139223997394,1,1,2707.4,2844.057627118644,27.166902861392817,0.09558282585769015
ARUNACHAL PRADESH,1999,2316.6,-1.0808333333333333,Deficit,La_Nina,0.0,1,0,1519.0,2844.057627118644,-18.54595427635618,0.09558282585769015
ARUNACHAL PRADESH,2000,2596.8,-0.7658333333333333,Normal,La_Nina,0.12324747310074996,1,2,1650.0,2844.057627118644,-8.693833231823234,0.09558282585769015
ARUNACHAL PRADESH,2001,2036.0,-0.2941666666666667,Deficit,Neutral,0.30779263123573525,1,0,1147.8,2844.057627118644,-28.41213973351514,0.09558282585769015
ARUNACHAL PRADESH,2002,2389.2,0.5141666666666667,Deficit,El_Nino,0.6240626018910989,1,0,1549.4,2844.057627118644,-15.993263384732018,0.09558282585769015
ARUNACHAL PRADESH,2003,2451.8,0.235,Deficit,Neutral,0.5148353439843495,1,0,1656.6,2844.057627118644,-13.792182808758549,0.09558282585769015
ARUNACHAL PRADESH,2004,2545.7,0.3925,Deficit,Neutral,0.5764590805347245,1,0,1578.7,2844.057627118644,-10.490561944798383,0.09558282585769015
ARUNACHAL PRADESH,2005,2335.5,0.029166666666666684,Deficit,Neutral,0.4343006194978807,1,0,1343.7,2844.057627118644,-17.88141077977633,0.09558282585769015
ARUNACHAL PRADESH,2006,2259.6,0.04,Deficit,Neutral,0.4385392892076948,1,0,1393.5,2844.057627118644,-20.550133075565235,0.09558282585769015
ARUNACHAL PRADESH,2007,3020.7,-0.6133333333333333,Normal,La_Nina,0.18291490055428758,1,2,2185.1,2844.057627118644,6.2109280486104135,0.09558282585769015
ARUNACHAL PRADESH,2008,2244.4,-0.8083333333333335,Deficit,La_Nina,0.10661884577763281,1,0,1508.7,2844.057627118644,-21.08458075535431,0.09558282585769015
ARUNACHAL PRADESH,2009,1749.9,0.2591666666666667,Deficit,Neutral,0.5242908379523965,1,0,1111.8,2844.057627118644,-38.471710864281995,0.09558282585769015
ARUNACHAL PRADESH,2010,2855.7,-0.4266666666666667,Normal,Neutral,0.25595044016954677,1,2,1653.6,2844.057627118644,0.40935784037367406,0.09558282585769015
ARUNACHAL PRADESH,2011,2193.7,-0.7691666666666667,Deficit,La_Nina,0.12194326703619174,1,0,1384.2,2844.057627118644,-22.867245055703428,0.09558282585769015
ARUNACHAL PRADESH,2012,3440.3,-0.06583333333333333,Excess,Neutral,0.397130746657972,1,1,2325.6,2844.057627118644,20.96449689331428,0.09558282585769015
ARUNACHAL PRADESH,2013,2042.9,-0.25916666666666666,Deficit,Neutral,0.32148679491359633,1,0,1165.9,2844.057627118644,-28.169528615716143,0.09558282585769015
ARUNACHAL PRADESH,2014,2403.2,0.22833333333333336,Deficit,Neutral,0.5122269318552332,1,0,1750.8,2844.057627118644,-15.50100894282102,0.09558282585769015
ARUNACHAL PRADESH,2015,2767.5,1.4749999999999999,Normal,El_Nino,1.0,1,2,1936.9,2844.057627118644,-2.6918451436655952,0.09558282585769015
ASSAM & MEGHALAYA,1950,2392.4,-0.8783333333333334,Normal,La_Nina,0.07923051842191065,2,2,1643.1,2510.943939393939,-4.7210906438059235,-0.12200387874647081
ASSAM & MEGHALAYA,1951,2613.8,0.43333333333333335,Normal,Neutral,0.5924356048255625,2,2,1736.3,2510.943939393939,4.0963105146380565,-0.12200387874647081
ASSAM & MEGHALAYA,1952,2851.3,0.013333333333333334,Excess,Neutral,0.4281056406912292,2,1,1785.2,2510.943939393939,13.554904801586767,-0.12200387874647081
ASSAM & MEGHALAYA,1953,2559.9,0.5883333333333334,Normal,El_Nino,0.6530811868275188,2,2,1603.4,2510.943939393939,1.9497074322526409,-0.12200387874647081
ASSAM & MEGHALAYA,1954,2859.1,-0.33749999999999997,Excess,Neutral,0.2908379523964787,2,1,1812.6,2510.943939393939,13.86554495080023,-0.12200387874647081
ASSAM & MEGHALAYA,1955,2761.2,-0.9391666666666666,Normal,La_Nina,0.05542875774372352,2,2,1812.6,2510.943939393939,9.966612821569578,-0.12200387874647081
ASSAM & MEGHALAYA,1956,2802.9,-0.5558333333333333,Excess,La_Nina,0.20541245516791654,2,1,1706.7,2510.943939393939,11.627342850057005,-0.12200387874647081
ASSAM & MEGHALAYA,1957,2257.2,0.7808333333333333,Deficit,El_Nino,0.7283990870557548,2,0,1428.6,2510.943939393939,-10.105519896839473,-0.12200387874647081
ASSAM & MEGHALAYA,1958,2626.4,0.7166666666666667,Normal,El_Nino,0.7032931203130095,2,2,1579.8,2510.943939393939,4.59811383259828,-0.12200387874647081
ASSAM & MEGHALAYA,1959,2535.8,0.1991666666666667,Normal,Neutral,0.5008151287903488,2,2,1424.6,2510.943939393939,0.9899090225033226,-0.12200387874647081
ASSAM & MEGHALAYA,1960,2342.2,0.050833333333333335,Normal,Neutral,0.442777958917509,2,2,1837.0,2510.943939393939,-6.720338783615724,-0.12200387874647081
ASSAM & MEGHALAYA,1961,2195.3,-0.02416666666666667,Deficit,Neutral,0.41343332246494946,2,0,1261.7,2510.943939393939,-12.570728260469458,-0.12200387874647081
ASSAM & MEGHALAYA,1962,2295.9,-0.17333333333333334,Normal,Neutral,0.35507010107597003,2,2,1587.3,2510.943939393939,-8.564266848818768,-0.12200387874647081
ASSAM & MEGHALAYA,1963,2511.8,0.5499999999999999,Normal,El_Nino,0.6380828170850994,2,2,1797.1,2510.943939393939,0.034093178769558266,-0.12200387874647081
ASSAM & MEGHALAYA,1964,2729.6,-0.3758333333333333,Normal,Neutral,0.2758395826540594,2,2,1824.8,2510.943939393939,8.70812196065346,-0.12200387874647081
ASSAM & MEGHALAYA,1965,2398.9,0.805,Normal,El_Nino,0.7378545810238017,2,2,1626.7,2510.943939393939,-4.462223852794695,-0.12200387874647081
ASSAM & MEGHALAYA,1966,2789.3,0.28250000000000003,Excess,Neutral,0.5334202804043039,2,1,2053.9,2510.943939393939,11.085713871941207,-0.12200387874647081
ASSAM & MEGHALAYA,1967,2123.4,-0.31416666666666665,Deficit,Neutral,0.2999673948483861,2,0,1452.9,2510.943939393939,-15.434193225655198,-0.12200387874647081
ASSAM & MEGHALAYA,1968,2530.8,0.07166666666666667,Normal,Neutral,0.4509292468209977,2,2,1666.8,2510.943939393939,0.790780721725455,-0.12200387874647081
ASSAM & MEGHALAYA,1969,2332.2,0.6783333333333333,Normal,El_Nino,0.6882947505705902,2,2,1660.3,2510.943939393939,-7.11859538517146,-0.12200387874647081
ASSAM & MEGHALAYA,1970,3048.4,-0.2925,Excess,Neutral,0.30844473426801433,2,1,1913.5,2510.943939393939,21.4045424182503,-0.12200387874647081
ASSAM & MEGHALAYA,1971,2315.1,-0.8608333333333333,Normal,La_Nina,0.08607760026084121,2,2,1551.3,2510.943939393939,-7.799614173831762,-0.12200387874647081
ASSAM & MEGHALAYA,1972,2379.1,0.8066666666666666,Normal,El_Nino,0.7385066840560809,2,2,1515.3,2510.943939393939,-5.250771923875058,-0.12200387874647081
ASSAM & MEGHALAYA,1973,2672.1,-0.5808333333333334,Normal,La_Nina,0.19563090968372998,2,2,1742.6,2510.943939393939,6.418146501707982,-0.12200387874647081
ASSAM & MEGHALAYA,1974,3403.5,-0.8875000000000001,Excess,La_Nina,0.0756439517443756,2,1,2356.3,2510.943939393939,35.54663433949445,-0.12200387874647081
ASSAM & MEGHALAYA,1975,2270.6,-0.9966666666666667,Normal,La_Nina,0.03293120313009451,2,2,1473.9,2510.943939393939,-9.571856050754784,-0.12200387874647081
ASSAM & MEGHALAYA,1976,1956.0,-0.021666666666666678,Deficit,Neutral,0.4144114770133681,2,0,1407.8,2510.943939393939,-22.10100873569821,-0.12200387874647081
ASSAM & MEGHALAYA,1977,2616.6,0.5175,Normal,El_Nino,0.625366807955657,2,2,1505.2,2510.943939393939,4.207822363073651,-0.12200387874647081
ASSAM & MEGHALAYA,1978,2011.9,-0.04916666666666667,Deficit,Neutral,0.40365177698076293,2,0,1478.2,2510.943939393939,-19.874754333001647,-0.12200387874647081
ASSAM & MEGHALAYA,1979,2188.5,0.30833333333333335,Deficit,Neutral,0.5435278774046299,2,0,1542.6,2510.943939393939,-12.841542749527365,-0.12200387874647081
ASSAM & MEGHALAYA,1980,2289.2,0.21166666666666667,Normal,Neutral,0.5057059015324421,2,2,1537.1,2510.943939393939,-8.83109877186112,-0.12200387874647081
ASSAM & MEGHALAYA,1981,2079.3,-0.25,Deficit,Neutral,0.3250733615911314,2,0,1431.8,2510.943939393939,-17.190504838515984,-0.12200387874647081
ASSAM & MEGHALAYA,1982,2382.2,0.9125,Normal,El_Nino,0.7799152266058037,2,2,1720.6,2510.943939393939,-5.127312377392784,-0.12200387874647081
ASSAM & MEGHALAYA,1983,2620.0,0.45999999999999996,Normal,Neutral,0.602869253342028,2,2,1844.2,2510.943939393939,4.343229607602605,-0.12200387874647081
ASSAM & MEGHALAYA,1984,3157.0,-0.5516666666666666,Excess,La_Nina,0.2070427127486143,2,1,2292.5,2510.943939393939,25.729609111145578,-0.12200387874647081
ASSAM & MEGHALAYA,1985,2801.6,-0.5775,Excess,La_Nina,0.19693511574828823,2,1,1895.1,2510.943939393939,11.575569491854752,-0.12200387874647081
ASSAM & MEGHALAYA,1986,2592.8,0.26666666666666666,Normal,Neutral,0.5272253015976525,2,2,1726.6,2510.943939393939,3.2599716513710133,-0.12200387874647081
ASSAM & MEGHALAYA,1987,2921.4,1.1824999999999999,Excess,El_Nino,0.8855559178350179,2,1,2170.6,2510.943939393939,16.346683578492467,-0.12200387874647081
ASSAM & MEGHALAYA,1988,3261.7,-0.89,Excess,La_Nina,0.07466579719595695,2,1,2151.0,2510.943939393939,29.899355729434124,-0.12200387874647081
ASSAM & MEGHALAYA,1989,2682.1,-0.62,Normal,La_Nina,0.18030648842517116,2,2,1929.5,2510.943939393939,6.816403103263717,-0.12200387874647081
ASSAM & MEGHALAYA,1990,2771.2,0.2708333333333333,Excess,Neutral,0.5288555591783501,2,1,1750.2,2510.943939393939,10.364869423125313,-0.12200387874647081
ASSAM & MEGHALAYA,1991,2838.0,0.6541666666666667,Excess,El_Nino,0.6788392566025432,2,1,1783.8,2510.943939393939,13.025223521517631,-0.12200387874647081
ASSAM & MEGHALAYA,1992,2259.8,0.6091666666666666,Deficit,El_Nino,0.6612324747310074,2,0,1578.5,2510.943939393939,-10.001973180434968,-0.12200387874647081
ASSAM & MEGHALAYA,1993,2879.2,0.3566666666666667,Excess,Neutral,0.5624388653407238,2,1,1969.9,2510.943939393939,14.666040719927253,-0.12200387874647081
ASSAM & MEGHALAYA,1994,2121.3,0.3658333333333333,Deficit,Neutral,0.566025432018259,2,0,1273.4,2510.943939393939,-15.5178271119819,-0.12200387874647081
ASSAM & MEGHALAYA,1995,2886.1,-0.21583333333333332,Excess,Neutral,0.33844147375285294,2,1,2169.0,2510.943939393939,14.940837775000713,-0.12200387874647081
ASSAM & MEGHALAYA,1996,2466.9,-0.4058333333333333,Normal,Neutral,0.26410172807303556,2,2,1543.5,2510.943939393939,-1.7540789622156963,-0.12200387874647081
ASSAM & MEGHALAYA,1997,2372.2,1.1416666666666666,Normal,El_Nino,0.86957939354418,2,2,1763.4,2510.943939393939,-5.5255689789485185,-0.12200387874647081
ASSAM & MEGHALAYA,1998,2803.1,0.041666666666666664,Excess,Neutral,0.43919139223997394,2,1,1947.4,2510.943939393939,11.635307982088113,-0.12200387874647081
ASSAM & MEGHALAYA,1999,2594.2,-1.0808333333333333,Normal,La_Nina,0.0,2,2,1710.2,2510.943939393939,3.3157275755888014,-0.12200387874647081
ASSAM & MEGHALAYA,2000,2487.0,-0.7658333333333333,Normal,La_Nina,0.12324747310074996,2,2,1666.6,2510.943939393939,-0.9535831930886721,-0.12200387874647081
ASSAM & MEGHALAYA,2001,2178.4,-0.2941666666666667,Deficit,Neutral,0.30779263123573525,2,0,1413.2,2510.943939393939,-13.243781917098655,-0.12200387874647081
ASSAM & MEGHALAYA,2002,2392.7,0.5141666666666667,Normal,El_Nino,0.6240626018910989,2,2,1589.8,2510.943939393939,-4.709142945759261,-0.12200387874647081
ASSAM & MEGHALAYA,2003,2434.1,0.235,Normal,Neutral,0.5148353439843495,2,2,1573.3,2510.943939393939,-3.0603606153185146,-0.12200387874647081
ASSAM & MEGHALAYA,2004,2994.3,0.3925,Excess,Neutral,0.5764590805347245,2,1,1849.7,2510.943939393939,19.249974203833776,-0.12200387874647081
ASSAM & MEGHALAYA,2005,2468.3,0.029166666666666684,Normal,Neutral,0.4343006194978807,2,2,1525.2,2510.943939393939,-1.6983230379978893,-0.12200387874647081
ASSAM & MEGHALAYA,2006,1898.6,0.04,Deficit,Neutral,0.4385392892076948,2,0,1208.1,2510.943939393939,-24.38700162862813,-0.12200387874647081
ASSAM & MEGHALAYA,2007,2752.8,-0.6133333333333333,Normal,La_Nina,0.18291490055428758,2,2,1975.1,2510.943939393939,9.632077276262775,-0.12200387874647081
ASSAM & MEGHALAYA,2008,2339.7,-0.8083333333333335,Normal,La_Nina,0.10661884577763281,2,2,1683.9,2510.943939393939,-6.819902934004658,-0.12200387874647081
ASSAM & MEGHALAYA,2009,2068.2,0.2591666666666667,Deficit,Neutral,0.5242908379523965,2,0,1473.5,2510.943939393939,-17.632569666242865,-0.12200387874647081
ASSAM & MEGHALAYA,2010,2711.5,-0.4266666666666667,Normal,Neutral,0.25595044016954677,2,2,1690.2,2510.943939393939,7.987277511837582,-0.12200387874647081
ASSAM & MEGHALAYA,2011,1743.4,-0.7691666666666667,Deficit,La_Nina,0.12194326703619174,2,0,1236.0,2510.943939393939,-30.567944084773135,-0.12200387874647081
ASSAM & MEGHALAYA,2012,2609.4,-0.06583333333333333,Normal,Neutral,0.397130746657972,2,2,1874.8,2510.943939393939,3.9210776099535294,-0.12200387874647081
ASSAM & MEGHALAYA,2013,1816.4,-0.25916666666666666,Deficit,Neutral,0.32148679491359633,2,0,1172.9,2510.943939393939,-27.660670893416267,-0.12200387874647081
ASSAM & MEGHALAYA,2014,2206.1,0.22833333333333336,Deficit,Neutral,0.5122269318552332,2,0,1705.5,2510.943939393939,-12.140611130789274,-0.12200387874647081
ASSAM & MEGHALAYA,2015,2470.9,1.4749999999999999,Normal,El_Nino,1.0,2,2,1729.3,2510.943939393939,-1.594776321593402,-0.12200387874647081
NAGA MANI MIZO TRIPURA,1950,2423.0,-0.8783333333333334,Normal,La_Nina,0.07923051842191065,21,2,1647.5,2311.6545454545458,4.816699569768983,-0.11393460515469099
NAGA MANI MIZO TRIPURA,1951,2609.3,0.43333333333333335,Excess,Neutral,0.5924356048255625,21,1,1562.7,2311.6545454545458,12.875862231695512,-0.11393460515469099
NAGA MANI MIZO TRIPURA,1952,2810.9,0.013333333333333334,Excess,Neutral,0.4281056406912292,21,1,1742.7,2311.6545454545458,21.596888493876865,-0.11393460515469099
NAGA MANI MIZO TRIPURA,1953,2661.6,0.5883333333333334,Excess,El_Nino,0.6530811868275188,21,1,1825.9,2311.6545454545458,15.138311009037192,-0.11393460515469099
NAGA MANI MIZO TRIPURA,1954,2905.1,-0.33749999999999997,Excess,Neutral,0.2908379523964787,21,1,2031.2,2311.6545454545458,25.67189183662231,-0.11393460515469099
NAGA MANI MIZO TRIPURA,1955,2865.0,-0.9391666666666666,Excess,La_Nina,0.05542875774372352,21,1,1789.0,2311.6545454545458,23.937203577130887,-0.11393460515469099
NAGA MANI MIZO TRIPURA,1956,3022.7,-0.5558333333333333,Excess,La_Nina,0.20541245516791654,21,1,2015.7,2311.6545454545458,30.7591571562281,-0.11393460515469099
NAGA MANI MIZO TRIPURA,1957,2303.9,0.7808333333333333,Normal,El_Nino,0.7283990870557548,21,2,1618.3,2311.6545454545458,-0.3354543380970829,-0.11393460515469099
NAGA MANI MIZO TRIPURA,1958,1968.6,0.7166666666666667,Deficit,El_Nino,0.7032931203130095,21,0,1119.0,2311.6545454545458,-14.840216767211222,-0.11393460515469099
NAGA MANI MIZO TRIPURA,1959,2327.6,0.1991666666666667,Normal,Neutral,0.5008151287903488,21,2,1371.2,2311.6545454545458,0.6897853564153008,-0.11393460515469099
NAGA MANI MIZO TRIPURA,1960,1799.9,0.050833333333333335,Deficit,Neutral,0.442777958917509,21,0,1323.5,2311.6545454545458,-22.138019993550472,-0.11393460515469099
NAGA MANI MIZO TRIPURA,1961,1901.2,-0.02416666666666667,Deficit,Neutral,0.41343332246494946,21,0,1250.5,2311.6545454545458,-17.755877333039706,-0.11393460515469099
NAGA MANI MIZO TRIPURA,1962,1822.5,-0.17333333333333334,Deficit,Neutral,0.35507010107597003,21,0,1352.4,2311.6545454545458,-21.16036526376229,-0.11393460515469099
NAGA MANI MIZO TRIPURA,1963,2970.0,0.5499999999999999,Excess,El_Nino,0.6380828170850994,21,1,2075.9,2311.6545454545458,28.47940475535034,-0.11393460515469099
NAGA MANI MIZO TRIPURA,1964,2328.7,-0.3758333333333333,Normal,Neutral,0.2758395826540594,21,2,1297.4,2311.6545454545458,0.7373703211395007,-0.11393460515469099
NAGA MANI MIZO TRIPURA,1965,2031.0,0.805,Deficit,El_Nino,0.7378545810238017,21,0,1479.1,2311.6545454545458,-12.140851495583656,-0.11393460515469099
NAGA MANI MIZO TRIPURA,1966,2478.6,0.28250000000000003,Normal,Neutral,0.5334202804043039,21,2,1832.6,2311.6545454545458,7.2219032412832815,-0.11393460515469099
NAGA MANI MIZO TRIPURA,1967,2229.9,-0.31416666666666665,Normal,Neutral,0.2999673948483861,21,2,1374.9,2311.6545454545458,-3.5366246922707947,-0.11393460515469099
NAGA MANI MIZO TRIPURA,1968,2110.0,0.07166666666666667,Normal,Neutral,0.4509292468209977,21,2,1497.4,2311.6545454545458,-8.723385847209016,-0.11393460515469099
NAGA MANI MIZO TRIPURA,1969,3610.0,0.6783333333333333,Excess,El_Nino,0.6882947505705902,21,1,3050.2,2311.6545454545458,56.16520241306894,-0.11393460515469099
NAGA MANI MIZO TRIPURA,1970,4316.2,-0.2925,Excess,Neutral,0.30844473426801433,21,1,2841.3,2311.6545454545458,86.71474976600778,-0.11393460515469099
NAGA MANI MIZO TRIPURA,1971,3080.7,-0.8608333333333333,Excess,La_Nina,0.08607760026084121,21,1,2141.5,2311.6545454545458,33.26818256895885,-0.11393460515469099
NAGA MANI MIZO TRIPURA,1972,1353.8,0.8066666666666666,Deficit,El_Nino,0.7385066840560809,21,0,898.7,2311.6545454545458,-41.435886142157145,-0.11393460515469099
NAGA MANI MIZO TRIPURA,1973,2105.8,-0.5808333333333334,Normal,La_Nina,0.19563090968372998,21,2,1183.8,2311.6545454545458,-8.905073894337786,-0.11393460515469099
NAGA MANI MIZO TRIPURA,1974,2329.6,-0.8875000000000001,Normal,La_Nina,0.0756439517443756,21,2,1590.3,2311.6545454545458,0.7763034740956714,-0.11393460515469099
NAGA MANI MIZO TRIPURA,1975,2209.7,-0.9966666666666667,Normal,La_Nina,0.03293120313009451,21,2,1407.1,2311.6545454545458,-4.4104576808425495,-0.11393460515469099
NAGA MANI MIZO TRIPURA,1976,2651.4,-0.021666666666666678,Excess,Neutral,0.4144114770133681,21,1,1909.0,2311.6545454545458,14.697068608867308,-0.11393460515469099
NAGA MANI MIZO TRIPURA,1977,2358.5,0.5175,Normal,El_Nino,0.625366807955657,21,2,1389.9,2311.6545454545458,2.0264902745770303,-0.11393460515469099
NAGA MANI MIZO TRIPURA,1978,2150.8,-0.04916666666666667,Normal,Neutral,0.40365177698076293,21,2,1405.5,2311.6545454545458,-6.958416246529449,-0.11393460515469099
NAGA MANI MIZO TRIPURA,1979,1749.2,0.30833333333333335,Deficit,Neutral,0.5435278774046299,21,0,1314.4,2311.6545454545458,-24.33125427674787,-0.11393460515469099
NAGA MANI MIZO TRIPURA,1980,2305.0,0.21166666666666667,Normal,Neutral,0.5057059015324421,21,2,1377.3,2311.6545454545458,-0.28786937337288304,-0.11393460515469099
NAGA MANI MIZO TRIPURA,1981,2072.2,-0.25,Deficit,Neutral,0.3250733615911314,21,0,1214.2,2311.6545454545458,-10.358578271368028,-0.11393460515469099
NAGA MANI MIZO TRIPURA,1982,2027.5,0.9125,Deficit,El_Nino,0.7799152266058037,21,0,1496.3,2311.6545454545458,-12.292258201524305,-0.11393460515469099
NAGA MANI MIZO TRIPURA,1983,2588.0,0.45999999999999996,Excess,Neutral,0.602869253342028,21,1,1343.0,2311.6545454545458,11.954444278399556,-0.11393460515469099
NAGA MANI MIZO TRIPURA,1984,2454.0,-0.5516666666666666,Normal,La_Nina,0.2070427127486143,21,2,1407.3,2311.6545454545458,6.1577303938147265,-0.11393460515469099
NAGA MANI MIZO TRIPURA,1985,2105.3,-0.5775,Normal,La_Nina,0.19693511574828823,21,2,1364.2,2311.6545454545458,-8.92670342375788,-0.11393460515469099
NAGA MANI MIZO TRIPURA,1986,2342.3,0.26666666666666666,Normal,Neutral,0.5272253015976525,21,2,1422.8,2311.6545454545458,1.3256935213660364,-0.11393460515469099
NAGA MANI MIZO TRIPURA,1987,2361.3,1.1824999999999999,Normal,El_Nino,0.8855559178350179,21,2,1679.4,2311.6545454545458,2.1476156393295573,-0.11393460515469099
NAGA MANI MIZO TRIPURA,1988,2820.2,-0.89,Excess,La_Nina,0.07466579719595695,21,1,1712.4,2311.6545454545458,21.999197741090576,-0.11393460515469099
NAGA MANI MIZO TRIPURA,1989,2359.0,-0.62,Normal,La_Nina,0.18030648842517116,21,2,1607.6,2311.6545454545458,2.048119803997123,-0.11393460515469099
NAGA MANI MIZO TRIPURA,1990,2582.3,0.2708333333333333,Excess,Neutral,0.5288555591783501,21,1,1452.0,2311.6545454545458,11.707867643010509,-0.11393460515469099
NAGA MANI MIZO TRIPURA,1991,2851.9,0.6541666666666667,Excess,El_Nino,0.6788392566025432,21,1,1467.2,2311.6545454545458,23.37050990632446,-0.11393460515469099
NAGA MANI MIZO TRIPURA,1992,2221.4,0.6091666666666666,Normal,El_Nino,0.6612324747310074,21,2,1503.6,2311.6545454545458,-3.9043266924123703,-0.11393460515469099
NAGA MANI MIZO TRIPURA,1993,2881.7,0.3566666666666667,Excess,Neutral,0.5624388653407238,21,1,1802.3,2311.6545454545458,24.65962985976197,-0.11393460515469099
NAGA MANI MIZO TRIPURA,1994,1712.5,0.3658333333333333,Deficit,Neutral,0.566025432018259,21,0,1059.2,2311.6545454545458,-25.918861736182674,-0.11393460515469099
NAGA MANI MIZO TRIPURA,1995,2340.2,-0.21583333333333332,Normal,Neutral,0.33844147375285294,21,2,1637.9,2311.6545454545458,1.2348494978016318,-0.11393460515469099
NAGA MANI MIZO TRIPURA,1996,2194.5,-0.4058333333333333,Normal,Neutral,0.26410172807303556,21,2,1413.9,2311.6545454545458,-5.067995375213359,-0.11393460515469099
NAGA MANI MIZO TRIPURA,1997,2212.0,1.1416666666666666,Normal,El_Nino,0.86957939354418,21,2,1567.9,2311.6545454545458,-4.310961845510116,-0.11393460515469099
NAGA MANI MIZO TRIPURA,1998,2225.4,0.041666666666666664,Normal,Neutral,0.43919139223997394,21,2,1367.9,2311.6545454545458,-3.731290457051629,-0.11393460515469099
NAGA MANI MIZO TRIPURA,1999,2233.0,-1.0808333333333333,Normal,La_Nina,0.0,21,2,1510.9,2311.6545454545458,-3.4025216098662248,-0.11393460515469099
NAGA MANI MIZO TRIPURA,2000,2363.9,-0.7658333333333333,Normal,La_Nina,0.12324747310074996,21,2,1357.9,2311.6545454545458,2.260089192314035,-0.11393460515469099
NAGA MANI MIZO TRIPURA,2001,2149.0,-0.2941666666666667,Normal,Neutral,0.30779263123573525,21,2,1332.6,2311.6545454545458,-7.03628255244179,-0.11393460515469099
NAGA MANI MIZO TRIPURA,2002,2242.3,0.5141666666666667,Normal,El_Nino,0.6240626018910989,21,2,1397.8,2311.6545454545458,-3.0002123626524932,-0.11393460515469099
NAGA MANI MIZO TRIPURA,2003,2162.2,0.235,Normal,Neutral,0.5148353439843495,21,2,1423.4,2311.6545454545458,-6.465262975751351,-0.11393460515469099
NAGA MANI MIZO TRIPURA,2004,2353.7,0.3925,Normal,Neutral,0.5764590805347245,21,2,1643.2,2311.6545454545458,1.8188467921441334,-0.11393460515469099
NAGA MANI MIZO TRIPURA,2005,1836.7,0.029166666666666684,Deficit,Neutral,0.4343006194978807,21,0,1141.1,2311.6545454545458,-20.54608662823166,-0.11393460515469099
NAGA MANI MIZO TRIPURA,2006,1872.0,0.04,Deficit,Neutral,0.4385392892076948,21,0,1253.2,2311.6545454545458,-19.019041851173117,-0.11393460515469099
NAGA MANI MIZO TRIPURA,2007,2538.2,-0.6133333333333333,Normal,La_Nina,0.18291490055428758,21,2,1676.6,2311.6545454545458,9.800143148158321,-0.11393460515469099
NAGA MANI MIZO TRIPURA,2008,1748.9,-0.8083333333333335,Deficit,La_Nina,0.10661884577763281,21,0,1243.0,2311.6545454545458,-24.344231994399927,-0.11393460515469099
NAGA MANI MIZO TRIPURA,2009,1737.7,0.2591666666666667,Deficit,Neutral,0.5242908379523965,21,0,1219.9,2311.6545454545458,-24.828733453410003,-0.11393460515469099
NAGA MANI MIZO TRIPURA,2010,2295.2,-0.4266666666666667,Normal,Neutral,0.25595044016954677,21,2,1482.0,2311.6545454545458,-0.7118081500067068,-0.11393460515469099
NAGA MANI MIZO TRIPURA,2011,1892.1,-0.7691666666666667,Deficit,La_Nina,0.12194326703619174,21,0,1313.4,2311.6545454545458,-18.1495347684854,-0.11393460515469099
NAGA MANI MIZO TRIPURA,2012,1922.9,-0.06583333333333333,Deficit,Neutral,0.397130746657972,21,0,1267.6,2311.6545454545458,-16.817155756207683,-0.11393460515469099
NAGA MANI MIZO TRIPURA,2013,1557.2,-0.25916666666666666,Deficit,Neutral,0.32148679491359633,21,0,995.2,2311.6545454545458,-32.63699357406345,-0.11393460515469099
NAGA MANI MIZO TRIPURA,2014,1599.9,0.22833333333333336,Deficit,Neutral,0.5122269318552332,21,0,1237.2,2311.6545454545458,-30.789831761587532,-0.11393460515469099
NAGA MANI MIZO TRIPURA,2015,1922.4,1.4749999999999999,Deficit,El_Nino,1.0,21,0,1287.7,2311.6545454545458,-16.838785285627775,-0.11393460515469099
SUB HIMALAYAN WEST BENGAL & SIKKIM,1950,2762.5,-0.8783333333333334,Normal,La_Nina,0.07923051842191065,28,2,2324.5,2761.4060606060602,0.03961530357833975,-0.30885468933572535
SUB HIMALAYAN WEST BENGAL & SIKKIM,1951,2683.1,0.43333333333333335,Normal,Neutral,0.5924356048255625,28,2,2154.5,2761.4060606060602,-2.835731467500078,-0.30885468933572535
SUB HIMALAYAN WEST BENGAL & SIKKIM,1952,3270.7,0.013333333333333334,Excess,Neutral,0.4281056406912292,28,1,2404.3,2761.4060606060602,18.443283175896347,-0.30885468933572535
SUB HIMALAYAN WEST BENGAL & SIKKIM,1953,2594.0,0.5883333333333334,Normal,El_Nino,0.6530811868275188,28,2,2039.1,2761.4060606060602,-6.062348561997389,-0.30885468933572535
SUB HIMALAYAN WEST BENGAL & SIKKIM,1954,3055.6,-0.33749999999999997,Excess,Neutral,0.2908379523964787,28,1,2549.9,2761.4060606060602,10.653773220493743,-0.30885468933572535
SUB HIMALAYAN WEST BENGAL & SIKKIM,1955,2992.9,-0.9391666666666666,Normal,La_Nina,0.05542875774372352,28,2,2596.9,2761.4060606060602,8.383190820662307,-0.30885468933572535
SUB HIMALAYAN WEST BENGAL & SIKKIM,1956,2885.5,-0.5558333333333333,Normal,La_Nina,0.20541245516791654,28,2,1991.4,2761.4060606060602,4.493867858271602,-0.30885468933572535
SUB HIMALAYAN WEST BENGAL & SIKKIM,1957,2225.5,0.7808333333333333,Deficit,El_Nino,0.7283990870557548,28,0,1824.6,2761.4060606060602,-19.40699950837517,-0.30885468933572535
SUB HIMALAYAN WEST BENGAL & SIKKIM,1958,2820.3,0.7166666666666667,Normal,El_Nino,0.7032931203130095,28,2,2239.4,2761.4060606060602,2.1327518699301393,-0.30885468933572535
SUB HIMALAYAN WEST BENGAL & SIKKIM,1959,2580.1,0.1991666666666667,Normal,Neutral,0.5008151287903488,28,2,1734.2,2761.4060606060602,-6.5657153141131355,-0.30885468933572535
SUB HIMALAYAN WEST BENGAL & SIKKIM,1960,2610.5,0.050833333333333335,Normal,Neutral,0.442777958917509,28,2,2182.0,2761.4060606060602,-5.46482687783122,-0.30885468933572535
SUB HIMALAYAN WEST BENGAL & SIKKIM,1961,2304.2,-0.02416666666666667,Deficit,Neutral,0.41343332246494946,28,0,1780.8,2761.4060606060602,-16.55700214207957,-0.30885468933572535
SUB HIMALAYAN WEST BENGAL & SIKKIM,1962,2521.7,-0.17333333333333334,Normal,Neutral,0.35507010107597003,28,2,1996.4,2761.4060606060602,-8.680579941707336,-0.30885468933572535
SUB HIMALAYAN WEST BENGAL & SIKKIM,1963,2604.7,0.5499999999999999,Normal,El_Nino,0.6380828170850994,28,2,1965.1,2761.4060606060602,-5.6748648031744855,-0.30885468933572535
SUB HIMALAYAN WEST BENGAL & SIKKIM,1964,2981.4,-0.3758333333333333,Normal,Neutral,0.2758395826540594,28,2,2504.7,2761.4060606060602,7.966736313516189,-0.30885468933572535
SUB HIMALAYAN WEST BENGAL & SIKKIM,1965,2762.7,0.805,Normal,El_Nino,0.7378545810238017,28,2,2318.2,2761.4060606060602,0.046857990659135214,-0.30885468933572535
SUB HIMALAYAN WEST BENGAL & SIKKIM,1966,2515.3,0.28250000000000003,Normal,Neutral,0.5334202804043039,28,2,2069.1,2761.4060606060602,-8.91234592829299,-0.30885468933572535
SUB HIMALAYAN WEST BENGAL & SIKKIM,1967,2860.5,-0.31416666666666665,Normal,Neutral,0.2999673948483861,28,2,2312.6,2761.4060606060602,3.5885319731713454,-0.30885468933572535
SUB HIMALAYAN WEST BENGAL & SIKKIM,1968,3378.8,0.07166666666666667,Excess,Neutral,0.4509292468209977,28,1,2583.3,2761.4060606060602,22.357955543069867,-0.30885468933572535
SUB HIMALAYAN WEST BENGAL & SIKKIM,1969,2424.9,0.6783333333333333,Deficit,El_Nino,0.6882947505705902,28,0,1934.6,2761.4060606060602,-12.186040488815522,-0.30885468933572535
SUB HIMALAYAN WEST BENGAL & SIKKIM,1970,2702.3,-0.2925,Normal,Neutral,0.30844473426801433,28,2,2273.9,2761.4060606060602,-2.140433507743071,-0.30885468933572535
SUB HIMALAYAN WEST BENGAL & SIKKIM,1971,3226.8,-0.8608333333333333,Excess,La_Nina,0.08607760026084121,28,1,2274.4,2761.4060606060602,16.853513361660312,-0.30885468933572535
SUB HIMALAYAN WEST BENGAL & SIKKIM,1972,2414.6,0.8066666666666666,Deficit,El_Nino,0.7385066840560809,28,0,1789.7,2761.4060606060602,-12.559038873476833,-0.30885468933572535
SUB HIMALAYAN WEST BENGAL & SIKKIM,1973,2804.6,-0.5808333333333334,Normal,La_Nina,0.19563090968372998,28,2,2005.1,2761.4060606060602,1.5642009340871683,-0.30885468933572535
SUB HIMALAYAN WEST BENGAL & SIKKIM,1974,3341.6,-0.8875000000000001,Excess,La_Nina,0.0756439517443756,28,1,2489.4,2761.4060606060602,21.010815746040677,-0.30885468933572535
SUB HIMALAYAN WEST BENGAL & SIKKIM,1975,2663.6,-0.9966666666666667,Normal,La_Nina,0.03293120313009451,28,2,2080.8,2761.4060606060602,-3.5418934578782784,-0.30885468933572535
SUB HIMALAYAN WEST BENGAL & SIKKIM,1976,2793.9,-0.021666666666666678,Normal,Neutral,0.4144114770133681,28,2,2140.8,2761.4060606060602,1.1767171752642651,-0.30885468933572535
SUB HIMALAYAN WEST BENGAL & SIKKIM,1977,2906.5,0.5175,Normal,El_Nino,0.625366807955657,28,2,1912.7,2761.4060606060602,5.254350001755817,-0.30885468933572535
SUB HIMALAYAN WEST BENGAL & SIKKIM,1978,2377.8,-0.04916666666666667,Deficit,Neutral,0.40365177698076293,28,0,1711.1,2761.4060606060602,-13.891693296344402,-0.30885468933572535
SUB HIMALAYAN WEST BENGAL & SIKKIM,1979,2511.7,0.30833333333333335,Normal,Neutral,0.5435278774046299,28,2,1862.9,2761.4060606060602,-9.04271429574744,-0.30885468933572535
SUB HIMALAYAN WEST BENGAL & SIKKIM,1980,3148.6,0.21166666666666667,Excess,Neutral,0.5057059015324421,28,1,2430.4,2761.4060606060602,14.021622713066698,-0.30885468933572535
SUB HIMALAYAN WEST BENGAL & SIKKIM,1981,2969.3,-0.25,Normal,Neutral,0.3250733615911314,28,2,2295.9,2761.4060606060602,7.5285537451276685,-0.30885468933572535
SUB HIMALAYAN WEST BENGAL & SIKKIM,1982,2337.7,0.9125,Deficit,El_Nino,0.7799152266058037,28,0,1895.7,2761.4060606060602,-15.343852056045224,-0.30885468933572535
SUB HIMALAYAN WEST BENGAL & SIKKIM,1983,2838.8,0.45999999999999996,Normal,Neutral,0.602869253342028,28,2,2147.6,2761.4060606060602,2.8027004249043292,-0.30885468933572535
SUB HIMALAYAN WEST BENGAL & SIKKIM,1984,2748.4,-0.5516666666666666,Normal,La_Nina,0.2070427127486143,28,2,1982.1,2761.4060606060602,-0.4709941356182016,-0.30885468933572535
SUB HIMALAYAN WEST BENGAL & SIKKIM,1985,3037.9,-0.5775,Excess,La_Nina,0.19693511574828823,28,1,2277.3,2761.4060606060602,10.012795413842767,-0.30885468933572535
SUB HIMALAYAN WEST BENGAL & SIKKIM,1986,2365.4,0.26666666666666666,Deficit,Neutral,0.5272253015976525,28,0,1838.9,2761.4060606060602,-14.340739895354131,-0.30885468933572535
SUB HIMALAYAN WEST BENGAL & SIKKIM,1987,3185.5,1.1824999999999999,Excess,El_Nino,0.8855559178350179,28,1,2609.8,2761.4060606060602,15.35789847947468,-0.30885468933572535
SUB HIMALAYAN WEST BENGAL & SIKKIM,1988,3141.4,-0.89,Excess,La_Nina,0.07466579719595695,28,1,2573.6,2761.4060606060602,13.76088597815783,-0.30885468933572535
SUB HIMALAYAN WEST BENGAL & SIKKIM,1989,2854.6,-0.62,Normal,La_Nina,0.18030648842517116,28,2,2182.5,2761.4060606060602,3.3748727042876814,-0.30885468933572535
SUB HIMALAYAN WEST BENGAL & SIKKIM,1990,3565.3,0.2708333333333333,Excess,Neutral,0.5288555591783501,28,1,2726.0,2761.4060606060602,29.111761245917783,-0.30885468933572535
SUB HIMALAYAN WEST BENGAL & SIKKIM,1991,3072.4,0.6541666666666667,Excess,El_Nino,0.6788392566025432,28,1,2474.4,2761.4060606060602,11.262158935281121,-0.30885468933572535
SUB HIMALAYAN WEST BENGAL & SIKKIM,1992,2358.8,0.6091666666666666,Deficit,El_Nino,0.6612324747310074,28,0,1798.8,2761.4060606060602,-14.579748569020595,-0.30885468933572535
SUB HIMALAYAN WEST BENGAL & SIKKIM,1993,2895.9,0.3566666666666667,Normal,Neutral,0.5624388653407238,28,2,2047.3,2761.4060606060602,4.8704875864733115,-0.30885468933572535
SUB HIMALAYAN WEST BENGAL & SIKKIM,1994,2127.3,0.3658333333333333,Deficit,Neutral,0.566025432018259,28,0,1443.6,2761.4060606060602,-22.963158865048968,-0.30885468933572535
SUB HIMALAYAN WEST BENGAL & SIKKIM,1995,3557.8,-0.21583333333333332,Excess,Neutral,0.33844147375285294,28,1,2812.0,2761.4060606060602,28.840160480387706,-0.30885468933572535
SUB HIMALAYAN WEST BENGAL & SIKKIM,1996,2800.3,-0.4058333333333333,Normal,Neutral,0.26410172807303556,28,2,2081.3,2761.4060606060602,1.408483161849934,-0.30885468933572535
SUB HIMALAYAN WEST BENGAL & SIKKIM,1997,2551.4,1.1416666666666666,Normal,El_Nino,0.86957939354418,28,2,2024.2,2761.4060606060602,-7.605040910208223,-0.30885468933572535
SUB HIMALAYAN WEST BENGAL & SIKKIM,1998,3655.1,0.041666666666666664,Excess,Neutral,0.43919139223997394,28,1,2846.8,2761.4060606060602,32.3637277451979,-0.30885468933572535
SUB HIMALAYAN WEST BENGAL & SIKKIM,1999,3323.3,-1.0808333333333333,Excess,La_Nina,0.0,28,1,2537.9,2761.4060606060602,20.348109878147298,-0.30885468933572535
SUB HIMALAYAN WEST BENGAL & SIKKIM,2000,2908.0,-0.7658333333333333,Normal,La_Nina,0.12324747310074996,28,2,2187.8,2761.4060606060602,5.308670154861832,-0.30885468933572535
SUB HIMALAYAN WEST BENGAL & SIKKIM,2001,2612.6,-0.2941666666666667,Normal,Neutral,0.30779263123573525,28,2,1730.5,2761.4060606060602,-5.388778663482801,-0.30885468933572535
SUB HIMALAYAN WEST BENGAL & SIKKIM,2002,2547.0,0.5141666666666667,Normal,El_Nino,0.6240626018910989,28,2,1897.2,2761.4060606060602,-7.764380025985871,-0.30885468933572535
SUB HIMALAYAN WEST BENGAL & SIKKIM,2003,2723.3,0.235,Normal,Neutral,0.5148353439843495,28,2,1895.1,2761.4060606060602,-1.379951364258856,-0.30885468933572535
SUB HIMALAYAN WEST BENGAL & SIKKIM,2004,2714.7,0.3925,Normal,Neutral,0.5764590805347245,28,2,1980.1,2761.4060606060602,-1.6913869087333573,-0.30885468933572535
SUB HIMALAYAN WEST BENGAL & SIKKIM,2005,2807.7,0.029166666666666684,Normal,Neutral,0.4343006194978807,28,2,1945.1,2761.4060606060602,1.676462583839597,-0.30885468933572535
SUB HIMALAYAN WEST BENGAL & SIKKIM,2006,2262.1,0.04,Deficit,Neutral,0.4385392892076948,28,0,1668.2,2761.4060606060602,-18.0815877725884,-0.30885468933572535
SUB HIMALAYAN WEST BENGAL & SIKKIM,2007,2638.9,-0.6133333333333333,Normal,La_Nina,0.18291490055428758,28,2,2042.5,2761.4060606060602,-4.436365312357325,-0.30885468933572535
SUB HIMALAYAN WEST BENGAL & SIKKIM,2008,2689.9,-0.8083333333333335,Normal,La_Nina,0.10661884577763281,28,2,2117.3,2761.4060606060602,-2.5894801067528017,-0.30885468933572535
SUB HIMALAYAN WEST BENGAL & SIKKIM,2009,2324.6,0.2591666666666667,Deficit,Neutral,0.5242908379523965,28,0,1549.6,2761.4060606060602,-15.818248059837755,-0.30885468933572535
SUB HIMALAYAN WEST BENGAL & SIKKIM,2010,2612.3,-0.4266666666666667,Normal,Neutral,0.25595044016954677,28,2,1920.8,2761.4060606060602,-5.399642694103995,-0.30885468933572535
SUB HIMALAYAN WEST BENGAL & SIKKIM,2011,2418.7,-0.7691666666666667,Deficit,La_Nina,0.12194326703619174,28,0,1858.6,2761.4060606060602,-12.410563788320394,-0.30885468933572535
SUB HIMALAYAN WEST BENGAL & SIKKIM,2012,2632.2,-0.06583333333333333,Normal,Neutral,0.397130746657972,28,2,2056.0,2761.4060606060602,-4.678995329564203,-0.30885468933572535
SUB HIMALAYAN WEST BENGAL & SIKKIM,2013,2406.1,-0.25916666666666666,Deficit,Neutral,0.32148679491359633,28,0,1717.6,2761.4060606060602,-12.866853074410919,-0.30885468933572535
SUB HIMALAYAN WEST BENGAL & SIKKIM,2014,2322.6,0.22833333333333336,Deficit,Neutral,0.5122269318552332,28,0,1862.6,2761.4060606060602,-15.890674930645776,-0.30885468933572535
SUB HIMALAYAN WEST BENGAL & SIKKIM,2015,2518.6,1.4749999999999999,Normal,El_Nino,1.0,28,2,1883.0,2761.4060606060602,-8.792841591459766,-0.30885468933572535
GANGETIC WEST BENGAL,1950,1615.6,-0.8783333333333334,Normal,La_Nina,0.07923051842191065,10,2,1259.5,1516.8227272727272,6.512117134800315,-0.2686355078620369
GANGETIC WEST BENGAL,1951,1214.0,0.43333333333333335,Deficit,Neutral,0.5924356048255625,10,0,894.5,1516.8227272727272,-19.964279399821994,-0.2686355078620369
GANGETIC WEST BENGAL,1952,1395.7,0.013333333333333334,Normal,Neutral,0.4281056406912292,10,2,1032.2,1516.8227272727272,-7.985292222678379,-0.2686355078620369
GANGETIC WEST BENGAL,1953,1505.8,0.5883333333333334,Normal,El_Nino,0.6530811868275188,10,2,1291.0,1516.8227272727272,-0.7266984516078752,-0.2686355078620369
GANGETIC WEST BENGAL,1954,1080.0,-0.33749999999999997,Deficit,Neutral,0.2908379523964787,10,0,875.0,1516.8227272727272,-28.79853521565713,-0.2686355078620369
GANGETIC WEST BENGAL,1955,1268.2,-0.9391666666666666,Deficit,La_Nina,0.05542875774372352,10,0,953.4,1516.8227272727272,-16.3910207041633,-0.2686355078620369
GANGETIC WEST BENGAL,1956,1714.2,-0.5558333333333333,Excess,La_Nina,0.20541245516791654,10,1,1283.7,1516.8227272727272,13.012547160481997,-0.2686355078620369
GANGETIC WEST BENGAL,1957,1130.5,0.7808333333333333,Deficit,El_Nino,0.7283990870557548,10,0,984.4,1516.8227272727272,-25.46920746416702,-0.2686355078620369
GANGETIC WEST BENGAL,1958,1151.1,0.7166666666666667,Deficit,El_Nino,0.7032931203130095,10,0,885.1,1516.8227272727272,-24.111105450687894,-0.2686355078620369
GANGETIC WEST BENGAL,1959,1812.9,0.1991666666666667,Excess,Neutral,0.5008151287903488,10,1,1297.7,1516.8227272727272,19.519569914384448,-0.2686355078620369
GANGETIC WEST BENGAL,1960,1245.5,0.050833333333333335,Deficit,Neutral,0.442777958917509,10,0,1017.7,1516.8227272727272,-17.887570010278658,-0.2686355078620369
GANGETIC WEST BENGAL,1961,1290.4,-0.02416666666666667,Deficit,Neutral,0.41343332246494946,10,0,990.1,1516.8227272727272,-14.927435039151806,-0.2686355078620369
GANGETIC WEST BENGAL,1962,1173.6,-0.17333333333333334,Deficit,Neutral,0.35507010107597003,10,0,869.7,1516.8227272727272,-22.627741601014083,-0.2686355078620369
GANGETIC WEST BENGAL,1963,1289.5,0.5499999999999999,Deficit,El_Nino,0.6380828170850994,10,0,974.4,1516.8227272727272,-14.986769593138764,-0.2686355078620369
GANGETIC WEST BENGAL,1964,1278.5,-0.3758333333333333,Deficit,Neutral,0.2758395826540594,10,0,971.6,1516.8227272727272,-15.711969697423738,-0.2686355078620369
GANGETIC WEST BENGAL,1965,1263.7,0.805,Deficit,El_Nino,0.7378545810238017,10,0,1024.5,1516.8227272727272,-16.687693474098065,-0.2686355078620369
GANGETIC WEST BENGAL,1966,1118.7,0.28250000000000003,Deficit,Neutral,0.5334202804043039,10,0,888.5,1516.8227272727272,-26.247149394218173,-0.2686355078620369
GANGETIC WEST BENGAL,1967,1348.4,-0.31416666666666665,Deficit,Neutral,0.2999673948483861,10,0,1074.4,1516.8227272727272,-11.103652671103763,-0.2686355078620369
GANGETIC WEST BENGAL,1968,1597.7,0.07166666666666667,Normal,Neutral,0.4509292468209977,10,2,1374.3,1516.8227272727272,5.332018783282048,-0.2686355078620369
GANGETIC WEST BENGAL,1969,1404.0,0.6783333333333333,Normal,El_Nino,0.6882947505705902,10,2,1134.9,1516.8227272727272,-7.438095780354264,-0.2686355078620369
GANGETIC WEST BENGAL,1970,1648.5,-0.2925,Normal,Neutral,0.30844473426801433,10,2,1300.7,1516.8227272727272,8.681124719434468,-0.2686355078620369
GANGETIC WEST BENGAL,1971,2099.8,-0.8608333333333333,Excess,La_Nina,0.08607760026084121,10,1,1559.0,1516.8227272727272,38.43410717978072,-0.2686355078620369
GANGETIC WEST BENGAL,1972,1333.2,0.8066666666666666,Deficit,El_Nino,0.7385066840560809,10,0,1179.9,1516.8227272727272,-12.105747360661184,-0.2686355078620369
GANGETIC WEST BENGAL,1973,1735.2,-0.5808333333333334,Excess,La_Nina,0.19563090968372998,10,1,1245.7,1516.8227272727272,14.39702008684422,-0.2686355078620369
GANGETIC WEST BENGAL,1974,1470.7,-0.8875000000000001,Normal,La_Nina,0.0756439517443756,10,2,1114.6,1516.8227272727272,-3.0407460570990126,-0.2686355078620369
GANGETIC WEST BENGAL,1975,1466.2,-0.9966666666666667,Normal,La_Nina,0.03293120313009451,10,2,1138.9,1516.8227272727272,-3.3374188270337743,-0.2686355078620369
GANGETIC WEST BENGAL,1976,1240.6,-0.021666666666666678,Deficit,Neutral,0.4144114770133681,10,0,922.6,1516.8227272727272,-18.210613693096516,-0.2686355078620369
GANGETIC WEST BENGAL,1977,1840.6,0.5175,Excess,El_Nino,0.625366807955657,10,1,1361.0,1516.8227272727272,21.345755631538413,-0.2686355078620369
GANGETIC WEST BENGAL,1978,1872.5,-0.04916666666666667,Excess,Neutral,0.40365177698076293,10,1,1467.9,1516.8227272727272,23.448835933964844,-0.2686355078620369
GANGETIC WEST BENGAL,1979,1157.9,0.30833333333333335,Deficit,Neutral,0.5435278774046299,10,0,975.9,1516.8227272727272,-23.66279993167535,-0.2686355078620369
GANGETIC WEST BENGAL,1980,1521.0,0.21166666666666667,Normal,Neutral,0.5057059015324421,10,2,1131.2,1516.8227272727272,0.27539623794954604,-0.2686355078620369
GANGETIC WEST BENGAL,1981,1909.0,-0.25,Excess,Neutral,0.3250733615911314,10,1,1316.7,1516.8227272727272,25.8551817345468,-0.2686355078620369
GANGETIC WEST BENGAL,1982,1111.0,0.9125,Deficit,El_Nino,0.7799152266058037,10,0,830.4,1516.8227272727272,-26.754789467217655,-0.2686355078620369
GANGETIC WEST BENGAL,1983,1463.6,0.45999999999999996,Normal,Neutral,0.602869253342028,10,2,1009.4,1516.8227272727272,-3.5088297607738683,-0.2686355078620369
GANGETIC WEST BENGAL,1984,1831.7,-0.5516666666666666,Excess,La_Nina,0.2070427127486143,10,1,1568.4,1516.8227272727272,20.75900281988967,-0.2686355078620369
GANGETIC WEST BENGAL,1985,1413.4,-0.5775,Normal,La_Nina,0.19693511574828823,10,2,1109.1,1516.8227272727272,-6.818379327601646,-0.2686355078620369
GANGETIC WEST BENGAL,1986,1791.0,0.26666666666666666,Excess,Neutral,0.5272253015976525,10,1,1244.8,1516.8227272727272,18.075762434035266,-0.2686355078620369
GANGETIC WEST BENGAL,1987,1591.5,1.1824999999999999,Normal,El_Nino,0.8855559178350179,10,2,1309.9,1516.8227272727272,4.92326963359415,-0.2686355078620369
GANGETIC WEST BENGAL,1988,1681.5,-0.89,Excess,La_Nina,0.07466579719595695,10,1,1308.4,1516.8227272727272,10.85672503228939,-0.2686355078620369
GANGETIC WEST BENGAL,1989,1626.3,-0.62,Normal,La_Nina,0.18030648842517116,10,2,1308.3,1516.8227272727272,7.217539054422974,-0.2686355078620369
GANGETIC WEST BENGAL,1990,1961.3,0.2708333333333333,Excess,Neutral,0.5288555591783501,10,1,1325.4,1516.8227272727272,29.30317859401081,-0.2686355078620369
GANGETIC WEST BENGAL,1991,1609.1,0.6541666666666667,Normal,El_Nino,0.6788392566025432,10,2,1219.0,1516.8227272727272,6.083589800450103,-0.2686355078620369
GANGETIC WEST BENGAL,1992,1414.6,0.6091666666666666,Normal,El_Nino,0.6612324747310074,10,2,1128.3,1516.8227272727272,-6.739266588952388,-0.2686355078620369
GANGETIC WEST BENGAL,1993,1759.7,0.3566666666666667,Excess,Neutral,0.5624388653407238,10,1,1387.6,1516.8227272727272,16.012238500933478,-0.2686355078620369
GANGETIC WEST BENGAL,1994,1530.8,0.3658333333333333,Normal,Neutral,0.566025432018259,10,2,1196.8,1516.8227272727272,0.921483603585247,-0.2686355078620369
GANGETIC WEST BENGAL,1995,1936.0,-0.21583333333333332,Excess,Neutral,0.33844147375285294,10,1,1411.0,1516.8227272727272,27.635218354155374,-0.2686355078620369
GANGETIC WEST BENGAL,1996,1504.0,-0.4058333333333333,Normal,Neutral,0.26410172807303556,10,2,1202.7,1516.8227272727272,-0.8453675595817769,-0.2686355078620369
GANGETIC WEST BENGAL,1997,1657.7,1.1416666666666666,Normal,El_Nino,0.86957939354418,10,2,1288.1,1516.8227272727272,9.28765571574554,-0.2686355078620369
GANGETIC WEST BENGAL,1998,1632.7,0.041666666666666664,Normal,Neutral,0.43919139223997394,10,2,1011.5,1516.8227272727272,7.639473660552418,-0.2686355078620369
GANGETIC WEST BENGAL,1999,1957.0,-1.0808333333333333,Excess,La_Nina,0.0,10,1,1517.2,1516.8227272727272,29.019691280517595,-0.2686355078620369
GANGETIC WEST BENGAL,2000,1572.1,-0.7658333333333333,Normal,La_Nina,0.12324747310074996,10,2,1153.9,1516.8227272727272,3.644280358764281,-0.2686355078620369
GANGETIC WEST BENGAL,2001,1540.6,-0.2941666666666667,Normal,Neutral,0.30779263123573525,10,2,1108.0,1516.8227272727272,1.5675709692209476,-0.2686355078620369
GANGETIC WEST BENGAL,2002,1613.3,0.5141666666666667,Normal,El_Nino,0.6240626018910989,10,2,1244.9,1516.8227272727272,6.3604843857225495,-0.2686355078620369
GANGETIC WEST BENGAL,2003,1496.7,0.235,Normal,Neutral,0.5148353439843495,10,2,928.2,1516.8227272727272,-1.3266367196981657,-0.2686355078620369
GANGETIC WEST BENGAL,2004,1569.4,0.3925,Normal,Neutral,0.5764590805347245,10,2,1192.3,1516.8227272727272,3.4662766968034364,-0.2686355078620369
GANGETIC WEST BENGAL,2005,1604.9,0.029166666666666684,Normal,Neutral,0.4343006194978807,10,2,1002.6,1516.8227272727272,5.806695215177669,-0.2686355078620369
GANGETIC WEST BENGAL,2006,1660.5,0.04,Normal,Neutral,0.4385392892076948,10,2,1408.8,1516.8227272727272,9.472252105927167,-0.2686355078620369
GANGETIC WEST BENGAL,2007,1941.4,-0.6133333333333333,Excess,La_Nina,0.18291490055428758,10,1,1624.2,1516.8227272727272,27.991225678077093,-0.2686355078620369
GANGETIC WEST BENGAL,2008,1555.2,-0.8083333333333335,Normal,La_Nina,0.10661884577763281,10,2,1272.3,1516.8227272727272,2.53010928945374,-0.2686355078620369
GANGETIC WEST BENGAL,2009,1315.0,0.2591666666666667,Deficit,Neutral,0.5242908379523965,10,0,974.6,1516.8227272727272,-13.305623896841778,-0.2686355078620369
GANGETIC WEST BENGAL,2010,1064.8,-0.4266666666666667,Deficit,Neutral,0.25595044016954677,10,0,770.7,1516.8227272727272,-29.80062990521455,-0.2686355078620369
GANGETIC WEST BENGAL,2011,1686.5,-0.7691666666666667,Excess,La_Nina,0.12194326703619174,10,1,1393.6,1516.8227272727272,11.186361443328014,-0.2686355078620369
GANGETIC WEST BENGAL,2012,1268.0,-0.06583333333333333,Deficit,Neutral,0.397130746657972,10,0,969.9,1516.8227272727272,-16.404206160604847,-0.2686355078620369
GANGETIC WEST BENGAL,2013,1764.1,-0.25916666666666666,Excess,Neutral,0.32148679491359633,10,1,1152.0,1516.8227272727272,16.30231854264746,-0.2686355078620369
GANGETIC WEST BENGAL,2014,1261.4,0.22833333333333336,Deficit,Neutral,0.5122269318552332,10,0,1014.4,1516.8227272727272,-16.839326223175828,-0.2686355078620369
GANGETIC WEST BENGAL,2015,1530.3,1.4749999999999999,Normal,El_Nino,1.0,10,2,1304.9,1516.8227272727272,0.8885199624813844,-0.2686355078620369
ORISSA,1950,1392.8,-0.8783333333333334,Normal,La_Nina,0.07923051842191065,23,2,1051.6,1427.6469696969696,-2.4408674158686567,-0.11878553846290138
ORISSA,1951,1396.2,0.43333333333333335,Normal,Neutral,0.5924356048255625,23,2,1026.6,1427.6469696969696,-2.2027133012893523,-0.11878553846290138
ORISSA,1952,1516.7,0.013333333333333334,Normal,Neutral,0.4281056406912292,23,2,1203.4,1427.6469696969696,6.237748700712246,-0.11878553846290138
ORISSA,1953,1437.7,0.5883333333333334,Normal,El_Nino,0.6530811868275188,23,2,1245.3,1427.6469696969696,0.7041678031344349,-0.11878553846290138
ORISSA,1954,1208.0,-0.33749999999999997,Deficit,Neutral,0.2908379523964787,23,0,990.8,1427.6469696969696,-15.385243996531687,-0.11878553846290138
ORISSA,1955,1597.0,-0.9391666666666666,Excess,La_Nina,0.05542875774372352,23,1,1167.0,1427.6469696969696,11.86238852445273,-0.11878553846290138
ORISSA,1956,1885.4,-0.5558333333333333,Excess,La_Nina,0.20541245516791654,23,1,1499.5,1427.6469696969696,32.06346106700262,-0.11878553846290138
ORISSA,1957,1277.5,0.7808333333333333,Deficit,El_Nino,0.7283990870557548,23,0,1112.7,1427.6469696969696,-10.51709371321956,-0.11878553846290138
ORISSA,1958,1624.0,0.7166666666666667,Excess,El_Nino,0.7032931203130095,23,1,1212.6,1427.6469696969696,13.753612375523627,-0.11878553846290138
ORISSA,1959,1495.9,0.1991666666666667,Normal,Neutral,0.5008151287903488,23,2,1218.2,1427.6469696969696,4.780805882109485,-0.11878553846290138
ORISSA,1960,1593.0,0.050833333333333335,Excess,Neutral,0.442777958917509,23,1,1331.8,1427.6469696969696,11.582207213182965,-0.11878553846290138
ORISSA,1961,1945.3,-0.02416666666666667,Excess,Neutral,0.41343332246494946,23,1,1542.1,1427.6469696969696,36.25917620326731,-0.11878553846290138
ORISSA,1962,1346.5,-0.17333333333333334,Normal,Neutral,0.35507010107597003,23,2,1072.2,1427.6469696969696,-5.6839660938161565,-0.11878553846290138
ORISSA,1963,1562.0,0.5499999999999999,Normal,El_Nino,0.6380828170850994,23,2,1198.1,1427.6469696969696,9.410802050842305,-0.11878553846290138
ORISSA,1964,1354.7,-0.3758333333333333,Normal,Neutral,0.2758395826540594,23,2,1138.3,1427.6469696969696,-5.109594405713139,-0.11878553846290138
ORISSA,1965,1174.7,0.805,Deficit,El_Nino,0.7378545810238017,23,0,926.2,1427.6469696969696,-17.717753412852456,-0.11878553846290138
ORISSA,1966,1286.8,0.28250000000000003,Normal,Neutral,0.5334202804043039,23,2,1013.4,1427.6469696969696,-9.865672164517367,-0.11878553846290138
ORISSA,1967,1427.5,-0.31416666666666665,Normal,Neutral,0.2999673948483861,23,2,1171.0,1427.6469696969696,-0.010294540603462975,-0.11878553846290138
ORISSA,1968,1464.1,0.07166666666666667,Normal,Neutral,0.4509292468209977,23,2,1070.3,1427.6469696969696,2.5533644575148586,-0.11878553846290138
ORISSA,1969,1283.2,0.6783333333333333,Deficit,El_Nino,0.6882947505705902,23,0,1082.3,1427.6469696969696,-10.117835344660147,-0.11878553846290138
ORISSA,1970,1412.3,-0.2925,Normal,Neutral,0.30844473426801433,23,2,1170.5,1427.6469696969696,-1.0749835234285643,-0.11878553846290138
ORISSA,1971,1596.8,-0.8608333333333333,Excess,La_Nina,0.08607760026084121,23,1,1164.2,1427.6469696969696,11.848379458889237,-0.11878553846290138
ORISSA,1972,1324.9,0.8066666666666666,Normal,El_Nino,0.7385066840560809,23,2,1133.8,1427.6469696969696,-7.1969451746728685,-0.11878553846290138
ORISSA,1973,1573.5,-0.5808333333333334,Excess,La_Nina,0.19563090968372998,23,1,1185.4,1427.6469696969696,10.216323320742873,-0.11878553846290138
ORISSA,1974,987.0,-0.8875000000000001,Deficit,La_Nina,0.0756439517443756,23,0,790.4,1427.6469696969696,-30.86526144418607,-0.11878553846290138
ORISSA,1975,1392.0,-0.9966666666666667,Normal,La_Nina,0.03293120313009451,23,2,1161.4,1427.6469696969696,-2.496903678122606,-0.11878553846290138
ORISSA,1976,1178.8,-0.021666666666666678,Deficit,Neutral,0.4144114770133681,23,0,1002.5,1427.6469696969696,-17.43056756880096,-0.11878553846290138
ORISSA,1977,1477.9,0.5175,Normal,El_Nino,0.625366807955657,23,2,1129.1,1427.6469696969696,3.5199899813955526,-0.11878553846290138
ORISSA,1978,1439.0,-0.04916666666666667,Normal,Neutral,0.40365177698076293,23,2,1180.8,1427.6469696969696,0.7952267292971046,-0.11878553846290138
ORISSA,1979,995.9,0.30833333333333335,Deficit,Neutral,0.5435278774046299,23,0,862.2,1427.6469696969696,-30.241858026610853,-0.11878553846290138
ORISSA,1980,1462.9,0.21166666666666667,Normal,Neutral,0.5057059015324421,23,2,1223.3,1427.6469696969696,2.4693100641339427,-0.11878553846290138
ORISSA,1981,1295.7,-0.25,Normal,Neutral,0.3250733615911314,23,2,1032.7,1427.6469696969696,-9.242268746942138,-0.11878553846290138
ORISSA,1982,1258.5,0.9125,Deficit,El_Nino,0.7799152266058037,23,0,1010.7,1427.6469696969696,-11.847954941750933,-0.11878553846290138
ORISSA,1983,1432.0,0.45999999999999996,Normal,Neutral,0.602869253342028,23,2,1130.1,1427.6469696969696,0.30490943457501996,-0.11878553846290138
ORISSA,1984,1377.6,-0.5516666666666666,Normal,La_Nina,0.2070427127486143,23,2,1221.8,1427.6469696969696,-3.505556398693758,-0.11878553846290138
ORISSA,1985,1607.3,-0.5775,Excess,La_Nina,0.19693511574828823,23,1,1297.2,1427.6469696969696,12.583855400972363,-0.11878553846290138
ORISSA,1986,1560.0,0.26666666666666666,Normal,Neutral,0.5272253015976525,23,2,1125.2,1427.6469696969696,9.270711395207424,-0.11878553846290138
ORISSA,1987,1097.6,1.1824999999999999,Deficit,El_Nino,0.8855559178350179,23,0,791.6,1427.6469696969696,-23.11824818757714,-0.11878553846290138
ORISSA,1988,1306.9,-0.89,Normal,La_Nina,0.07466579719595695,23,2,1055.1,1427.6469696969696,-8.457761075386799,-0.11878553846290138
ORISSA,1989,1299.7,-0.62,Normal,La_Nina,0.18030648842517116,23,2,1170.2,1427.6469696969696,-8.962087435672375,-0.11878553846290138
ORISSA,1990,1905.0,0.2708333333333333,Excess,Neutral,0.5288555591783501,23,1,1152.3,1427.6469696969696,33.43634949222445,-0.11878553846290138
ORISSA,1991,1472.8,0.6541666666666667,Normal,El_Nino,0.6788392566025432,23,2,1228.6,1427.6469696969696,3.1627588095265953,-0.11878553846290138
ORISSA,1992,1329.5,0.6091666666666666,Normal,El_Nino,0.6612324747310074,23,2,1149.1,1427.6469696969696,-6.874736666712647,-0.11878553846290138
ORISSA,1993,1448.0,0.3566666666666667,Normal,Neutral,0.5624388653407238,23,2,1200.9,1427.6469696969696,1.4256346796540704,-0.11878553846290138
ORISSA,1994,1744.6,0.3658333333333333,Excess,Neutral,0.566025432018259,23,1,1529.9,1427.6469696969696,22.20107891030696,-0.11878553846290138
ORISSA,1995,1614.0,-0.21583333333333332,Excess,Neutral,0.33844147375285294,23,1,954.3,1427.6469696969696,13.053159097349221,-0.11878553846290138
ORISSA,1996,1061.8,-0.4058333333333333,Deficit,Neutral,0.26410172807303556,23,0,909.3,1427.6469696969696,-25.625870923441514,-0.11878553846290138
ORISSA,1997,1504.5,1.1416666666666666,Normal,El_Nino,0.86957939354418,23,2,1215.5,1427.6469696969696,5.383195701339467,-0.11878553846290138
ORISSA,1998,1357.1,0.041666666666666664,Normal,Neutral,0.43919139223997394,23,2,934.8,1427.6469696969696,-4.941485618951291,-0.11878553846290138
ORISSA,1999,1484.3,-1.0808333333333333,Normal,La_Nina,0.0,23,2,1085.3,1427.6469696969696,3.968280079427163,-0.11878553846290138
ORISSA,2000,1097.2,-0.7658333333333333,Deficit,La_Nina,0.12324747310074996,23,0,937.6,1427.6469696969696,-23.146266318704107,-0.11878553846290138
ORISSA,2001,1672.5,-0.2941666666666667,Excess,Neutral,0.30779263123573525,23,1,1433.2,1427.6469696969696,17.150810774669498,-0.11878553846290138
ORISSA,2002,1102.8,0.5141666666666667,Deficit,El_Nino,0.6240626018910989,23,0,930.2,1427.6469696969696,-22.75401248292645,-0.11878553846290138
ORISSA,2003,1648.2,0.235,Excess,Neutral,0.5148353439843495,23,1,1235.7,1427.6469696969696,15.448709308705693,-0.11878553846290138
ORISSA,2004,1290.4,0.3925,Normal,Neutral,0.5764590805347245,23,2,1038.9,1427.6469696969696,-9.61350898437457,-0.11878553846290138
ORISSA,2005,1503.4,0.029166666666666684,Normal,Neutral,0.4343006194978807,23,2,1153.5,1427.6469696969696,5.30614584074029,-0.11878553846290138
ORISSA,2006,1716.9,0.04,Excess,Neutral,0.4385392892076948,23,1,1508.8,1427.6469696969696,20.26082332976387,-0.11878553846290138
ORISSA,2007,1633.8,-0.6133333333333333,Excess,La_Nina,0.18291490055428758,23,1,1428.4,1427.6469696969696,14.440056588134542,-0.11878553846290138
ORISSA,2008,1538.9,-0.8083333333333335,Normal,La_Nina,0.10661884577763281,23,2,1393.2,1427.6469696969696,7.792754978259432,-0.11878553846290138
ORISSA,2009,1330.3,0.2591666666666667,Normal,Neutral,0.5242908379523965,23,2,1122.7,1427.6469696969696,-6.818700404458698,-0.11878553846290138
ORISSA,2010,1291.9,-0.4266666666666667,Normal,Neutral,0.25595044016954677,23,2,969.9,1427.6469696969696,-9.50844099264841,-0.11878553846290138
ORISSA,2011,1346.2,-0.7691666666666667,Normal,La_Nina,0.12194326703619174,23,2,1167.0,1427.6469696969696,-5.704979692161386,-0.11878553846290138
ORISSA,2012,1405.9,-0.06583333333333333,Normal,Neutral,0.397130746657972,23,2,1153.3,1427.6469696969696,-1.5232736214601748,-0.11878553846290138
ORISSA,2013,1632.4,-0.25916666666666666,Excess,Neutral,0.32148679491359633,23,1,1115.6,1427.6469696969696,14.341993129190133,-0.11878553846290138
ORISSA,2014,1536.9,0.22833333333333336,Normal,Neutral,0.5122269318552332,23,2,1255.7,1427.6469696969696,7.652664322624552,-0.11878553846290138
ORISSA,2015,1210.1,1.4749999999999999,Deficit,El_Nino,1.0,23,0,1034.5,1427.6469696969696,-15.238148808115067,-0.11878553846290138
JHARKHAND,1950,1393.0,-0.8783333333333334,Excess,La_Nina,0.07923051842191065,15,1,1270.7,1257.1499999999999,10.806188601201141,-0.1982389608217137
JHARKHAND,1951,1071.7,0.43333333333333335,Deficit,Neutral,0.5924356048255625,15,0,889.7,1257.1499999999999,-14.75162072942766,-0.1982389608217137
JHARKHAND,1952,1387.4,0.013333333333333334,Excess,Neutral,0.4281056406912292,15,1,1162.0,1257.1499999999999,10.360736586723958,-0.1982389608217137
JHARKHAND,1953,1509.4,0.5883333333333334,Excess,El_Nino,0.6530811868275188,15,1,1383.7,1257.1499999999999,20.065226902119896,-0.1982389608217137
JHARKHAND,1954,1059.5,-0.33749999999999997,Deficit,Neutral,0.2908379523964787,15,0,958.3,1257.1499999999999,-15.722069760967258,-0.1982389608217137
JHARKHAND,1955,1080.8,-0.9391666666666666,Deficit,La_Nina,0.05542875774372352,15,0,880.7,1257.1499999999999,-14.027761205902234,-0.1982389608217137
JHARKHAND,1956,1555.7,-0.5558333333333333,Excess,La_Nina,0.20541245516791654,15,1,1218.4,1257.1499999999999,23.748160521815233,-0.1982389608217137
JHARKHAND,1957,1377.5,0.7808333333333333,Normal,El_Nino,0.7283990870557548,15,2,1238.6,1257.1499999999999,9.573241061130346,-0.1982389608217137
JHARKHAND,1958,1180.5,0.7166666666666667,Normal,El_Nino,0.7032931203130095,15,2,960.3,1257.1499999999999,-6.097124448156534,-0.1982389608217137
JHARKHAND,1959,1599.9,0.1991666666666667,Excess,Neutral,0.5008151287903488,15,1,1190.9,1257.1499999999999,27.264049636081634,-0.1982389608217137
JHARKHAND,1960,1248.8,0.050833333333333335,Normal,Neutral,0.442777958917509,15,2,1133.0,1257.1499999999999,-0.6642007715865179,-0.1982389608217137
JHARKHAND,1961,1560.5,-0.02416666666666667,Excess,Neutral,0.41343332246494946,15,1,1270.2,1257.1499999999999,24.12997653422425,-0.1982389608217137
JHARKHAND,1962,1047.7,-0.17333333333333334,Deficit,Neutral,0.35507010107597003,15,0,897.9,1257.1499999999999,-16.660700791472763,-0.1982389608217137
JHARKHAND,1963,1315.0,0.5499999999999999,Normal,El_Nino,0.6380828170850994,15,2,963.4,1257.1499999999999,4.60167839955456,-0.1982389608217137
JHARKHAND,1964,1150.3,-0.3758333333333333,Normal,Neutral,0.2758395826540594,15,2,983.2,1257.1499999999999,-8.499383526229959,-0.1982389608217137
JHARKHAND,1965,1012.4,0.805,Deficit,El_Nino,0.7378545810238017,15,0,889.7,1257.1499999999999,-19.468639382730775,-0.1982389608217137
JHARKHAND,1966,879.8,0.28250000000000003,Deficit,Neutral,0.5334202804043039,15,0,758.7,1257.1499999999999,-30.01630672552996,-0.1982389608217137
JHARKHAND,1967,1225.3,-0.31416666666666665,Normal,Neutral,0.2999673948483861,15,2,1074.6,1257.1499999999999,-2.533508332339014,-0.1982389608217137
JHARKHAND,1968,1293.4,0.07166666666666667,Normal,Neutral,0.4509292468209977,15,2,1141.8,1257.1499999999999,2.8835063437139747,-0.1982389608217137
JHARKHAND,1969,1158.1,0.6783333333333333,Normal,El_Nino,0.6882947505705902,15,2,976.0,1257.1499999999999,-7.878932506065303,-0.1982389608217137
JHARKHAND,1970,1291.5,-0.2925,Normal,Neutral,0.30844473426801433,15,2,1116.0,1257.1499999999999,2.7323708388020633,-0.1982389608217137
JHARKHAND,1971,1898.6,-0.8608333333333333,Excess,La_Nina,0.08607760026084121,15,1,1539.0,1257.1499999999999,51.024141908284626,-0.1982389608217137
JHARKHAND,1972,996.1,0.8066666666666666,Deficit,El_Nino,0.7385066840560809,15,0,852.1,1257.1499999999999,-20.765222924869732,-0.1982389608217137
JHARKHAND,1973,1441.0,-0.5808333333333334,Excess,La_Nina,0.19563090968372998,15,1,1068.5,1257.1499999999999,14.624348725291348,-0.1982389608217137
JHARKHAND,1974,1127.0,-0.8875000000000001,Deficit,La_Nina,0.0756439517443756,15,0,966.6,1257.1499999999999,-10.352782086465409,-0.1982389608217137
JHARKHAND,1975,1361.3,-0.9966666666666667,Normal,La_Nina,0.03293120313009451,15,2,1162.1,1257.1499999999999,8.284612019249899,-0.1982389608217137
JHARKHAND,1976,1191.8,-0.021666666666666678,Normal,Neutral,0.4144114770133681,15,2,1062.0,1257.1499999999999,-5.198265918943636,-0.1982389608217137
JHARKHAND,1977,1521.5,0.5175,Excess,El_Nino,0.625366807955657,15,1,1240.7,1257.1499999999999,21.02772143340096,-0.1982389608217137
JHARKHAND,1978,1556.1,-0.04916666666666667,Excess,Neutral,0.40365177698076293,15,1,1254.0,1257.1499999999999,23.77997852284931,-0.1982389608217137
JHARKHAND,1979,882.8,0.30833333333333335,Deficit,Neutral,0.5435278774046299,15,0,724.3,1257.1499999999999,-29.77767171777433,-0.1982389608217137
JHARKHAND,1980,1340.6,0.21166666666666667,Normal,Neutral,0.5057059015324421,15,2,1137.8,1257.1499999999999,6.638030465735994,-0.1982389608217137
JHARKHAND,1981,1167.2,-0.25,Normal,Neutral,0.3250733615911314,15,2,914.5,1257.1499999999999,-7.155072982539858,-0.1982389608217137
JHARKHAND,1982,1085.3,0.9125,Deficit,El_Nino,0.7799152266058037,15,0,841.5,1257.1499999999999,-13.669808694268776,-0.1982389608217137
JHARKHAND,1983,1261.7,0.45999999999999996,Normal,Neutral,0.602869253342028,15,2,961.2,1257.1499999999999,0.3619297617627318,-0.1982389608217137
JHARKHAND,1984,1529.9,-0.5516666666666666,Excess,La_Nina,0.2070427127486143,15,1,1373.2,1257.1499999999999,21.695899455116752,-0.1982389608217137
JHARKHAND,1985,1240.3,-0.5775,Normal,La_Nina,0.19693511574828823,15,2,998.3,1257.1499999999999,-1.340333293560825,-0.1982389608217137
JHARKHAND,1986,1335.6,0.26666666666666666,Normal,Neutral,0.5272253015976525,15,2,1006.6,1257.1499999999999,6.240305452809931,-0.1982389608217137
JHARKHAND,1987,1332.7,1.1824999999999999,Normal,El_Nino,0.8855559178350179,15,2,1174.1,1257.1499999999999,6.009624945312826,-0.1982389608217137
JHARKHAND,1988,1153.7,-0.89,Normal,La_Nina,0.07466579719595695,15,2,981.1,1257.1499999999999,-8.228930517440228,-0.1982389608217137
JHARKHAND,1989,1149.0,-0.62,Normal,La_Nina,0.18030648842517116,15,2,1009.5,1257.1499999999999,-8.60279202959073,-0.1982389608217137
JHARKHAND,1990,1404.2,0.2708333333333333,Excess,Neutral,0.5288555591783501,15,1,1084.8,1257.1499999999999,11.697092630155526,-0.1982389608217137
JHARKHAND,1991,1250.9,0.6541666666666667,Normal,El_Nino,0.6788392566025432,15,2,1082.2,1257.1499999999999,-0.49715626615756064,-0.1982389608217137
JHARKHAND,1992,933.0,0.6091666666666666,Deficit,El_Nino,0.6612324747310074,15,0,839.2,1257.1499999999999,-25.784512587996648,-0.1982389608217137
JHARKHAND,1993,1204.0,0.3566666666666667,Normal,Neutral,0.5624388653407238,15,2,1035.9,1257.1499999999999,-4.227816887404039,-0.1982389608217137
JHARKHAND,1994,1579.4,0.3658333333333333,Excess,Neutral,0.566025432018259,15,1,1366.3,1257.1499999999999,25.633377083084774,-0.1982389608217137
JHARKHAND,1995,1366.5,-0.21583333333333332,Normal,Neutral,0.33844147375285294,15,2,1143.9,1257.1499999999999,8.698246032693008,-0.1982389608217137
JHARKHAND,1996,1191.7,-0.4058333333333333,Normal,Neutral,0.26410172807303556,15,2,1094.8,1257.1499999999999,-5.2062204192021495,-0.1982389608217137
JHARKHAND,1997,1461.3,1.1416666666666666,Excess,El_Nino,0.86957939354418,15,1,1262.1,1257.1499999999999,16.23911227777116,-0.1982389608217137
JHARKHAND,1998,1353.8,0.041666666666666664,Normal,Neutral,0.43919139223997394,15,2,964.1,1257.1499999999999,7.688024499860805,-0.1982389608217137
JHARKHAND,1999,1586.9,-1.0808333333333333,Excess,La_Nina,0.0,15,1,1345.1,1257.1499999999999,26.22996460247387,-0.1982389608217137
JHARKHAND,2000,1191.5,-0.7658333333333333,Normal,La_Nina,0.12324747310074996,15,2,1053.4,1257.1499999999999,-5.222129419719196,-0.1982389608217137
JHARKHAND,2001,1254.4,-0.2941666666666667,Normal,Neutral,0.30779263123573525,15,2,1031.5,1257.1499999999999,-0.21874875710931654,-0.1982389608217137
JHARKHAND,2002,1034.9,0.5141666666666667,Deficit,El_Nino,0.6240626018910989,15,0,902.5,1257.1499999999999,-17.67887682456348,-0.1982389608217137
JHARKHAND,2003,1245.0,0.235,Normal,Neutral,0.5148353439843495,15,2,869.0,1257.1499999999999,-0.9664717814103222,-0.1982389608217137
JHARKHAND,2004,1136.6,0.3925,Normal,Neutral,0.5764590805347245,15,2,923.5,1257.1499999999999,-9.589150061647373,-0.1982389608217137
JHARKHAND,2005,960.4,0.029166666666666684,Deficit,Neutral,0.4343006194978807,15,0,779.5,1257.1499999999999,-23.60497951716183,-0.1982389608217137
JHARKHAND,2006,1459.5,0.04,Excess,Neutral,0.4385392892076948,15,1,1281.4,1257.1499999999999,16.095931273117777,-0.1982389608217137
JHARKHAND,2007,1437.3,-0.6133333333333333,Excess,La_Nina,0.18291490055428758,15,1,1234.1,1257.1499999999999,14.330032215726055,-0.1982389608217137
JHARKHAND,2008,1325.3,-0.8083333333333335,Normal,La_Nina,0.10661884577763281,15,2,1207.7,1257.1499999999999,5.4209919261822455,-0.1982389608217137
JHARKHAND,2009,996.1,0.2591666666666667,Deficit,Neutral,0.5242908379523965,15,0,826.1,1257.1499999999999,-20.765222924869732,-0.1982389608217137
JHARKHAND,2010,697.1,-0.4266666666666667,Deficit,Neutral,0.25595044016954677,15,0,578.4,1257.1499999999999,-44.549178697848305,-0.1982389608217137
JHARKHAND,2011,1374.7,-0.7691666666666667,Normal,La_Nina,0.12194326703619174,15,2,1258.7,1257.1499999999999,9.350515053891755,-0.1982389608217137
JHARKHAND,2012,1065.0,-0.06583333333333333,Deficit,Neutral,0.397130746657972,15,0,908.3,1257.1499999999999,-15.28457224674859,-0.1982389608217137
JHARKHAND,2013,1253.6,-0.25916666666666666,Normal,Neutral,0.32148679491359633,15,2,844.5,1257.1499999999999,-0.2823847591775011,-0.1982389608217137
JHARKHAND,2014,1156.6,0.22833333333333336,Normal,Neutral,0.5122269318552332,15,2,930.1,1257.1499999999999,-7.998250009943122,-0.1982389608217137
JHARKHAND,2015,1081.8,1.4749999999999999,Deficit,El_Nino,1.0,15,0,938.8,1257.1499999999999,-13.94821620331702,-0.1982389608217137
BIHAR,1950,1124.6,-0.8783333333333334,Normal,La_Nina,0.07923051842191065,3,2,1030.1,1158.019696969697,-2.8859351060391827,-0.26965110858806857
BIHAR,1951,850.2,0.43333333333333335,Deficit,Neutral,0.5924356048255625,3,0,771.1,1158.019696969697,-26.581559689804823,-0.26965110858806857
BIHAR,1952,1206.8,0.013333333333333334,Normal,Neutral,0.4281056406912292,3,2,1074.5,1158.019696969697,4.212389751050969,-0.26965110858806857
BIHAR,1953,1378.7,0.5883333333333334,Excess,El_Nino,0.6530811868275188,3,1,1262.0,1158.019696969697,19.056696842703,-0.26965110858806857
BIHAR,1954,1050.5,-0.33749999999999997,Normal,Neutral,0.2908379523964787,3,2,970.7,1158.019696969697,-9.284789995459855,-0.26965110858806857
BIHAR,1955,1244.2,-0.9391666666666666,Normal,La_Nina,0.05542875774372352,3,2,1139.0,1158.019696969697,7.442041206709998,-0.26965110858806857
BIHAR,1956,1493.4,-0.5558333333333333,Excess,La_Nina,0.20541245516791654,3,1,1166.2,1158.019696969697,28.961537002170644,-0.26965110858806857
BIHAR,1957,966.9,0.7808333333333333,Deficit,El_Nino,0.7283990870557548,3,0,861.2,1158.019696969697,-16.504010896344727,-0.26965110858806857
BIHAR,1958,1167.4,0.7166666666666667,Normal,El_Nino,0.7032931203130095,3,2,1018.8,1158.019696969697,0.8100296613994988,-0.26965110858806857
BIHAR,1959,1179.6,0.1991666666666667,Normal,Neutral,0.5008151287903488,3,2,799.3,1158.019696969697,1.8635523287534952,-0.26965110858806857
BIHAR,1960,1247.9,0.050833333333333335,Normal,Neutral,0.442777958917509,3,2,1108.7,1158.019696969697,7.761552179596054,-0.26965110858806857
BIHAR,1961,1258.1,-0.02416666666666667,Normal,Neutral,0.41343332246494946,3,2,926.3,1158.019696969697,8.64236621295759,-0.26965110858806857
BIHAR,1962,1178.1,-0.17333333333333334,Normal,Neutral,0.35507010107597003,3,2,1012.4,1158.019696969697,1.7340208532591495,-0.26965110858806857
BIHAR,1963,1326.1,0.5499999999999999,Excess,El_Nino,0.6380828170850994,3,1,1058.6,1158.019696969697,14.514459768701265,-0.26965110858806857
BIHAR,1964,1122.5,-0.3758333333333333,Normal,Neutral,0.2758395826540594,3,2,965.1,1158.019696969697,-3.0672791717312586,-0.26965110858806857
BIHAR,1965,1002.7,0.805,Deficit,El_Nino,0.7378545810238017,3,0,944.3,1158.019696969697,-13.41252634787967,-0.26965110858806857
BIHAR,1966,767.0,0.28250000000000003,Deficit,Neutral,0.5334202804043039,3,0,661.5,1158.019696969697,-33.7662388638912,-0.26965110858806857
BIHAR,1967,999.9,-0.31416666666666665,Deficit,Neutral,0.2999673948483861,3,0,894.8,1158.019696969697,-13.65431843546912,-0.26965110858806857
BIHAR,1968,1140.1,0.07166666666666667,Normal,Neutral,0.4509292468209977,3,2,963.7,1158.019696969697,-1.5474431925976095,-0.26965110858806857
BIHAR,1969,1288.6,0.6783333333333333,Excess,El_Nino,0.6882947505705902,3,1,1140.1,1158.019696969697,11.276172881342621,-0.26965110858806857
BIHAR,1970,1074.7,-0.2925,Normal,Neutral,0.30844473426801433,3,2,944.0,1158.019696969697,-7.195015524151073,-0.26965110858806857
BIHAR,1971,1432.6,-0.8608333333333333,Excess,La_Nina,0.08607760026084121,3,1,1082.2,1158.019696969697,23.711194528799812,-0.26965110858806857
BIHAR,1972,717.9,0.8066666666666666,Deficit,El_Nino,0.7385066840560809,3,0,584.7,1158.019696969697,-38.00623582840612,-0.26965110858806857
BIHAR,1973,1189.0,-0.5808333333333334,Normal,La_Nina,0.19563090968372998,3,2,916.3,1158.019696969697,2.67528290851807,-0.26965110858806857
BIHAR,1974,1235.2,-0.8875000000000001,Normal,La_Nina,0.0756439517443756,3,2,1127.7,1158.019696969697,6.664852353743924,-0.26965110858806857
BIHAR,1975,1069.1,-0.9966666666666667,Normal,La_Nina,0.03293120313009451,3,2,946.7,1158.019696969697,-7.678599699329975,-0.26965110858806857
BIHAR,1976,1161.7,-0.021666666666666678,Normal,Neutral,0.4144114770133681,3,2,1033.4,1158.019696969697,0.31781005452098104,-0.26965110858806857
BIHAR,1977,1147.5,0.5175,Normal,El_Nino,0.625366807955657,3,2,865.0,1158.019696969697,-0.9084212468254961,-0.26965110858806857
BIHAR,1978,1290.8,-0.04916666666666667,Excess,Neutral,0.40365177698076293,3,1,1005.2,1158.019696969697,11.466152378734332,-0.26965110858806857
BIHAR,1979,1001.9,0.30833333333333335,Deficit,Neutral,0.5435278774046299,3,0,805.2,1158.019696969697,-13.48160980147666,-0.26965110858806857
BIHAR,1980,1252.2,0.21166666666666667,Normal,Neutral,0.5057059015324421,3,2,1115.9,1158.019696969697,8.132875742679841,-0.26965110858806857
BIHAR,1981,1364.7,-0.25,Excess,Neutral,0.3250733615911314,3,1,1168.1,1158.019696969697,17.847736404755775,-0.26965110858806857
BIHAR,1982,933.5,0.9125,Deficit,El_Nino,0.7799152266058037,3,0,784.6,1158.019696969697,-19.388245084018823,-0.26965110858806857
BIHAR,1983,1104.2,0.45999999999999996,Normal,Neutral,0.602869253342028,3,2,871.3,1158.019696969697,-4.647563172762273,-0.26965110858806857
BIHAR,1984,1426.2,-0.5516666666666666,Excess,La_Nina,0.2070427127486143,3,1,1265.8,1158.019696969697,23.158526900023947,-0.26965110858806857
BIHAR,1985,1455.0,-0.5775,Excess,La_Nina,0.19693511574828823,3,1,1171.7,1158.019696969697,25.645531229515385,-0.26965110858806857
BIHAR,1986,1322.1,0.26666666666666666,Excess,Neutral,0.5272253015976525,3,1,1048.6,1158.019696969697,14.169042500716342,-0.26965110858806857
BIHAR,1987,1660.4,1.1824999999999999,Excess,El_Nino,0.8855559178350179,3,1,1515.1,1158.019696969697,43.38270794054114,-0.26965110858806857
BIHAR,1988,1337.4,-0.89,Excess,La_Nina,0.07466579719595695,3,1,1151.6,1158.019696969697,15.490263550758684,-0.26965110858806857
BIHAR,1989,1269.9,-0.62,Normal,La_Nina,0.18030648842517116,3,2,1101.7,1158.019696969697,9.661347153513125,-0.26965110858806857
BIHAR,1990,1239.4,0.2708333333333333,Normal,Neutral,0.5288555591783501,3,2,1047.8,1158.019696969697,7.027540485128095,-0.26965110858806857
BIHAR,1991,1045.7,0.6541666666666667,Normal,El_Nino,0.6788392566025432,3,2,950.5,1158.019696969697,-9.699290717041757,-0.26965110858806857
BIHAR,1992,797.6,0.6091666666666666,Deficit,El_Nino,0.6612324747310074,3,0,673.8,1158.019696969697,-31.12379676380655,-0.26965110858806857
BIHAR,1993,1208.3,0.3566666666666667,Normal,Neutral,0.5624388653407238,3,2,1041.2,1158.019696969697,4.341921226545314,-0.26965110858806857
BIHAR,1994,969.4,0.3658333333333333,Deficit,Neutral,0.566025432018259,3,0,832.8,1158.019696969697,-16.28812510385415,-0.26965110858806857
BIHAR,1995,1111.9,-0.21583333333333332,Normal,Neutral,0.33844147375285294,3,2,1005.1,1158.019696969697,-3.9826349318912944,-0.26965110858806857
BIHAR,1996,1107.2,-0.4058333333333333,Normal,Neutral,0.26410172807303556,3,2,972.0,1158.019696969697,-4.388500221773581,-0.26965110858806857
BIHAR,1997,1303.7,1.1416666666666666,Excess,El_Nino,0.86957939354418,3,1,1148.3,1158.019696969697,12.580123067985713,-0.26965110858806857
BIHAR,1998,1332.5,0.041666666666666664,Excess,Neutral,0.43919139223997394,3,1,1127.0,1158.019696969697,15.067127397477147,-0.26965110858806857
BIHAR,1999,1402.7,-1.0808333333333333,Excess,La_Nina,0.0,3,1,1192.9,1158.019696969697,21.129200450612533,-0.26965110858806857
BIHAR,2000,1207.0,-0.7658333333333333,Normal,La_Nina,0.12324747310074996,3,2,1047.7,1158.019696969697,4.229660614450219,-0.26965110858806857
BIHAR,2001,1247.0,-0.2941666666666667,Normal,Neutral,0.30779263123573525,3,2,949.8,1158.019696969697,7.683833294299439,-0.26965110858806857
BIHAR,2002,1105.8,0.5141666666666667,Normal,El_Nino,0.6240626018910989,3,2,943.2,1158.019696969697,-4.509396265568312,-0.26965110858806857
BIHAR,2003,1353.9,0.235,Excess,Neutral,0.5148353439843495,3,1,1082.3,1158.019696969697,16.915109781196488,-0.26965110858806857
BIHAR,2004,1147.8,0.3925,Normal,Neutral,0.5764590805347245,3,2,956.4,1158.019696969697,-0.8825149517266309,-0.26965110858806857
BIHAR,2005,907.8,0.029166666666666684,Deficit,Neutral,0.4343006194978807,3,0,796.7,1158.019696969697,-21.607551030821952,-0.26965110858806857
BIHAR,2006,1052.8,0.04,Normal,Neutral,0.4385392892076948,3,2,936.3,1158.019696969697,-9.08617506636853,-0.26965110858806857
BIHAR,2007,1600.2,-0.6133333333333333,Excess,La_Nina,0.18291490055428758,3,1,1369.4,1158.019696969697,38.18417805736806,-0.26965110858806857
BIHAR,2008,1197.7,-0.8083333333333335,Normal,La_Nina,0.10661884577763281,3,2,1083.5,1158.019696969697,3.4265654663852794,-0.26965110858806857
BIHAR,2009,889.3,0.2591666666666667,Deficit,Neutral,0.5242908379523965,3,0,707.7,1158.019696969697,-23.205105895252213,-0.26965110858806857
BIHAR,2010,629.2,-0.4266666666666667,Deficit,Neutral,0.25595044016954677,3,0,536.2,1158.019696969697,-45.66586374597176,-0.26965110858806857
BIHAR,2011,1097.1,-0.7691666666666667,Normal,La_Nina,0.12194326703619174,3,2,964.8,1158.019696969697,-5.260678823435521,-0.26965110858806857
BIHAR,2012,1032.4,-0.06583333333333333,Deficit,Neutral,0.397130746657972,3,0,924.4,1158.019696969697,-10.847803133091618,-0.26965110858806857
BIHAR,2013,1069.9,-0.25916666666666666,Normal,Neutral,0.32148679491359633,3,2,722.2,1158.019696969697,-7.6095162457329755,-0.26965110858806857
BIHAR,2014,1061.0,0.22833333333333336,Normal,Neutral,0.5122269318552332,3,2,848.6,1158.019696969697,-8.378069666999435,-0.26965110858806857
BIHAR,2015,872.7,1.4749999999999999,Deficit,El_Nino,1.0,3,0,742.3,1158.019696969697,-24.638587557389634,-0.26965110858806857
EAST UTTAR PRADESH,1950,951.4,-0.8783333333333334,Normal,La_Nina,0.07923051842191065,9,2,856.0,941.3303030303031,1.0697304588284082,-0.36617710393970887
EAST UTTAR PRADESH,1951,752.5,0.43333333333333335,Deficit,Neutral,0.5924356048255625,9,0,669.3,941.3303030303031,-20.05994096040742,-0.36617710393970887
EAST UTTAR PRADESH,1952,935.9,0.013333333333333334,Normal,Neutral,0.4281056406912292,9,2,867.5,941.3303030303031,-0.5768754084323027,-0.36617710393970887
EAST UTTAR PRADESH,1953,1266.9,0.5883333333333334,Excess,El_Nino,0.6530811868275188,9,1,1203.3,941.3303030303031,34.586127305328695,-0.36617710393970887
EAST UTTAR PRADESH,1954,969.7,-0.33749999999999997,Normal,Neutral,0.2908379523964787,9,2,862.0,941.3303030303031,3.013787708562029,-0.36617710393970887
EAST UTTAR PRADESH,1955,1424.3,-0.9391666666666666,Excess,La_Nina,0.05542875774372352,9,1,1273.6,941.3303030303031,51.307144305769704,-0.36617710393970887
EAST UTTAR PRADESH,1956,1254.1,-0.5558333333333333,Excess,La_Nina,0.20541245516791654,9,1,959.0,941.3303030303031,33.226349556881125,-0.36617710393970887
EAST UTTAR PRADESH,1957,955.7,0.7808333333333333,Normal,El_Nino,0.7283990870557548,9,2,880.5,941.3303030303031,1.5265307961975159,-0.36617710393970887
EAST UTTAR PRADESH,1958,1016.9,0.7166666666666667,Normal,El_Nino,0.7032931203130095,9,2,872.8,941.3303030303031,8.02796815596238,-0.36617710393970887
EAST UTTAR PRADESH,1959,869.2,0.1991666666666667,Normal,Neutral,0.5008151287903488,9,2,639.0,941.3303030303031,-7.662592269483226,-0.36617710393970887
EAST UTTAR PRADESH,1960,1170.0,0.050833333333333335,Excess,Neutral,0.442777958917509,9,1,977.8,941.3303030303031,24.292184819034308,-0.36617710393970887
EAST UTTAR PRADESH,1961,1214.3,-0.02416666666666667,Excess,Neutral,0.41343332246494946,9,1,939.6,941.3303030303031,28.998290620302015,-0.36617710393970887
EAST UTTAR PRADESH,1962,1072.0,-0.17333333333333334,Excess,Neutral,0.35507010107597003,9,1,1001.4,941.3303030303031,13.881386432482717,-0.36617710393970887
EAST UTTAR PRADESH,1963,996.3,0.5499999999999999,Normal,El_Nino,0.6380828170850994,9,2,906.7,941.3303030303031,5.839575842054594,-0.36617710393970887
EAST UTTAR PRADESH,1964,1036.6,-0.3758333333333333,Excess,Neutral,0.2758395826540594,9,1,953.6,941.3303030303031,10.120751096932437,-0.36617710393970887
EAST UTTAR PRADESH,1965,685.5,0.805,Deficit,El_Nino,0.7378545810238017,9,0,601.1,941.3303030303031,-27.17752761243759,-0.36617710393970887
EAST UTTAR PRADESH,1966,707.8,0.28250000000000003,Deficit,Neutral,0.5334202804043039,9,0,632.5,941.3303030303031,-24.80853981631412,-0.36617710393970887
EAST UTTAR PRADESH,1967,1029.4,-0.31416666666666665,Normal,Neutral,0.2999673948483861,9,2,945.0,941.3303030303031,9.355876113430707,-0.36617710393970887
EAST UTTAR PRADESH,1968,840.0,0.07166666666666667,Deficit,Neutral,0.4509292468209977,9,0,761.8,941.3303030303031,-10.764585258129216,-0.36617710393970887
EAST UTTAR PRADESH,1969,1024.6,0.6783333333333333,Normal,El_Nino,0.6882947505705902,9,2,952.0,941.3303030303031,8.845959457762854,-0.36617710393970887
EAST UTTAR PRADESH,1970,1132.3,-0.2925,Excess,Neutral,0.30844473426801433,9,1,967.5,941.3303030303031,20.287214419309866,-0.36617710393970887
EAST UTTAR PRADESH,1971,1311.1,-0.8608333333333333,Excess,La_Nina,0.08607760026084121,9,1,1106.3,941.3303030303031,39.281609842936646,-0.36617710393970887
EAST UTTAR PRADESH,1972,666.9,0.8066666666666666,Deficit,El_Nino,0.7385066840560809,9,0,588.9,941.3303030303031,-29.153454653150447,-0.36617710393970887
EAST UTTAR PRADESH,1973,955.7,-0.5808333333333334,Normal,La_Nina,0.19563090968372998,9,2,797.0,941.3303030303031,1.5265307961975159,-0.36617710393970887
EAST UTTAR PRADESH,1974,882.2,-0.8875000000000001,Normal,La_Nina,0.0756439517443756,9,2,813.0,941.3303030303031,-6.281567993716178,-0.36617710393970887
EAST UTTAR PRADESH,1975,1225.5,-0.9966666666666667,Excess,La_Nina,0.03293120313009451,9,1,1142.2,941.3303030303031,30.188096150193626,-0.36617710393970887
EAST UTTAR PRADESH,1976,923.5,-0.021666666666666678,Normal,Neutral,0.4144114770133681,9,2,879.5,941.3303030303031,-1.8941601022408692,-0.36617710393970887
EAST UTTAR PRADESH,1977,914.1,0.5175,Normal,El_Nino,0.625366807955657,9,2,777.1,941.3303030303031,-2.89274688625704,-0.36617710393970887
EAST UTTAR PRADESH,1978,1116.3,-0.04916666666666667,Excess,Neutral,0.40365177698076293,9,1,995.9,941.3303030303031,18.58749223375042,-0.36617710393970887
EAST UTTAR PRADESH,1979,696.5,0.30833333333333335,Deficit,Neutral,0.5435278774046299,9,0,555.5,941.3303030303031,-26.008968609865473,-0.36617710393970887
EAST UTTAR PRADESH,1980,1488.5,0.21166666666666667,Excess,Neutral,0.5057059015324421,9,1,1426.0,941.3303030303031,58.12727957532699,-0.36617710393970887
EAST UTTAR PRADESH,1981,1110.1,-0.25,Excess,Neutral,0.3250733615911314,9,1,1025.7,941.3303030303031,17.92884988684613,-0.36617710393970887
EAST UTTAR PRADESH,1982,1110.6,0.9125,Excess,El_Nino,0.7799152266058037,9,1,933.8,941.3303030303031,17.981966205144865,-0.36617710393970887
EAST UTTAR PRADESH,1983,1204.8,0.45999999999999996,Excess,Neutral,0.602869253342028,9,1,981.9,941.3303030303031,27.98908057262609,-0.36617710393970887
EAST UTTAR PRADESH,1984,1076.7,-0.5516666666666666,Excess,La_Nina,0.2070427127486143,9,1,984.4,941.3303030303031,14.380679824490809,-0.36617710393970887
EAST UTTAR PRADESH,1985,1175.9,-0.5775,Excess,La_Nina,0.19693511574828823,9,1,970.5,941.3303030303031,24.918957374959362,-0.36617710393970887
EAST UTTAR PRADESH,1986,935.3,0.26666666666666666,Normal,Neutral,0.5272253015976525,9,2,784.4,941.3303030303031,-0.6406149903907843,-0.36617710393970887
EAST UTTAR PRADESH,1987,824.7,1.1824999999999999,Deficit,El_Nino,0.8855559178350179,9,0,693.7,941.3303030303031,-12.389944598070429,-0.36617710393970887
EAST UTTAR PRADESH,1988,1085.1,-0.89,Excess,La_Nina,0.07466579719595695,9,1,949.7,941.3303030303031,15.2730339719095,-0.36617710393970887
EAST UTTAR PRADESH,1989,969.9,-0.62,Normal,La_Nina,0.18030648842517116,9,2,911.3,941.3303030303031,3.0350342358815148,-0.36617710393970887
EAST UTTAR PRADESH,1990,1106.1,0.2708333333333333,Excess,Neutral,0.5288555591783501,9,1,990.6,941.3303030303031,17.50391934045627,-0.36617710393970887
EAST UTTAR PRADESH,1991,875.2,0.6541666666666667,Normal,El_Nino,0.6788392566025432,9,2,818.7,941.3303030303031,-7.025196449898434,-0.36617710393970887
EAST UTTAR PRADESH,1992,863.4,0.6091666666666666,Normal,El_Nino,0.6612324747310074,9,2,719.0,941.3303030303031,-8.278741561748532,-0.36617710393970887
EAST UTTAR PRADESH,1993,834.0,0.3566666666666667,Deficit,Neutral,0.5624388653407238,9,0,752.4,941.3303030303031,-11.401981077714005,-0.36617710393970887
EAST UTTAR PRADESH,1994,910.2,0.3658333333333333,Normal,Neutral,0.566025432018259,9,2,835.8,941.3303030303031,-3.3070541689871518,-0.36617710393970887
EAST UTTAR PRADESH,1995,860.5,-0.21583333333333332,Normal,Neutral,0.33844147375285294,9,2,784.5,941.3303030303031,-8.586816207881178,-0.36617710393970887
EAST UTTAR PRADESH,1996,1010.3,-0.4058333333333333,Normal,Neutral,0.26410172807303556,9,2,831.0,941.3303030303031,7.326832754419107,-0.36617710393970887
EAST UTTAR PRADESH,1997,493.3,1.1416666666666666,Deficit,El_Nino,0.86957939354418,9,0,434.3,941.3303030303031,-47.595440366470406,-0.36617710393970887
EAST UTTAR PRADESH,1998,661.0,0.041666666666666664,Deficit,Neutral,0.43919139223997394,9,0,584.4,941.3303030303031,-29.780227209075488,-0.36617710393970887
EAST UTTAR PRADESH,1999,952.8,-1.0808333333333333,Normal,La_Nina,0.0,9,2,839.4,941.3303030303031,1.2184561500648572,-0.36617710393970887
EAST UTTAR PRADESH,2000,946.8,-0.7658333333333333,Normal,La_Nina,0.12324747310074996,9,2,867.4,941.3303030303031,0.5810603304800658,-0.36617710393970887
EAST UTTAR PRADESH,2001,973.8,-0.2941666666666667,Normal,Neutral,0.30779263123573525,9,2,860.9,941.3303030303031,3.449341518611627,-0.36617710393970887
EAST UTTAR PRADESH,2002,689.1,0.5141666666666667,Deficit,El_Nino,0.6240626018910989,9,0,591.1,941.3303030303031,-26.795090120686716,-0.36617710393970887
EAST UTTAR PRADESH,2003,1096.4,0.235,Excess,Neutral,0.5148353439843495,9,1,1015.3,941.3303030303031,16.473462765460877,-0.36617710393970887
EAST UTTAR PRADESH,2004,746.9,0.3925,Deficit,Neutral,0.5764590805347245,9,0,654.6,941.3303030303031,-20.654843725353228,-0.36617710393970887
EAST UTTAR PRADESH,2005,770.3,0.029166666666666684,Deficit,Neutral,0.4343006194978807,9,0,694.8,941.3303030303031,-18.169000028972544,-0.36617710393970887
EAST UTTAR PRADESH,2006,632.1,0.04,Deficit,Neutral,0.4385392892076948,9,0,574.8,941.3303030303031,-32.85035040674223,-0.36617710393970887
EAST UTTAR PRADESH,2007,741.2,-0.6133333333333333,Deficit,La_Nina,0.18291490055428758,9,0,621.6,941.3303030303031,-21.260369753958773,-0.36617710393970887
EAST UTTAR PRADESH,2008,953.4,-0.8083333333333335,Normal,La_Nina,0.10661884577763281,9,2,917.6,941.3303030303031,1.2821957320233386,-0.36617710393970887
EAST UTTAR PRADESH,2009,610.2,0.2591666666666667,Deficit,Neutral,0.5242908379523965,9,0,496.0,941.3303030303031,-35.17684514822672,-0.36617710393970887
EAST UTTAR PRADESH,2010,692.2,-0.4266666666666667,Deficit,Neutral,0.25595044016954677,9,0,645.2,941.3303030303031,-26.46576894723457,-0.36617710393970887
EAST UTTAR PRADESH,2011,781.2,-0.7691666666666667,Deficit,La_Nina,0.12194326703619174,9,0,740.2,941.3303030303031,-17.011064290060165,-0.36617710393970887
EAST UTTAR PRADESH,2012,602.7,-0.06583333333333333,Deficit,Neutral,0.397130746657972,9,0,573.1,941.3303030303031,-35.9735899227077,-0.36617710393970887
EAST UTTAR PRADESH,2013,1041.4,-0.25916666666666666,Excess,Neutral,0.32148679491359633,9,1,864.0,941.3303030303031,10.63066775260029,-0.36617710393970887
EAST UTTAR PRADESH,2014,701.2,0.22833333333333336,Deficit,Neutral,0.5122269318552332,9,0,517.1,941.3303030303031,-25.50967521785738,-0.36617710393970887
EAST UTTAR PRADESH,2015,603.3,1.4749999999999999,Deficit,El_Nino,1.0,9,0,472.0,941.3303030303031,-35.90985034074924,-0.36617710393970887
WEST UTTAR PRADESH,1950,834.0,-0.8783333333333334,Normal,La_Nina,0.07923051842191065,35,2,763.3,819.8712121212121,1.7232935697587386,-0.22695849504503768
WEST UTTAR PRADESH,1951,728.9,0.43333333333333335,Deficit,Neutral,0.5924356048255625,35,0,626.0,819.8712121212121,-11.095792946046593,-0.22695849504503768
WEST UTTAR PRADESH,1952,875.3,0.013333333333333334,Normal,Neutral,0.4281056406912292,35,2,804.8,819.8712121212121,6.760670097853501,-0.22695849504503768
WEST UTTAR PRADESH,1953,761.8,0.5883333333333334,Normal,El_Nino,0.6530811868275188,35,2,709.4,819.8712121212121,-7.08296757620839,-0.22695849504503768
WEST UTTAR PRADESH,1954,879.3,-0.33749999999999997,Normal,Neutral,0.2908379523964787,35,2,665.0,819.8712121212121,7.248551601785197,-0.22695849504503768
WEST UTTAR PRADESH,1955,1060.9,-0.9391666666666666,Excess,La_Nina,0.05542875774372352,35,1,808.9,819.8712121212121,29.39837188028424,-0.22695849504503768
WEST UTTAR PRADESH,1956,1064.4,-0.5558333333333333,Excess,La_Nina,0.20541245516791654,35,1,788.5,819.8712121212121,29.825268196224474,-0.22695849504503768
WEST UTTAR PRADESH,1957,1005.2,0.7808333333333333,Excess,El_Nino,0.7283990870557548,35,1,874.6,819.8712121212121,22.604621938035358,-0.22695849504503768
WEST UTTAR PRADESH,1958,1165.3,0.7166666666666667,Excess,El_Nino,0.7032931203130095,35,1,1013.2,819.8712121212121,42.1320791329015,-0.22695849504503768
WEST UTTAR PRADESH,1959,768.3,0.1991666666666667,Normal,Neutral,0.5008151287903488,35,2,610.3,819.8712121212121,-6.290160132319383,-0.22695849504503768
WEST UTTAR PRADESH,1960,1129.8,0.050833333333333335,Excess,Neutral,0.442777958917509,35,1,886.4,819.8712121212121,37.8021307855077,-0.22695849504503768
WEST UTTAR PRADESH,1961,1198.3,-0.02416666666666667,Excess,Neutral,0.41343332246494946,35,1,956.9,819.8712121212121,46.157101540338,-0.22695849504503768
WEST UTTAR PRADESH,1962,798.2,-0.17333333333333334,Normal,Neutral,0.35507010107597003,35,2,719.7,819.8712121212121,-2.6432458904299407,-0.22695849504503768
WEST UTTAR PRADESH,1963,929.7,0.5499999999999999,Excess,El_Nino,0.6380828170850994,35,1,877.2,819.8712121212121,13.395858551324585,-0.22695849504503768
WEST UTTAR PRADESH,1964,1002.0,-0.3758333333333333,Excess,Neutral,0.2758395826540594,35,1,962.9,819.8712121212121,22.214316734889994,-0.22695849504503768
WEST UTTAR PRADESH,1965,673.5,0.805,Deficit,El_Nino,0.7378545810238017,35,0,586.9,819.8712121212121,-17.852951775500586,-0.22695849504503768
WEST UTTAR PRADESH,1966,756.0,0.28250000000000003,Normal,Neutral,0.5334202804043039,35,2,695.6,819.8712121212121,-7.790395756909345,-0.22695849504503768
WEST UTTAR PRADESH,1967,1157.2,-0.31416666666666665,Excess,Neutral,0.2999673948483861,35,1,1048.6,819.8712121212121,41.144119087439826,-0.22695849504503768
WEST UTTAR PRADESH,1968,693.3,0.07166666666666667,Deficit,Neutral,0.4509292468209977,35,0,635.5,819.8712121212121,-15.437938331038694,-0.22695849504503768
WEST UTTAR PRADESH,1969,878.1,0.6783333333333333,Normal,El_Nino,0.6882947505705902,35,2,822.2,819.8712121212121,7.102187150605696,-0.22695849504503768
WEST UTTAR PRADESH,1970,863.8,-0.2925,Normal,Neutral,0.30844473426801433,35,2,739.7,819.8712121212121,5.358010774049872,-0.22695849504503768
WEST UTTAR PRADESH,1971,1003.1,-0.8608333333333333,Excess,La_Nina,0.08607760026084121,35,1,830.0,819.8712121212121,22.348484148471215,-0.22695849504503768
WEST UTTAR PRADESH,1972,585.1,0.8066666666666666,Deficit,El_Nino,0.7385066840560809,35,0,528.3,819.8712121212121,-28.63513301239108,-0.22695849504503768
WEST UTTAR PRADESH,1973,805.9,-0.5808333333333334,Normal,La_Nina,0.19563090968372998,35,2,722.4,819.8712121212121,-1.704073995361433,-0.22695849504503768
WEST UTTAR PRADESH,1974,668.9,-0.8875000000000001,Deficit,La_Nina,0.0756439517443756,35,0,601.5,819.8712121212121,-18.414015505022043,-0.22695849504503768
WEST UTTAR PRADESH,1975,989.5,-0.9966666666666667,Excess,La_Nina,0.03293120313009451,35,1,935.3,819.8712121212121,20.689687035103443,-0.22695849504503768
WEST UTTAR PRADESH,1976,653.2,-0.021666666666666678,Deficit,Neutral,0.4144114770133681,35,0,620.0,819.8712121212121,-20.32895040795394,-0.22695849504503768
WEST UTTAR PRADESH,1977,994.3,0.5175,Excess,El_Nino,0.625366807955657,35,1,887.5,819.8712121212121,21.275144839821476,-0.22695849504503768
WEST UTTAR PRADESH,1978,1244.2,-0.04916666666666667,Excess,Neutral,0.40365177698076293,35,1,1127.9,819.8712121212121,51.75554179795423,-0.22695849504503768
WEST UTTAR PRADESH,1979,558.0,0.30833333333333335,Deficit,Neutral,0.5435278774046299,35,0,393.7,819.8712121212121,-31.94053020152833,-0.22695849504503768
WEST UTTAR PRADESH,1980,984.7,0.21166666666666667,Excess,Neutral,0.5057059015324421,35,1,917.9,819.8712121212121,20.10422923038541,-0.22695849504503768
WEST UTTAR PRADESH,1981,739.6,-0.25,Normal,Neutral,0.3250733615911314,35,2,650.0,819.8712121212121,-9.790709923029297,-0.22695849504503768
WEST UTTAR PRADESH,1982,969.1,0.9125,Excess,El_Nino,0.7799152266058037,35,1,769.4,819.8712121212121,18.201491365051794,-0.22695849504503768
WEST UTTAR PRADESH,1983,1191.7,0.45999999999999996,Excess,Neutral,0.602869253342028,35,1,994.4,819.8712121212121,45.35209705885071,-0.22695849504503768
WEST UTTAR PRADESH,1984,781.3,-0.5516666666666666,Normal,La_Nina,0.2070427127486143,35,2,719.6,819.8712121212121,-4.70454524454137,-0.22695849504503768
WEST UTTAR PRADESH,1985,957.2,-0.5775,Excess,La_Nina,0.19693511574828823,35,1,776.0,819.8712121212121,16.750043890855,-0.22695849504503768
WEST UTTAR PRADESH,1986,715.2,0.26666666666666666,Deficit,Neutral,0.5272253015976525,35,0,584.3,819.8712121212121,-12.766787097012644,-0.22695849504503768
WEST UTTAR PRADESH,1987,466.8,1.1824999999999999,Deficit,El_Nino,0.8855559178350179,35,0,356.1,819.8712121212121,-43.06422849117101,-0.22695849504503768
WEST UTTAR PRADESH,1988,1035.6,-0.89,Excess,La_Nina,0.07466579719595695,35,1,956.0,819.8712121212121,26.312521367916236,-0.22695849504503768
WEST UTTAR PRADESH,1989,657.3,-0.62,Deficit,La_Nina,0.18030648842517116,35,0,596.1,819.8712121212121,-19.828871866423963,-0.22695849504503768
WEST UTTAR PRADESH,1990,958.0,0.2708333333333333,Excess,Neutral,0.5288555591783501,35,1,826.4,819.8712121212121,16.847620191641333,-0.22695849504503768
WEST UTTAR PRADESH,1991,748.7,0.6541666666666667,Normal,El_Nino,0.6788392566025432,35,2,684.3,819.8712121212121,-8.680779501584686,-0.22695849504503768
WEST UTTAR PRADESH,1992,820.6,0.6091666666666666,Normal,El_Nino,0.6612324747310074,35,2,708.3,819.8712121212121,0.08889053158755768,-0.22695849504503768
WEST UTTAR PRADESH,1993,771.9,0.3566666666666667,Normal,Neutral,0.5624388653407238,35,2,702.2,819.8712121212121,-5.8510667787808535,-0.22695849504503768
WEST UTTAR PRADESH,1994,806.8,0.3658333333333333,Normal,Neutral,0.566025432018259,35,2,746.6,819.8712121212121,-1.5943006569768037,-0.22695849504503768
WEST UTTAR PRADESH,1995,826.8,-0.21583333333333332,Normal,Neutral,0.33844147375285294,35,2,771.7,819.8712121212121,0.845106862681679,-0.22695849504503768
WEST UTTAR PRADESH,1996,941.2,-0.4058333333333333,Excess,Neutral,0.26410172807303556,35,1,817.5,819.8712121212121,14.798517875128212,-0.22695849504503768
WEST UTTAR PRADESH,1997,445.2,1.1416666666666666,Deficit,El_Nino,0.86957939354418,35,0,374.2,819.8712121212121,-45.69878861240217,-0.22695849504503768
WEST UTTAR PRADESH,1998,867.2,0.041666666666666664,Normal,Neutral,0.43919139223997394,35,2,772.7,819.8712121212121,5.772710052391826,-0.22695849504503768
WEST UTTAR PRADESH,1999,786.4,-1.0808333333333333,Normal,La_Nina,0.0,35,2,723.5,819.8712121212121,-4.082496327028454,-0.22695849504503768
WEST UTTAR PRADESH,2000,771.4,-0.7658333333333333,Normal,La_Nina,0.12324747310074996,35,2,712.2,819.8712121212121,-5.9120519667723155,-0.22695849504503768
WEST UTTAR PRADESH,2001,661.7,-0.2941666666666667,Deficit,Neutral,0.30779263123573525,35,0,595.2,819.8712121212121,-19.292202212099085,-0.22695849504503768
WEST UTTAR PRADESH,2002,625.2,0.5141666666666667,Deficit,El_Nino,0.6240626018910989,35,0,529.0,819.8712121212121,-23.744120935475816,-0.22695849504503768
WEST UTTAR PRADESH,2003,1047.5,0.235,Excess,Neutral,0.5148353439843495,35,1,960.5,819.8712121212121,27.763968842113044,-0.22695849504503768
WEST UTTAR PRADESH,2004,642.3,0.3925,Deficit,Neutral,0.5764590805347245,35,0,517.9,819.8712121212121,-21.658427506167826,-0.22695849504503768
WEST UTTAR PRADESH,2005,725.7,0.029166666666666684,Deficit,Neutral,0.4343006194978807,35,0,663.9,819.8712121212121,-11.48609814919194,-0.22695849504503768
WEST UTTAR PRADESH,2006,529.3,0.04,Deficit,Neutral,0.4385392892076948,35,0,452.0,819.8712121212121,-35.44107999223826,-0.22695849504503768
WEST UTTAR PRADESH,2007,572.5,-0.6133333333333333,Deficit,La_Nina,0.18291490055428758,35,0,452.7,819.8712121212121,-30.17195974977593,-0.22695849504503768
WEST UTTAR PRADESH,2008,799.8,-0.8083333333333335,Normal,La_Nina,0.10661884577763281,35,2,760.7,819.8712121212121,-2.448093288857273,-0.22695849504503768
WEST UTTAR PRADESH,2009,549.2,0.2591666666666667,Deficit,Neutral,0.5242908379523965,35,0,445.3,819.8712121212121,-33.013869510178054,-0.22695849504503768
WEST UTTAR PRADESH,2010,820.7,-0.4266666666666667,Normal,Neutral,0.25595044016954677,35,2,772.3,819.8712121212121,0.10108756918585286,-0.22695849504503768
WEST UTTAR PRADESH,2011,777.4,-0.7691666666666667,Normal,La_Nina,0.12194326703619174,35,2,725.9,819.8712121212121,-5.180229710874771,-0.22695849504503768
WEST UTTAR PRADESH,2012,389.6,-0.06583333333333333,Deficit,Neutral,0.397130746657972,35,0,366.0,819.8712121212121,-52.48034151705275,-0.22695849504503768
WEST UTTAR PRADESH,2013,932.8,-0.25916666666666666,Excess,Neutral,0.32148679491359633,35,1,763.8,819.8712121212121,13.773966716871639,-0.22695849504503768
WEST UTTAR PRADESH,2014,486.9,0.22833333333333336,Deficit,Neutral,0.5122269318552332,35,0,339.4,819.8712121212121,-40.612623933914236,-0.22695849504503768
WEST UTTAR PRADESH,2015,582.7,1.4749999999999999,Deficit,El_Nino,1.0,35,0,436.1,819.8712121212121,-28.927861914750093,-0.22695849504503768
UTTARAKHAND,1950,1584.1,-0.8783333333333334,Normal,La_Nina,0.07923051842191065,31,2,1387.2,1453.3969696969696,8.992934004140773,-0.3267786523911667
UTTARAKHAND,1951,1174.3,0.43333333333333335,Deficit,Neutral,0.5924356048255625,31,0,882.0,1453.3969696969696,-19.203079097871022,-0.3267786523911667
UTTARAKHAND,1952,1477.8,0.013333333333333334,Normal,Neutral,0.4281056406912292,31,2,1175.9,1453.3969696969696,1.679034070651625,-0.3267786523911667
UTTARAKHAND,1953,1565.8,0.5883333333333334,Normal,El_Nino,0.6530811868275188,31,2,1263.9,1453.3969696969696,7.733814824621948,-0.3267786523911667
UTTARAKHAND,1954,1862.9,-0.33749999999999997,Excess,Neutral,0.2908379523964787,31,1,1368.7,1453.3969696969696,28.175580301946763,-0.3267786523911667
UTTARAKHAND,1955,1666.9,-0.9391666666666666,Excess,La_Nina,0.05542875774372352,31,1,1172.8,1453.3969696969696,14.689932259012862,-0.3267786523911667
UTTARAKHAND,1956,1943.0,-0.5558333333333333,Excess,La_Nina,0.20541245516791654,31,1,1222.3,1453.3969696969696,33.686806874594744,-0.3267786523911667
UTTARAKHAND,1957,1780.7,0.7808333333333333,Excess,El_Nino,0.7283990870557548,31,1,1240.3,1453.3969696969696,22.51986464312448,-0.3267786523911667
UTTARAKHAND,1958,1499.0,0.7166666666666667,Normal,El_Nino,0.7032931203130095,31,2,1201.5,1453.3969696969696,3.1376857977444788,-0.3267786523911667
UTTARAKHAND,1959,1743.0,0.1991666666666667,Excess,Neutral,0.5008151287903488,31,1,1339.3,1453.3969696969696,19.925941524662193,-0.3267786523911667
UTTARAKHAND,1960,1540.1,0.050833333333333335,Normal,Neutral,0.442777958917509,31,2,1209.0,1453.3969696969696,5.965543627155611,-0.3267786523911667
UTTARAKHAND,1961,1948.3,-0.02416666666666667,Excess,Neutral,0.41343332246494946,31,1,1409.4,1453.3969696969696,34.051469806367955,-0.3267786523911667
UTTARAKHAND,1962,1647.4,-0.17333333333333334,Excess,Neutral,0.35507010107597003,31,1,1292.8,1453.3969696969696,13.348247887394438,-0.3267786523911667
UTTARAKHAND,1963,1802.0,0.5499999999999999,Excess,El_Nino,0.6380828170850994,31,1,1422.5,1453.3969696969696,23.985396802892296,-0.3267786523911667
UTTARAKHAND,1964,1769.6,-0.3758333333333333,Excess,Neutral,0.2758395826540594,31,1,1356.2,1453.3969696969696,21.756136616203214,-0.3267786523911667
UTTARAKHAND,1965,1305.7,0.805,Deficit,El_Nino,0.7378545810238017,31,0,828.6,1453.3969696969696,-10.16219056296533,-0.3267786523911667
UTTARAKHAND,1966,1465.8,0.28250000000000003,Normal,Neutral,0.5334202804043039,31,2,1168.9,1453.3969696969696,0.8533821496556718,-0.3267786523911667
UTTARAKHAND,1967,1556.2,-0.31416666666666665,Normal,Neutral,0.2999673948483861,31,2,1224.0,1453.3969696969696,7.073293287825192,-0.3267786523911667
UTTARAKHAND,1968,1478.6,0.07166666666666667,Normal,Neutral,0.4509292468209977,31,2,1002.4,1453.3969696969696,1.7340775320513522,-0.3267786523911667
UTTARAKHAND,1969,1635.7,0.6783333333333333,Excess,El_Nino,0.6882947505705902,31,1,1299.6,1453.3969696969696,12.543237264423382,-0.3267786523911667
UTTARAKHAND,1970,1293.5,-0.2925,Deficit,Neutral,0.30844473426801433,31,0,1025.3,1453.3969696969696,-11.00160334931122,-0.3267786523911667
UTTARAKHAND,1971,1803.8,-0.8608333333333333,Excess,La_Nina,0.08607760026084121,31,1,1163.6,1453.3969696969696,24.109244591041683,-0.3267786523911667
UTTARAKHAND,1972,1077.8,0.8066666666666666,Deficit,El_Nino,0.7385066840560809,31,0,809.6,1453.3969696969696,-25.842696629213478,-0.3267786523911667
UTTARAKHAND,1973,1239.7,-0.5808333333333334,Deficit,La_Nina,0.19563090968372998,31,0,948.9,1453.3969696969696,-14.703276128443072,-0.3267786523911667
UTTARAKHAND,1974,1161.8,-0.8875000000000001,Deficit,La_Nina,0.0756439517443756,31,0,929.4,1453.3969696969696,-20.063133182241806,-0.3267786523911667
UTTARAKHAND,1975,1580.3,-0.9966666666666667,Normal,La_Nina,0.03293120313009451,31,2,1305.5,1453.3969696969696,8.731477562492058,-0.3267786523911667
UTTARAKHAND,1976,986.3,-0.021666666666666678,Deficit,Neutral,0.4144114770133681,31,0,814.6,1453.3969696969696,-32.13829252680762,-0.3267786523911667
UTTARAKHAND,1977,1416.3,0.5175,Normal,El_Nino,0.625366807955657,31,2,1109.6,1453.3969696969696,-2.552432024452635,-0.3267786523911667
UTTARAKHAND,1978,2031.4,-0.04916666666666667,Excess,Neutral,0.40365177698076293,31,1,1558.5,1453.3969696969696,39.76910935926494,-0.3267786523911667
UTTARAKHAND,1979,1072.3,0.30833333333333335,Deficit,Neutral,0.5435278774046299,31,0,747.5,1453.3969696969696,-26.221120426336626,-0.3267786523911667
UTTARAKHAND,1980,1333.5,0.21166666666666667,Normal,Neutral,0.5057059015324421,31,2,1097.2,1453.3969696969696,-8.249430279324708,-0.3267786523911667
UTTARAKHAND,1981,1356.1,-0.25,Normal,Neutral,0.3250733615911314,31,2,1016.7,1453.3969696969696,-6.694452494782337,-0.3267786523911667
UTTARAKHAND,1982,1372.1,0.9125,Normal,El_Nino,0.7799152266058037,31,2,900.4,1453.3969696969696,-5.593583266787732,-0.3267786523911667
UTTARAKHAND,1983,1525.3,0.45999999999999996,Normal,Neutral,0.602869253342028,31,2,1008.3,1453.3969696969696,4.947239591260606,-0.3267786523911667
UTTARAKHAND,1984,1339.1,-0.5516666666666666,Normal,La_Nina,0.2070427127486143,31,2,1070.6,1453.3969696969696,-7.864126049526603,-0.3267786523911667
UTTARAKHAND,1985,1653.7,-0.5775,Excess,La_Nina,0.19693511574828823,31,1,1173.8,1453.3969696969696,13.781715145917312,-0.3267786523911667
UTTARAKHAND,1986,1514.5,0.26666666666666666,Normal,Neutral,0.5272253015976525,31,2,997.1,1453.3969696969696,4.204152862364252,-0.3267786523911667
UTTARAKHAND,1987,987.3,1.1824999999999999,Deficit,El_Nino,0.8855559178350179,31,0,631.1,1453.3969696969696,-32.06948820005796,-0.3267786523911667
UTTARAKHAND,1988,1602.4,-0.89,Excess,La_Nina,0.07466579719595695,31,1,1213.4,1453.3969696969696,10.252053183659614,-0.3267786523911667
UTTARAKHAND,1989,1263.8,-0.62,Deficit,La_Nina,0.18030648842517116,31,0,1021.4,1453.3969696969696,-13.045091853776206,-0.3267786523911667
UTTARAKHAND,1990,1564.9,0.2708333333333333,Normal,Neutral,0.5288555591783501,31,2,1185.8,1453.3969696969696,7.671890930547261,-0.3267786523911667
UTTARAKHAND,1991,1020.7,0.6541666666666667,Deficit,El_Nino,0.6788392566025432,31,0,774.6,1453.3969696969696,-29.77142368661922,-0.3267786523911667
UTTARAKHAND,1992,1108.1,0.6091666666666666,Deficit,El_Nino,0.6612324747310074,31,0,909.4,1453.3969696969696,-23.7579255286987,-0.3267786523911667
UTTARAKHAND,1993,1594.1,0.3566666666666667,Normal,Neutral,0.5624388653407238,31,2,1183.5,1453.3969696969696,9.680977271637401,-0.3267786523911667
UTTARAKHAND,1994,1441.7,0.3658333333333333,Normal,Neutral,0.566025432018259,31,2,1115.1,1453.3969696969696,-0.8048021250111945,-0.3267786523911667
UTTARAKHAND,1995,1616.1,-0.21583333333333332,Excess,Neutral,0.33844147375285294,31,1,1210.2,1453.3969696969696,11.194672460129981,-0.3267786523911667
UTTARAKHAND,1996,1401.4,-0.4058333333333333,Normal,Neutral,0.26410172807303556,31,2,1116.4,1453.3969696969696,-3.5776164930226004,-0.3267786523911667
UTTARAKHAND,1997,803.4,1.1416666666666666,Deficit,El_Nino,0.86957939354418,31,0,529.5,1453.3969696969696,-44.722603889320936,-0.3267786523911667
UTTARAKHAND,1998,1198.6,0.041666666666666664,Deficit,Neutral,0.43919139223997394,31,0,786.2,1453.3969696969696,-17.53113395785422,-0.3267786523911667
UTTARAKHAND,1999,1185.5,-1.0808333333333333,Deficit,La_Nina,0.0,31,0,1051.2,1453.3969696969696,-18.432470638274797,-0.3267786523911667
UTTARAKHAND,2000,1712.9,-0.7658333333333333,Excess,La_Nina,0.12324747310074996,31,1,1465.4,1453.3969696969696,17.85493128949735,-0.3267786523911667
UTTARAKHAND,2001,1544.4,-0.2941666666666667,Normal,Neutral,0.30779263123573525,31,2,1230.3,1453.3969696969696,6.261402232179174,-0.3267786523911667
UTTARAKHAND,2002,1574.7,0.5141666666666667,Normal,El_Nino,0.6240626018910989,31,2,1112.1,1453.3969696969696,8.346173332693953,-0.3267786523911667
UTTARAKHAND,2003,1734.3,0.235,Excess,Neutral,0.5148353439843495,31,1,1316.6,1453.3969696969696,19.327343881940124,-0.3267786523911667
UTTARAKHAND,2004,1219.6,0.3925,Deficit,Neutral,0.5764590805347245,31,0,954.7,1453.3969696969696,-16.086243096111303,-0.3267786523911667
UTTARAKHAND,2005,1348.2,0.029166666666666684,Normal,Neutral,0.4343006194978807,31,2,1061.3,1453.3969696969696,-7.238006676104662,-0.3267786523911667
UTTARAKHAND,2006,1178.9,0.04,Deficit,Neutral,0.4385392892076948,31,0,823.7,1453.3969696969696,-18.886579194822563,-0.3267786523911667
UTTARAKHAND,2007,1924.3,-0.6133333333333333,Excess,La_Nina,0.18291490055428758,31,1,1491.2,1453.3969696969696,32.40016596437605,-0.3267786523911667
UTTARAKHAND,2008,1363.7,-0.8083333333333335,Normal,La_Nina,0.10661884577763281,31,2,1082.3,1453.3969696969696,-6.17153961148489,-0.3267786523911667
UTTARAKHAND,2009,847.8,0.2591666666666667,Deficit,Neutral,0.5242908379523965,31,0,608.7,1453.3969696969696,-41.66769178163591,-0.3267786523911667
UTTARAKHAND,2010,1424.0,-0.4266666666666667,Normal,Neutral,0.25595044016954677,31,2,1253.9,1453.3969696969696,-2.0226387084802284,-0.3267786523911667
UTTARAKHAND,2011,1564.7,-0.7691666666666667,Normal,La_Nina,0.12194326703619174,31,2,1328.5,1453.3969696969696,7.658130065197325,-0.3267786523911667
UTTARAKHAND,2012,1223.9,-0.06583333333333333,Deficit,Neutral,0.397130746657972,31,0,1073.1,1453.3969696969696,-15.790384491087742,-0.3267786523911667
UTTARAKHAND,2013,1735.4,-0.25916666666666666,Excess,Neutral,0.32148679491359633,31,1,1373.0,1453.3969696969696,19.403028641364763,-0.3267786523911667
UTTARAKHAND,2014,1287.4,0.22833333333333336,Deficit,Neutral,0.5122269318552332,31,0,897.7,1453.3969696969696,-11.421309742484155,-0.3267786523911667
UTTARAKHAND,2015,1247.6,1.4749999999999999,Deficit,El_Nino,1.0,31,0,881.5,1453.3969696969696,-14.159721947120746,-0.3267786523911667
HARYANA DELHI & CHANDIGARH,1950,551.1,-0.8783333333333334,Normal,La_Nina,0.07923051842191065,12,2,496.4,541.5803030303031,1.757762776162909,-0.1955257013045167
HARYANA DELHI & CHANDIGARH,1951,338.2,0.43333333333333335,Deficit,Neutral,0.5924356048255625,12,0,247.7,541.5803030303031,-37.55312035765144,-0.1955257013045167
HARYANA DELHI & CHANDIGARH,1952,556.3,0.013333333333333334,Normal,Neutral,0.4281056406912292,12,2,501.9,541.5803030303031,2.7179158635082916,-0.1955257013045167
HARYANA DELHI & CHANDIGARH,1953,561.9,0.5883333333333334,Normal,El_Nino,0.6530811868275188,12,2,503.3,541.5803030303031,3.75192688064949,-0.1955257013045167
HARYANA DELHI & CHANDIGARH,1954,537.0,-0.33749999999999997,Normal,Neutral,0.2908379523964787,12,2,361.2,541.5803030303031,-0.845729249139031,-0.1955257013045167
HARYANA DELHI & CHANDIGARH,1955,694.1,-0.9391666666666666,Excess,La_Nina,0.05542875774372352,12,1,498.8,541.5803030303031,28.161972678161266,-0.1955257013045167
HARYANA DELHI & CHANDIGARH,1956,653.8,-0.5558333333333333,Excess,La_Nina,0.20541245516791654,12,1,468.9,541.5803030303031,20.720786251234443,-0.1955257013045167
HARYANA DELHI & CHANDIGARH,1957,617.2,0.7808333333333333,Excess,El_Nino,0.7283990870557548,12,1,466.2,541.5803030303031,13.962785674918798,-0.1955257013045167
HARYANA DELHI & CHANDIGARH,1958,673.0,0.7166666666666667,Excess,El_Nino,0.7032931203130095,12,1,623.1,541.5803030303031,24.265966881432835,-0.1955257013045167
HARYANA DELHI & CHANDIGARH,1959,484.9,0.1991666666666667,Deficit,Neutral,0.5008151287903488,12,0,395.7,541.5803030303031,-10.465724605041933,-0.1955257013045167
HARYANA DELHI & CHANDIGARH,1960,722.9,0.050833333333333335,Excess,Neutral,0.442777958917509,12,1,637.5,541.5803030303031,33.47974362345883,-0.1955257013045167
HARYANA DELHI & CHANDIGARH,1961,627.9,-0.02416666666666667,Excess,Neutral,0.41343332246494946,12,1,500.1,541.5803030303031,15.938485296956426,-0.1955257013045167
HARYANA DELHI & CHANDIGARH,1962,511.0,-0.17333333333333334,Normal,Neutral,0.35507010107597003,12,2,459.6,541.5803030303031,-5.6464946858660054,-0.1955257013045167
HARYANA DELHI & CHANDIGARH,1963,521.8,0.5499999999999999,Normal,El_Nino,0.6380828170850994,12,2,488.9,541.5803030303031,-3.6523305813794247,-0.1955257013045167
HARYANA DELHI & CHANDIGARH,1964,710.9,-0.3758333333333333,Excess,Neutral,0.2758395826540594,12,1,682.1,541.5803030303031,31.26400572958484,-0.1955257013045167
HARYANA DELHI & CHANDIGARH,1965,381.9,0.805,Deficit,El_Nino,0.7378545810238017,12,0,316.7,541.5803030303031,-29.484141527460334,-0.1955257013045167
HARYANA DELHI & CHANDIGARH,1966,707.7,0.28250000000000003,Excess,Neutral,0.5334202804043039,12,1,609.0,541.5803030303031,30.673142291218458,-0.1955257013045167
HARYANA DELHI & CHANDIGARH,1967,839.9,-0.31416666666666665,Excess,Neutral,0.2999673948483861,12,1,689.7,541.5803030303031,55.08318808873022,-0.1955257013045167
HARYANA DELHI & CHANDIGARH,1968,388.3,0.07166666666666667,Deficit,Neutral,0.4509292468209977,12,0,329.6,541.5803030303031,-28.30241465072753,-0.1955257013045167
HARYANA DELHI & CHANDIGARH,1969,477.2,0.6783333333333333,Deficit,El_Nino,0.6882947505705902,12,0,433.7,541.5803030303031,-11.887489753611074,-0.1955257013045167
HARYANA DELHI & CHANDIGARH,1970,538.2,-0.2925,Normal,Neutral,0.30844473426801433,12,2,445.7,541.5803030303031,-0.6241554597516238,-0.1955257013045167
HARYANA DELHI & CHANDIGARH,1971,636.8,-0.8608333333333333,Excess,La_Nina,0.08607760026084121,12,1,520.5,541.5803030303031,17.58182423491296,-0.1955257013045167
HARYANA DELHI & CHANDIGARH,1972,440.8,0.8066666666666666,Deficit,El_Nino,0.7385066840560809,12,0,360.6,541.5803030303031,-18.608561365028834,-0.1955257013045167
HARYANA DELHI & CHANDIGARH,1973,527.2,-0.5808333333333334,Normal,La_Nina,0.19563090968372998,12,2,440.8,541.5803030303031,-2.655248529136113,-0.1955257013045167
HARYANA DELHI & CHANDIGARH,1974,384.9,-0.8875000000000001,Deficit,La_Nina,0.0756439517443756,12,0,346.1,541.5803030303031,-28.930207053991836,-0.1955257013045167
HARYANA DELHI & CHANDIGARH,1975,622.1,-0.9966666666666667,Excess,La_Nina,0.03293120313009451,12,1,563.0,541.5803030303031,14.867545314917338,-0.1955257013045167
HARYANA DELHI & CHANDIGARH,1976,726.7,-0.021666666666666678,Excess,Neutral,0.4144114770133681,12,1,651.8,541.5803030303031,34.18139395651894,-0.1955257013045167
HARYANA DELHI & CHANDIGARH,1977,740.1,0.5175,Excess,El_Nino,0.625366807955657,12,1,623.1,541.5803030303031,36.65563460467822,-0.1955257013045167
HARYANA DELHI & CHANDIGARH,1978,651.1,-0.04916666666666667,Excess,Neutral,0.40365177698076293,12,1,563.4,541.5803030303031,20.22224522511281,-0.1955257013045167
HARYANA DELHI & CHANDIGARH,1979,341.5,0.30833333333333335,Deficit,Neutral,0.5435278774046299,12,0,215.9,541.5803030303031,-36.943792436836084,-0.1955257013045167
HARYANA DELHI & CHANDIGARH,1980,513.2,0.21166666666666667,Normal,Neutral,0.5057059015324421,12,2,434.3,541.5803030303031,-5.2402760719891,-0.1955257013045167
HARYANA DELHI & CHANDIGARH,1981,493.4,-0.25,Normal,Neutral,0.3250733615911314,12,2,358.4,541.5803030303031,-8.896243596881192,-0.1955257013045167
HARYANA DELHI & CHANDIGARH,1982,506.6,0.9125,Normal,El_Nino,0.7799152266058037,12,2,284.9,541.5803030303031,-6.4589319136197965,-0.1955257013045167
HARYANA DELHI & CHANDIGARH,1983,744.5,0.45999999999999996,Excess,Neutral,0.602869253342028,12,1,568.2,541.5803030303031,37.46807183243202,-0.1955257013045167
HARYANA DELHI & CHANDIGARH,1984,479.2,-0.5516666666666666,Deficit,La_Nina,0.2070427127486143,12,0,457.8,541.5803030303031,-11.518200104632076,-0.1955257013045167
HARYANA DELHI & CHANDIGARH,1985,572.4,-0.5775,Normal,La_Nina,0.19693511574828823,12,2,489.4,541.5803030303031,5.69069753778923,-0.1955257013045167
HARYANA DELHI & CHANDIGARH,1986,450.9,0.26666666666666666,Deficit,Neutral,0.5272253015976525,12,0,339.3,541.5803030303031,-16.7436486376849,-0.1955257013045167
HARYANA DELHI & CHANDIGARH,1987,318.6,1.1824999999999999,Deficit,El_Nino,0.8855559178350179,12,0,178.7,541.5803030303031,-41.17215891764561,-0.1955257013045167
HARYANA DELHI & CHANDIGARH,1988,845.0,-0.89,Excess,La_Nina,0.07466579719595695,12,1,776.7,541.5803030303031,56.024876693626666,-0.1955257013045167
HARYANA DELHI & CHANDIGARH,1989,416.5,-0.62,Deficit,La_Nina,0.18030648842517116,12,0,343.6,541.5803030303031,-23.095430600123663,-0.1955257013045167
HARYANA DELHI & CHANDIGARH,1990,703.1,0.2708333333333333,Excess,Neutral,0.5288555591783501,12,1,558.7,541.5803030303031,29.823776098566757,-0.1955257013045167
HARYANA DELHI & CHANDIGARH,1991,393.9,0.6541666666666667,Deficit,El_Nino,0.6788392566025432,12,0,330.5,541.5803030303031,-27.268403633586342,-0.1955257013045167
HARYANA DELHI & CHANDIGARH,1992,429.7,0.6091666666666666,Deficit,El_Nino,0.6612324747310074,12,0,372.3,541.5803030303031,-20.65811891686228,-0.1955257013045167
HARYANA DELHI & CHANDIGARH,1993,523.8,0.3566666666666667,Normal,Neutral,0.5624388653407238,12,2,477.6,541.5803030303031,-3.2830409324004264,-0.1955257013045167
HARYANA DELHI & CHANDIGARH,1994,564.4,0.3658333333333333,Normal,Neutral,0.566025432018259,12,2,515.9,541.5803030303031,4.213538941873238,-0.1955257013045167
HARYANA DELHI & CHANDIGARH,1995,819.1,-0.21583333333333332,Excess,Neutral,0.33844147375285294,12,1,742.7,541.5803030303031,51.24257573934864,-0.1955257013045167
HARYANA DELHI & CHANDIGARH,1996,644.6,-0.4058333333333333,Excess,Neutral,0.26410172807303556,12,1,560.7,541.5803030303031,19.022053865931067,-0.1955257013045167
HARYANA DELHI & CHANDIGARH,1997,668.6,1.1416666666666666,Excess,El_Nino,0.86957939354418,12,1,457.5,541.5803030303031,23.45352965367904,-0.1955257013045167
HARYANA DELHI & CHANDIGARH,1998,685.3,0.041666666666666664,Excess,Neutral,0.43919139223997394,12,1,535.6,541.5803030303031,26.537098222653665,-0.1955257013045167
HARYANA DELHI & CHANDIGARH,1999,344.4,-1.0808333333333333,Deficit,La_Nina,0.0,12,0,285.4,541.5803030303031,-36.408322445816545,-0.1955257013045167
HARYANA DELHI & CHANDIGARH,2000,384.4,-0.7658333333333333,Deficit,La_Nina,0.12324747310074996,12,0,311.1,541.5803030303031,-29.022529466236584,-0.1955257013045167
HARYANA DELHI & CHANDIGARH,2001,485.5,-0.2941666666666667,Deficit,Neutral,0.30779263123573525,12,0,376.3,541.5803030303031,-10.35493771034823,-0.1955257013045167
HARYANA DELHI & CHANDIGARH,2002,357.2,0.5141666666666667,Deficit,El_Nino,0.6240626018910989,12,0,241.8,541.5803030303031,-34.04486869235095,-0.1955257013045167
HARYANA DELHI & CHANDIGARH,2003,597.6,0.235,Excess,Neutral,0.5148353439843495,12,1,528.5,541.5803030303031,10.343747114924613,-0.1955257013045167
HARYANA DELHI & CHANDIGARH,2004,487.3,0.3925,Deficit,Neutral,0.5764590805347245,12,0,347.5,541.5803030303031,-10.022577026267129,-0.1955257013045167
HARYANA DELHI & CHANDIGARH,2005,519.5,0.029166666666666684,Normal,Neutral,0.4343006194978807,12,2,428.8,541.5803030303031,-4.0770136777052635,-0.1955257013045167
HARYANA DELHI & CHANDIGARH,2006,330.9,0.04,Deficit,Neutral,0.4385392892076948,12,0,262.6,541.5803030303031,-38.90102757642478,-0.1955257013045167
HARYANA DELHI & CHANDIGARH,2007,446.6,-0.6133333333333333,Deficit,La_Nina,0.18291490055428758,12,0,313.7,541.5803030303031,-17.537621382989737,-0.1955257013045167
HARYANA DELHI & CHANDIGARH,2008,710.4,-0.8083333333333335,Excess,La_Nina,0.10661884577763281,12,1,606.6,541.5803030303031,31.171683317340094,-0.1955257013045167
HARYANA DELHI & CHANDIGARH,2009,395.4,0.2591666666666667,Deficit,Neutral,0.5242908379523965,12,0,346.3,541.5803030303031,-26.991436396852098,-0.1955257013045167
HARYANA DELHI & CHANDIGARH,2010,640.5,-0.4266666666666667,Excess,Neutral,0.25595044016954677,12,1,600.8,541.5803030303031,18.265010085524118,-0.1955257013045167
HARYANA DELHI & CHANDIGARH,2011,512.0,-0.7691666666666667,Normal,La_Nina,0.12194326703619174,12,2,439.8,541.5803030303031,-5.461849861376506,-0.1955257013045167
HARYANA DELHI & CHANDIGARH,2012,391.4,-0.06583333333333333,Deficit,Neutral,0.397130746657972,12,0,360.7,541.5803030303031,-27.73001569481009,-0.1955257013045167
HARYANA DELHI & CHANDIGARH,2013,461.2,-0.25916666666666666,Deficit,Neutral,0.32148679491359633,12,0,363.3,541.5803030303031,-14.841806945443059,-0.1955257013045167
HARYANA DELHI & CHANDIGARH,2014,305.5,0.22833333333333336,Deficit,Neutral,0.5122269318552332,12,0,200.2,541.5803030303031,-43.591006118458054,-0.1955257013045167
HARYANA DELHI & CHANDIGARH,2015,435.3,1.4749999999999999,Deficit,El_Nino,1.0,12,0,295.2,541.5803030303031,-19.62410789972108,-0.1955257013045167
PUNJAB,1950,992.0,-0.8783333333333334,Excess,La_Nina,0.07923051842191065,24,1,852.4,609.1848484848484,62.84055692903085,-0.33400764403415245
PUNJAB,1951,499.5,0.43333333333333335,Deficit,Neutral,0.5924356048255625,24,0,347.6,609.1848484848484,-18.00518328019061,-0.33400764403415245
PUNJAB,1952,565.9,0.013333333333333334,Normal,Neutral,0.4281056406912292,24,2,480.8,609.1848484848484,-7.105371808328065,-0.33400764403415245
PUNJAB,1953,611.5,0.5883333333333334,Normal,El_Nino,0.6530811868275188,24,2,542.3,609.1848484848484,0.3800408892161,-0.33400764403415245
PUNJAB,1954,633.2,-0.33749999999999997,Normal,Neutral,0.2908379523964787,24,2,481.6,609.1848484848484,3.9421780720386574,-0.33400764403415245
PUNJAB,1955,973.9,-0.9391666666666666,Excess,La_Nina,0.05542875774372352,24,1,500.6,609.1848484848484,59.86937338022496,-0.33400764403415245
PUNJAB,1956,750.4,-0.5558333333333333,Excess,La_Nina,0.20541245516791654,24,1,525.3,609.1848484848484,23.181001935024952,-0.33400764403415245
PUNJAB,1957,710.5,0.7808333333333333,Excess,El_Nino,0.7283990870557548,24,1,490.5,609.1848484848484,16.631265824673815,-0.33400764403415245
PUNJAB,1958,828.0,0.7166666666666667,Excess,El_Nino,0.7032931203130095,24,1,714.8,609.1848484848484,35.91933582382818,-0.33400764403415245
PUNJAB,1959,699.8,0.1991666666666667,Excess,Neutral,0.5008151287903488,24,1,553.5,609.1848484848484,14.874820301346562,-0.33400764403415245
PUNJAB,1960,606.9,0.050833333333333335,Normal,Neutral,0.442777958917509,24,2,529.9,609.1848484848484,-0.3750665320273936,-0.33400764403415245
PUNJAB,1961,690.1,-0.02416666666666667,Excess,Neutral,0.41343332246494946,24,1,545.4,609.1848484848484,13.28252856524617,-0.33400764403415245
PUNJAB,1962,769.3,-0.17333333333333334,Excess,Neutral,0.35507010107597003,24,1,641.5,609.1848484848484,26.28350851361233,-0.33400764403415245
PUNJAB,1963,476.2,0.5499999999999999,Deficit,El_Nino,0.6380828170850994,24,0,390.0,609.1848484848484,-21.829966522576115,-0.33400764403415245
PUNJAB,1964,708.8,-0.3758333333333333,Excess,Neutral,0.2758395826540594,24,1,654.3,609.1848484848484,16.352204386388173,-0.33400764403415245
PUNJAB,1965,423.2,0.805,Deficit,El_Nino,0.7378545810238017,24,0,300.0,609.1848484848484,-30.53011724559893,-0.33400764403415245
PUNJAB,1966,638.2,0.28250000000000003,Normal,Neutral,0.5334202804043039,24,2,527.5,609.1848484848484,4.762947008172886,-0.33400764403415245
PUNJAB,1967,680.4,-0.31416666666666665,Excess,Neutral,0.2999673948483861,24,1,485.6,609.1848484848484,11.69023682914576,-0.33400764403415245
PUNJAB,1968,536.2,0.07166666666666667,Deficit,Neutral,0.4509292468209977,24,0,424.6,609.1848484848484,-11.980739288965369,-0.33400764403415245
PUNJAB,1969,494.8,0.6783333333333333,Deficit,El_Nino,0.6882947505705902,24,0,400.5,609.1848484848484,-18.77670608015678,-0.33400764403415245
PUNJAB,1970,650.6,-0.2925,Normal,Neutral,0.30844473426801433,24,2,565.3,609.1848484848484,6.798453969785767,-0.33400764403415245
PUNJAB,1971,748.0,-0.8608333333333333,Excess,La_Nina,0.08607760026084121,24,1,633.5,609.1848484848484,22.78703284568053,-0.33400764403415245
PUNJAB,1972,470.9,0.8066666666666666,Deficit,El_Nino,0.7385066840560809,24,0,375.1,609.1848484848484,-22.6999815948784,-0.33400764403415245
PUNJAB,1973,743.1,-0.5808333333333334,Excess,La_Nina,0.19563090968372998,24,1,581.5,609.1848484848484,21.98267928826899,-0.33400764403415245
PUNJAB,1974,356.2,-0.8875000000000001,Deficit,La_Nina,0.0756439517443756,24,0,323.4,609.1848484848484,-41.52842098979759,-0.33400764403415245
PUNJAB,1975,705.9,-0.9966666666666667,Excess,La_Nina,0.03293120313009451,24,1,634.5,609.1848484848484,15.876158403430324,-0.33400764403415245
PUNJAB,1976,794.7,-0.021666666666666678,Excess,Neutral,0.4144114770133681,24,1,662.2,609.1848484848484,30.453014709174226,-0.33400764403415245
PUNJAB,1977,712.6,0.5175,Excess,El_Nino,0.625366807955657,24,1,566.4,609.1848484848484,16.975988777850194,-0.33400764403415245
PUNJAB,1978,720.6,-0.04916666666666667,Excess,Neutral,0.40365177698076293,24,1,605.8,609.1848484848484,18.28921907566496,-0.33400764403415245
PUNJAB,1979,464.0,0.30833333333333335,Deficit,Neutral,0.5435278774046299,24,0,276.5,609.1848484848484,-23.83264272674363,-0.33400764403415245
PUNJAB,1980,661.7,0.21166666666666667,Normal,Neutral,0.5057059015324421,24,2,531.6,609.1848484848484,8.620561008003758,-0.33400764403415245
PUNJAB,1981,503.7,-0.25,Deficit,Neutral,0.3250733615911314,24,0,318.5,609.1848484848484,-17.315737373837862,-0.33400764403415245
PUNJAB,1982,571.3,0.9125,Normal,El_Nino,0.7799152266058037,24,2,276.9,609.1848484848484,-6.218941357303102,-0.33400764403415245
PUNJAB,1983,751.1,0.45999999999999996,Excess,Neutral,0.602869253342028,24,1,456.3,609.1848484848484,23.295909586083752,-0.33400764403415245
PUNJAB,1984,710.5,-0.5516666666666666,Excess,La_Nina,0.2070427127486143,24,1,610.7,609.1848484848484,16.631265824673815,-0.33400764403415245
PUNJAB,1985,752.9,-0.5775,Excess,La_Nina,0.19693511574828823,24,1,620.4,609.1848484848484,23.59138640309207,-0.33400764403415245
PUNJAB,1986,611.9,0.26666666666666666,Normal,Neutral,0.5272253015976525,24,2,456.7,609.1848484848484,0.44570240410683454,-0.33400764403415245
PUNJAB,1987,409.6,1.1824999999999999,Deficit,El_Nino,0.8855559178350179,24,0,181.5,609.1848484848484,-32.762608751884024,-0.33400764403415245
PUNJAB,1988,1222.6,-0.89,Excess,La_Nina,0.07466579719595695,24,1,1067.2,609.1848484848484,100.69442026354145,-0.33400764403415245
PUNJAB,1989,480.3,-0.62,Deficit,La_Nina,0.18030648842517116,24,0,376.2,609.1848484848484,-21.156935994946043,-0.33400764403415245
PUNJAB,1990,754.7,0.2708333333333333,Excess,Neutral,0.5288555591783501,24,1,602.0,609.1848484848484,23.886863220100402,-0.33400764403415245
PUNJAB,1991,475.9,0.6541666666666667,Deficit,El_Nino,0.6788392566025432,24,0,346.3,609.1848484848484,-21.87921265874417,-0.33400764403415245
PUNJAB,1992,478.2,0.6091666666666666,Deficit,El_Nino,0.6612324747310074,24,0,365.7,609.1848484848484,-21.501658948122422,-0.33400764403415245
PUNJAB,1993,583.1,0.3566666666666667,Normal,Neutral,0.5624388653407238,24,2,507.2,609.1848484848484,-4.281926668026312,-0.33400764403415245
PUNJAB,1994,580.9,0.3658333333333333,Normal,Neutral,0.566025432018259,24,2,508.0,609.1848484848484,-4.64306499992538,-0.33400764403415245
PUNJAB,1995,869.1,-0.21583333333333332,Excess,Neutral,0.33844147375285294,24,1,732.0,609.1848484848484,42.66605647885154,-0.33400764403415245
PUNJAB,1996,589.7,-0.4058333333333333,Normal,Neutral,0.26410172807303556,24,2,473.0,609.1848484848484,-3.198511672329127,-0.33400764403415245
PUNJAB,1997,690.1,1.1416666666666666,Excess,El_Nino,0.86957939354418,24,1,485.1,609.1848484848484,13.28252856524617,-0.33400764403415245
PUNJAB,1998,588.6,0.041666666666666664,Normal,Neutral,0.43919139223997394,24,2,432.6,609.1848484848484,-3.3790808382786612,-0.33400764403415245
PUNJAB,1999,364.4,-1.0808333333333333,Deficit,La_Nina,0.0,24,0,287.9,609.1848484848484,-40.18235993453746,-0.33400764403415245
PUNJAB,2000,405.3,-0.7658333333333333,Deficit,La_Nina,0.12324747310074996,24,0,326.9,609.1848484848484,-33.46847003695947,-0.33400764403415245
PUNJAB,2001,441.0,-0.2941666666666667,Deficit,Neutral,0.30779263123573525,24,0,357.1,609.1848484848484,-27.608179832961078,-0.33400764403415245
PUNJAB,2002,274.7,0.5141666666666667,Deficit,El_Nino,0.6240626018910989,24,0,228.4,609.1848484848484,-54.90695464878551,-0.33400764403415245
PUNJAB,2003,424.6,0.235,Deficit,Neutral,0.5148353439843495,24,0,324.3,609.1848484848484,-30.300301943481344,-0.33400764403415245
PUNJAB,2004,351.7,0.3925,Deficit,Neutral,0.5764590805347245,24,0,234.0,609.1848484848484,-42.26711303231839,-0.33400764403415245
PUNJAB,2005,552.0,0.029166666666666684,Normal,Neutral,0.4343006194978807,24,2,413.4,609.1848484848484,-9.387109450781214,-0.33400764403415245
PUNJAB,2006,647.7,0.04,Normal,Neutral,0.4385392892076948,24,2,504.8,609.1848484848484,6.322407986827919,-0.33400764403415245
PUNJAB,2007,594.8,-0.6133333333333333,Normal,La_Nina,0.18291490055428758,24,2,448.6,609.1848484848484,-2.3613273574722293,-0.33400764403415245
PUNJAB,2008,717.1,-0.8083333333333335,Excess,La_Nina,0.10661884577763281,24,1,629.3,609.1848484848484,17.714680820371,-0.33400764403415245
PUNJAB,2009,361.2,0.2591666666666667,Deficit,Neutral,0.5242908379523965,24,0,300.1,609.1848484848484,-40.70765205366336,-0.33400764403415245
PUNJAB,2010,451.5,-0.4266666666666667,Deficit,Neutral,0.25595044016954677,24,0,395.1,609.1848484848484,-25.8845650670792,-0.33400764403415245
PUNJAB,2011,705.2,-0.7691666666666667,Excess,La_Nina,0.12194326703619174,24,1,617.5,609.1848484848484,15.761250752371541,-0.33400764403415245
PUNJAB,2012,493.6,-0.06583333333333333,Deficit,Neutral,0.397130746657972,24,0,379.6,609.1848484848484,-18.973690624828997,-0.33400764403415245
PUNJAB,2013,586.6,-0.25916666666666666,Normal,Neutral,0.32148679491359633,24,2,479.7,609.1848484848484,-3.707388412732352,-0.33400764403415245
PUNJAB,2014,382.7,0.22833333333333336,Deficit,Neutral,0.5122269318552332,24,0,244.6,609.1848484848484,-37.17834562828618,-0.33400764403415245
PUNJAB,2015,510.8,1.4749999999999999,Deficit,El_Nino,1.0,24,0,336.3,609.1848484848484,-16.150245484527254,-0.33400764403415245
HIMACHAL PRADESH,1950,1684.4,-0.8783333333333334,Excess,La_Nina,0.07923051842191065,13,1,1125.6,1256.5772727272729,34.04667079042275,-0.03329563177315469
HIMACHAL PRADESH,1951,1238.5,0.43333333333333335,Normal,Neutral,0.5924356048255625,13,2,690.0,1256.5772727272729,-1.4386121028624055,-0.03329563177315469
HIMACHAL PRADESH,1952,1263.7,0.013333333333333334,Normal,Neutral,0.4281056406912292,13,2,742.8,1256.5772727272729,0.5668355959731795,-0.03329563177315469
HIMACHAL PRADESH,1953,1425.7,0.5883333333333334,Excess,El_Nino,0.6530811868275188,13,1,919.1,1256.5772727272729,13.458999374201916,-0.03329563177315469
HIMACHAL PRADESH,1954,1717.6,-0.33749999999999997,Excess,Neutral,0.2908379523964787,13,1,1026.4,1256.5772727272729,36.68876855238072,-0.03329563177315469
HIMACHAL PRADESH,1955,1919.2,-0.9391666666666666,Excess,La_Nina,0.05542875774372352,13,1,939.0,1256.5772727272729,52.73235014306539,-0.03329563177315469
HIMACHAL PRADESH,1956,1541.6,-0.5558333333333333,Excess,La_Nina,0.20541245516791654,13,1,791.9,1256.5772727272729,22.68246716368777,-0.03329563177315469
HIMACHAL PRADESH,1957,1822.7,0.7808333333333333,Excess,El_Nino,0.7283990870557548,13,1,917.9,1256.5772727272729,45.05275875665135,-0.03329563177315469
HIMACHAL PRADESH,1958,1572.3,0.7166666666666667,Excess,El_Nino,0.7032931203130095,13,1,1017.9,1256.5772727272729,25.12561178092001,-0.03329563177315469
HIMACHAL PRADESH,1959,1640.3,0.1991666666666667,Excess,Neutral,0.5008151287903488,13,1,933.8,1256.5772727272729,30.537137317460473,-0.03329563177315469
HIMACHAL PRADESH,1960,1115.1,0.050833333333333335,Deficit,Neutral,0.442777958917509,13,0,733.3,1256.5772727272729,-11.258939326525537,-0.03329563177315469
HIMACHAL PRADESH,1961,1515.5,-0.02416666666666667,Excess,Neutral,0.41343332246494946,13,1,876.3,1256.5772727272729,20.605396332750928,-0.03329563177315469
HIMACHAL PRADESH,1962,1393.5,-0.17333333333333334,Excess,Neutral,0.35507010107597003,13,1,888.6,1256.5772727272729,10.896482870134225,-0.03329563177315469
HIMACHAL PRADESH,1963,1354.5,0.5499999999999999,Normal,El_Nino,0.6380828170850994,13,2,854.0,1256.5772727272729,7.792813812412493,-0.03329563177315469
HIMACHAL PRADESH,1964,1354.1,-0.3758333333333333,Normal,Neutral,0.2758395826540594,13,2,809.1,1256.5772727272729,7.7609813092563655,-0.03329563177315469
HIMACHAL PRADESH,1965,1220.4,0.805,Normal,El_Nino,0.7378545810238017,13,2,460.4,1256.5772727272729,-2.8790328706768435,-0.03329563177315469
HIMACHAL PRADESH,1966,1371.0,0.28250000000000003,Normal,Neutral,0.5334202804043039,13,2,888.9,1256.5772727272729,9.105904567602456,-0.03329563177315469
HIMACHAL PRADESH,1967,1558.5,-0.31416666666666665,Excess,Neutral,0.2999673948483861,13,1,994.5,1256.5772727272729,24.027390422033864,-0.03329563177315469
HIMACHAL PRADESH,1968,1168.2,0.07166666666666667,Normal,Neutral,0.4509292468209977,13,2,573.8,1256.5772727272729,-7.033174532550551,-0.03329563177315469
HIMACHAL PRADESH,1969,1127.6,0.6783333333333333,Deficit,El_Nino,0.6882947505705902,13,0,656.6,1256.5772727272729,-10.264173602896776,-0.03329563177315469
HIMACHAL PRADESH,1970,1082.5,-0.2925,Deficit,Neutral,0.30844473426801433,13,0,831.4,1256.5772727272729,-13.853288333749337,-0.03329563177315469
HIMACHAL PRADESH,1971,1275.1,-0.8608333333333333,Normal,La_Nina,0.08607760026084121,13,2,973.7,1256.5772727272729,1.4740619359225982,-0.03329563177315469
HIMACHAL PRADESH,1972,842.3,0.8066666666666666,Deficit,El_Nino,0.7385066840560809,13,0,445.5,1256.5772727272729,-32.96870647899961,-0.03329563177315469
HIMACHAL PRADESH,1973,955.2,-0.5808333333333334,Deficit,La_Nina,0.19563090968372998,13,0,567.1,1256.5772727272729,-23.98398246318463,-0.03329563177315469
HIMACHAL PRADESH,1974,776.1,-0.8875000000000001,Deficit,La_Nina,0.0756439517443756,13,0,480.2,1256.5772727272729,-38.236985751337514,-0.03329563177315469
HIMACHAL PRADESH,1975,1054.1,-0.9966666666666667,Deficit,La_Nina,0.03293120313009451,13,0,587.9,1256.5772727272729,-16.11339605783389,-0.03329563177315469
HIMACHAL PRADESH,1976,1179.3,-0.021666666666666678,Normal,Neutral,0.4144114770133681,13,2,765.0,1256.5772727272729,-6.149822569968219,-0.03329563177315469
HIMACHAL PRADESH,1977,1245.0,0.5175,Normal,El_Nino,0.625366807955657,13,2,859.3,1256.5772727272729,-0.9213339265754499,-0.03329563177315469
HIMACHAL PRADESH,1978,1371.2,-0.04916666666666667,Normal,Neutral,0.40365177698076293,13,2,873.9,1256.5772727272729,9.12182081918052,-0.03329563177315469
HIMACHAL PRADESH,1979,1021.0,0.30833333333333335,Deficit,Neutral,0.5435278774046299,13,0,390.7,1256.5772727272729,-18.74753569400284,-0.03329563177315469
HIMACHAL PRADESH,1980,1155.0,0.21166666666666667,Normal,Neutral,0.5057059015324421,13,2,765.3,1256.5772727272729,-8.083647136702526,-0.03329563177315469
HIMACHAL PRADESH,1981,1147.1,-0.25,Normal,Neutral,0.3250733615911314,13,2,563.3,1256.5772727272729,-8.71233907403591,-0.03329563177315469
HIMACHAL PRADESH,1982,1423.0,0.9125,Excess,El_Nino,0.7799152266058037,13,1,420.4,1256.5772727272729,13.244129977898101,-0.03329563177315469
HIMACHAL PRADESH,1983,1189.6,0.45999999999999996,Normal,Neutral,0.602869253342028,13,2,551.6,1256.5772727272729,-5.330135613698124,-0.03329563177315469
HIMACHAL PRADESH,1984,968.3,-0.5516666666666666,Deficit,La_Nina,0.2070427127486143,13,0,613.3,1256.5772727272729,-22.9414679848217,-0.03329563177315469
HIMACHAL PRADESH,1985,1193.9,-0.5775,Normal,La_Nina,0.19693511574828823,13,2,726.1,1256.5772727272729,-4.987936204769817,-0.03329563177315469
HIMACHAL PRADESH,1986,1322.6,0.26666666666666666,Normal,Neutral,0.5272253015976525,13,2,626.6,1256.5772727272729,5.2541716857118885,-0.03329563177315469
HIMACHAL PRADESH,1987,1035.6,1.1824999999999999,Deficit,El_Nino,0.8855559178350179,13,0,369.6,1256.5772727272729,-17.585649328804454,-0.03329563177315469
HIMACHAL PRADESH,1988,1881.1,-0.89,Excess,La_Nina,0.07466579719595695,13,1,1160.3,1256.5772727272729,49.70030421744491,-0.03329563177315469
HIMACHAL PRADESH,1989,1177.2,-0.62,Normal,La_Nina,0.18030648842517116,13,2,663.0,1256.5772727272729,-6.316943211537844,-0.03329563177315469
HIMACHAL PRADESH,1990,1462.7,0.2708333333333333,Excess,Neutral,0.5288555591783501,13,1,767.0,1256.5772727272729,16.403505916143047,-0.03329563177315469
HIMACHAL PRADESH,1991,1104.8,0.6541666666666667,Deficit,El_Nino,0.6788392566025432,13,0,595.6,1256.5772727272729,-12.078626282795632,-0.03329563177315469
HIMACHAL PRADESH,1992,1383.1,0.6091666666666666,Excess,El_Nino,0.6612324747310074,13,1,832.2,1256.5772727272729,10.06883778807509,-0.03329563177315469
HIMACHAL PRADESH,1993,1128.3,0.3566666666666667,Deficit,Neutral,0.5624388653407238,13,0,690.0,1256.5772727272729,-10.208466722373561,-0.03329563177315469
HIMACHAL PRADESH,1994,1410.2,0.3658333333333333,Excess,Neutral,0.566025432018259,13,1,884.8,1256.5772727272729,12.225489876902254,-0.03329563177315469
HIMACHAL PRADESH,1995,1493.9,-0.21583333333333332,Excess,Neutral,0.33844147375285294,13,1,1028.6,1256.5772727272729,18.886441162320438,-0.03329563177315469
HIMACHAL PRADESH,1996,1384.4,-0.4058333333333333,Excess,Neutral,0.26410172807303556,13,1,871.1,1256.5772727272729,10.172293423332494,-0.03329563177315469
HIMACHAL PRADESH,1997,1454.5,1.1416666666666666,Excess,El_Nino,0.86957939354418,13,1,881.0,1256.5772727272729,15.750939601442576,-0.03329563177315469
HIMACHAL PRADESH,1998,1381.6,0.041666666666666664,Normal,Neutral,0.43919139223997394,13,2,854.3,1256.5772727272729,9.949465901239638,-0.03329563177315469
HIMACHAL PRADESH,1999,1144.9,-1.0808333333333333,Normal,La_Nina,0.0,13,2,804.8,1256.5772727272729,-8.887417841394557,-0.03329563177315469
HIMACHAL PRADESH,2000,1068.4,-0.7658333333333333,Deficit,La_Nina,0.12324747310074996,13,0,640.0,1256.5772727272729,-14.97538407000257,-0.03329563177315469
HIMACHAL PRADESH,2001,991.8,-0.2941666666666667,Deficit,Neutral,0.30779263123573525,13,0,622.5,1256.5772727272729,-21.071308424399625,-0.03329563177315469
HIMACHAL PRADESH,2002,990.4,0.5141666666666667,Deficit,El_Nino,0.6240626018910989,13,0,486.6,1256.5772727272729,-21.182722185446046,-0.03329563177315469
HIMACHAL PRADESH,2003,1034.5,0.235,Deficit,Neutral,0.5148353439843495,13,0,613.3,1256.5772727272729,-17.67318871248378,-0.03329563177315469
HIMACHAL PRADESH,2004,878.5,0.3925,Deficit,Neutral,0.5764590805347245,13,0,467.5,1256.5772727272729,-30.087864943370707,-0.03329563177315469
HIMACHAL PRADESH,2005,1248.5,0.029166666666666684,Normal,Neutral,0.4343006194978807,13,2,640.3,1256.5772727272729,-0.642799523959397,-0.03329563177315469
HIMACHAL PRADESH,2006,1218.4,0.04,Normal,Neutral,0.4385392892076948,13,2,732.1,1256.5772727272729,-3.038195386457445,-0.03329563177315469
HIMACHAL PRADESH,2007,1034.5,-0.6133333333333333,Deficit,La_Nina,0.18291490055428758,13,0,631.0,1256.5772727272729,-17.67318871248378,-0.03329563177315469
HIMACHAL PRADESH,2008,1114.2,-0.8083333333333335,Deficit,La_Nina,0.10661884577763281,13,0,749.4,1256.5772727272729,-11.330562458626797,-0.03329563177315469
HIMACHAL PRADESH,2009,956.5,0.2591666666666667,Deficit,Neutral,0.5242908379523965,13,0,550.3,1256.5772727272729,-23.88052682792724,-0.03329563177315469
HIMACHAL PRADESH,2010,1259.4,-0.4266666666666667,Normal,Neutral,0.25595044016954677,13,2,851.2,1256.5772727272729,0.2246361870448894,-0.03329563177315469
HIMACHAL PRADESH,2011,1108.3,-0.7691666666666667,Deficit,La_Nina,0.12194326703619174,13,0,796.6,1256.5772727272729,-11.800091880179579,-0.03329563177315469
HIMACHAL PRADESH,2012,951.6,-0.06583333333333333,Deficit,Neutral,0.397130746657972,13,0,686.3,1256.5772727272729,-24.270474991589715,-0.03329563177315469
HIMACHAL PRADESH,2013,1211.9,-0.25916666666666666,Normal,Neutral,0.32148679491359633,13,2,748.2,1256.5772727272729,-3.5554735627444005,-0.03329563177315469
HIMACHAL PRADESH,2014,1008.7,0.22833333333333336,Deficit,Neutral,0.5122269318552332,13,0,486.6,1256.5772727272729,-19.726385166053536,-0.03329563177315469
HIMACHAL PRADESH,2015,1210.5,1.4749999999999999,Normal,El_Nino,1.0,13,2,607.2,1256.5772727272729,-3.666887323790829,-0.03329563177315469
JAMMU & KASHMIR,1950,1523.1,-0.8783333333333334,Excess,La_Nina,0.07923051842191065,14,1,749.8,1187.9215384615384,28.215538710792863,0.210148058046955
JAMMU & KASHMIR,1951,963.0,0.43333333333333335,Deficit,Neutral,0.5924356048255625,14,0,369.8,1187.9215384615384,-18.934039932707282,0.210148058046955
JAMMU & KASHMIR,1952,1069.6,0.013333333333333334,Normal,Neutral,0.4281056406912292,14,2,489.6,1187.9215384615384,-9.96038329389794,0.210148058046955
JAMMU & KASHMIR,1953,1229.6,0.5883333333333334,Normal,El_Nino,0.6530811868275188,14,2,699.1,1187.9215384615384,3.508519728705211,0.210148058046955
JAMMU & KASHMIR,1954,1307.1,-0.33749999999999997,Excess,Neutral,0.2908379523964787,14,1,531.4,1187.9215384615384,10.032519630278612,0.210148058046955
JAMMU & KASHMIR,1955,1156.4,-0.9391666666666666,Normal,La_Nina,0.05542875774372352,14,2,599.3,1187.9215384615384,-2.6535034041357157,0.210148058046955
JAMMU & KASHMIR,1956,1520.8,-0.5558333333333333,Excess,La_Nina,0.20541245516791654,14,1,811.6,1187.9215384615384,28.021923229842947,0.210148058046955
JAMMU & KASHMIR,1957,1520.3,0.7808333333333333,Excess,El_Nino,0.7283990870557548,14,1,450.4,1187.9215384615384,27.97983290789732,0.210148058046955
JAMMU & KASHMIR,1958,1350.4,0.7166666666666667,Excess,El_Nino,0.7032931203130095,14,1,782.5,1187.9215384615384,13.677541510770604,0.210148058046955
JAMMU & KASHMIR,1959,1550.3,0.1991666666666667,Excess,Neutral,0.5008151287903488,14,1,961.2,1187.9215384615384,30.505252224635406,0.210148058046955
JAMMU & KASHMIR,1960,766.4,0.050833333333333335,Deficit,Neutral,0.442777958917509,14,0,443.1,1187.9215384615384,-35.48395452173091,0.210148058046955
JAMMU & KASHMIR,1961,1138.2,-0.02416666666666667,Normal,Neutral,0.41343332246494946,14,2,642.7,1187.9215384615384,-4.1855911229568274,0.210148058046955
JAMMU & KASHMIR,1962,930.3,-0.17333333333333334,Deficit,Neutral,0.35507010107597003,14,0,482.3,1187.9215384615384,-21.686746987951803,0.210148058046955
JAMMU & KASHMIR,1963,909.2,0.5499999999999999,Deficit,El_Nino,0.6380828170850994,14,0,193.1,1187.9215384615384,-23.462958574057588,0.210148058046955
JAMMU & KASHMIR,1964,946.2,-0.3758333333333333,Deficit,Neutral,0.2758395826540594,14,0,423.5,1187.9215384615384,-20.34827475008061,0.210148058046955
JAMMU & KASHMIR,1965,912.6,0.805,Deficit,El_Nino,0.7378545810238017,14,0,194.7,1187.9215384615384,-23.176744384827273,0.210148058046955
JAMMU & KASHMIR,1966,1378.9,0.28250000000000003,Excess,Neutral,0.5334202804043039,14,1,650.9,1187.9215384615384,16.07668986167179,0.210148058046955
JAMMU & KASHMIR,1967,1091.3,-0.31416666666666665,Normal,Neutral,0.2999673948483861,14,2,466.3,1187.9215384615384,-8.133663321457384,0.210148058046955
JAMMU & KASHMIR,1968,1065.6,0.07166666666666667,Deficit,Neutral,0.4509292468209977,14,0,515.5,1187.9215384615384,-10.297105869463019,0.210148058046955
JAMMU & KASHMIR,1969,1095.6,0.6783333333333333,Normal,El_Nino,0.6882947505705902,14,2,411.3,1187.9215384615384,-7.771686552724928,0.210148058046955
JAMMU & KASHMIR,1970,657.0,-0.2925,Deficit,Neutral,0.30844473426801433,14,0,331.0,1187.9215384615384,-44.693316963435805,0.210148058046955
JAMMU & KASHMIR,1971,764.7,-0.8608333333333333,Deficit,La_Nina,0.08607760026084121,14,0,417.1,1187.9215384615384,-35.62706161634606,0.210148058046955
JAMMU & KASHMIR,1972,1145.6,0.8066666666666666,Normal,El_Nino,0.7385066840560809,14,2,364.5,1187.9215384615384,-3.5626543581614434,0.210148058046955
JAMMU & KASHMIR,1973,1100.5,-0.5808333333333334,Normal,La_Nina,0.19563090968372998,14,2,555.2,1187.9215384615384,-7.359201397657699,0.210148058046955
JAMMU & KASHMIR,1974,802.6,-0.8875000000000001,Deficit,La_Nina,0.0756439517443756,14,0,305.5,1187.9215384615384,-32.43661521286694,0.210148058046955
JAMMU & KASHMIR,1975,1180.4,-0.9966666666666667,Normal,La_Nina,0.03293120313009451,14,2,632.2,1187.9215384615384,-0.6331679507452429,0.210148058046955
JAMMU & KASHMIR,1976,1023.7,-0.021666666666666678,Deficit,Neutral,0.4144114770133681,14,0,481.6,1187.9215384615384,-13.824274848507208,0.210148058046955
JAMMU & KASHMIR,1977,955.0,0.5175,Deficit,El_Nino,0.625366807955657,14,0,418.4,1187.9215384615384,-19.60748508383744,0.210148058046955
JAMMU & KASHMIR,1978,1061.6,-0.04916666666666667,Deficit,Neutral,0.40365177698076293,14,0,492.3,1187.9215384615384,-10.633828445028099,0.210148058046955
JAMMU & KASHMIR,1979,1077.4,0.30833333333333335,Normal,Neutral,0.5435278774046299,14,2,342.3,1187.9215384615384,-9.303774271546022,0.210148058046955
JAMMU & KASHMIR,1980,1017.9,0.21166666666666667,Deficit,Neutral,0.5057059015324421,14,0,395.3,1187.9215384615384,-14.312522583076579,0.210148058046955
JAMMU & KASHMIR,1981,1135.5,-0.25,Normal,Neutral,0.3250733615911314,14,2,405.3,1187.9215384615384,-4.41287886146326,0.210148058046955
JAMMU & KASHMIR,1982,1202.2,0.9125,Normal,El_Nino,0.7799152266058037,14,2,299.4,1187.9215384615384,1.2019700860844327,0.210148058046955
JAMMU & KASHMIR,1983,1485.2,0.45999999999999996,Excess,Neutral,0.602869253342028,14,1,558.2,1187.9215384615384,25.025092307313756,0.210148058046955
JAMMU & KASHMIR,1984,1157.4,-0.5516666666666666,Normal,La_Nina,0.2070427127486143,14,2,553.9,1187.9215384615384,-2.5693227602444457,0.210148058046955
JAMMU & KASHMIR,1985,1167.1,-0.5775,Normal,La_Nina,0.19693511574828823,14,2,559.4,1187.9215384615384,-1.752770514499145,0.210148058046955
JAMMU & KASHMIR,1986,1521.0,0.26666666666666666,Excess,Neutral,0.5272253015976525,14,1,548.9,1187.9215384615384,28.038759358621206,0.210148058046955
JAMMU & KASHMIR,1987,1216.0,1.1824999999999999,Normal,El_Nino,0.8855559178350179,14,2,372.5,1187.9215384615384,2.363662971783951,0.210148058046955
JAMMU & KASHMIR,1988,1670.9,-0.89,Excess,La_Nina,0.07466579719595695,14,1,964.4,1187.9215384615384,40.65743787792254,0.210148058046955
JAMMU & KASHMIR,1989,1216.0,-0.62,Normal,La_Nina,0.18030648842517116,14,2,517.1,1187.9215384615384,2.363662971783951,0.210148058046955
JAMMU & KASHMIR,1990,1574.0,0.2708333333333333,Excess,Neutral,0.5288555591783501,14,1,511.5,1187.9215384615384,32.5003334848585,0.210148058046955
JAMMU & KASHMIR,1991,1448.8,0.6541666666666667,Excess,El_Nino,0.6788392566025432,14,1,591.6,1187.9215384615384,21.960916869671532,0.210148058046955
JAMMU & KASHMIR,1992,1478.1,0.6091666666666666,Excess,El_Nino,0.6612324747310074,14,1,746.1,1187.9215384615384,24.427409735685732,0.210148058046955
JAMMU & KASHMIR,1993,1243.8,0.3566666666666667,Normal,Neutral,0.5624388653407238,14,2,566.0,1187.9215384615384,4.703884871961245,0.210148058046955
JAMMU & KASHMIR,1994,1732.5,0.3658333333333333,Excess,Neutral,0.566025432018259,14,1,870.3,1187.9215384615384,45.84296554162475,0.210148058046955
JAMMU & KASHMIR,1995,1619.6,-0.21583333333333332,Excess,Neutral,0.33844147375285294,14,1,845.4,1187.9215384615384,36.33897084630039,0.210148058046955
JAMMU & KASHMIR,1996,1620.4,-0.4058333333333333,Excess,Neutral,0.26410172807303556,14,1,811.8,1187.9215384615384,36.40631536141342,0.210148058046955
JAMMU & KASHMIR,1997,1295.9,1.1416666666666666,Normal,El_Nino,0.86957939354418,14,2,553.4,1187.9215384615384,9.089696418696407,0.210148058046955
JAMMU & KASHMIR,1998,1325.9,0.041666666666666664,Excess,Neutral,0.43919139223997394,14,1,449.3,1187.9215384615384,11.615115735434497,0.210148058046955
JAMMU & KASHMIR,1999,890.3,-1.0808333333333333,Deficit,La_Nina,0.0,14,0,415.5,1187.9215384615384,-25.053972743602593,0.210148058046955
JAMMU & KASHMIR,2000,984.6,-0.7658333333333333,Deficit,La_Nina,0.12324747310074996,14,0,485.9,1187.9215384615384,-17.115738024655855,0.210148058046955
JAMMU & KASHMIR,2001,952.7,-0.2941666666666667,Deficit,Neutral,0.30779263123573525,14,0,546.3,1187.9215384615384,-19.801100564787358,0.210148058046955
JAMMU & KASHMIR,2002,903.5,0.5141666666666667,Deficit,El_Nino,0.6240626018910989,14,0,488.3,1187.9215384615384,-23.94278824423783,0.210148058046955
JAMMU & KASHMIR,2003,1311.1,0.235,Excess,Neutral,0.5148353439843495,14,1,488.5,1187.9215384615384,10.369242205843692,0.210148058046955
JAMMU & KASHMIR,2004,944.9,0.3925,Deficit,Neutral,0.5764590805347245,14,0,331.8,1187.9215384615384,-20.457709587139266,0.210148058046955
JAMMU & KASHMIR,2005,1692.7,0.029166666666666684,Excess,Neutral,0.4343006194978807,14,1,609.7,1187.9215384615384,42.492575914752216,0.210148058046955
JAMMU & KASHMIR,2006,1519.8,0.04,Excess,Neutral,0.4385392892076948,14,1,817.8,1187.9215384615384,27.937742585951682,0.210148058046955
JAMMU & KASHMIR,2007,1023.5,-0.6133333333333333,Deficit,La_Nina,0.18291490055428758,14,0,506.1,1187.9215384615384,-13.841110977285464,0.210148058046955
JAMMU & KASHMIR,2008,1224.5,-0.8083333333333335,Normal,La_Nina,0.10661884577763281,14,2,612.0,1187.9215384615384,3.079198444859743,0.210148058046955
JAMMU & KASHMIR,2009,,0.2591666666666667,Normal,Neutral,0.5242908379523965,14,2,,1187.9215384615384,,0.210148058046955
JAMMU & KASHMIR,2010,997.9,-0.4266666666666667,Deficit,Neutral,0.25595044016954677,14,0,522.9,1187.9215384615384,-15.996135460901971,0.210148058046955
JAMMU & KASHMIR,2011,887.6,-0.7691666666666667,Deficit,La_Nina,0.12194326703619174,14,0,357.3,1187.9215384615384,-25.281260482109012,0.210148058046955
JAMMU & KASHMIR,2012,1034.7,-0.06583333333333333,Deficit,Neutral,0.397130746657972,14,0,523.0,1187.9215384615384,-12.898287765703243,0.210148058046955
JAMMU & KASHMIR,2013,859.3,-0.25916666666666666,Deficit,Neutral,0.32148679491359633,14,0,465.8,1187.9215384615384,-27.663572704231953,0.210148058046955
JAMMU & KASHMIR,2014,1093.4,0.22833333333333336,Normal,Neutral,0.5122269318552332,14,2,623.2,1187.9215384615384,-7.956883969285706,0.210148058046955
JAMMU & KASHMIR,2015,1572.8,1.4749999999999999,Excess,El_Nino,1.0,14,1,614.0,1187.9215384615384,32.39931671218898,0.210148058046955
WEST RAJASTHAN,1950,278.3,-0.8783333333333334,Normal,La_Nina,0.07923051842191065,34,2,273.0,297.19848484848484,-6.358876579777817,-0.15268822431003948
WEST RAJASTHAN,1951,179.8,0.43333333333333335,Deficit,Neutral,0.5924356048255625,34,0,137.9,297.19848484848484,-39.501710416974674,-0.15268822431003948
WEST RAJASTHAN,1952,267.1,0.013333333333333334,Deficit,Neutral,0.4281056406912292,34,0,259.9,297.19848484848484,-10.12740184857583,-0.15268822431003948
WEST RAJASTHAN,1953,304.4,0.5883333333333334,Normal,El_Nino,0.6530811868275188,34,2,290.7,297.19848484848484,2.4231331984032667,-0.15268822431003948
WEST RAJASTHAN,1954,250.4,-0.33749999999999997,Deficit,Neutral,0.2908379523964787,34,0,231.1,297.19848484848484,-15.746542204730025,-0.15268822431003948
WEST RAJASTHAN,1955,391.3,-0.9391666666666666,Excess,La_Nina,0.05542875774372352,34,1,352.5,297.19848484848484,31.662851578630757,-0.15268822431003948
WEST RAJASTHAN,1956,374.2,-0.5558333333333333,Excess,La_Nina,0.20541245516791654,34,1,317.1,297.19848484848484,25.909121034305205,-0.15268822431003948
WEST RAJASTHAN,1957,267.1,0.7808333333333333,Deficit,El_Nino,0.7283990870557548,34,0,217.2,297.19848484848484,-10.12740184857583,-0.15268822431003948
WEST RAJASTHAN,1958,264.1,0.7166666666666667,Deficit,El_Nino,0.7032931203130095,34,0,233.3,297.19848484848484,-11.136828259861014,-0.15268822431003948
WEST RAJASTHAN,1959,335.3,0.1991666666666667,Excess,Neutral,0.5008151287903488,34,1,306.1,297.19848484848484,12.820225234640667,-0.15268822431003948
WEST RAJASTHAN,1960,217.8,0.050833333333333335,Deficit,Neutral,0.442777958917509,34,0,206.7,297.19848484848484,-26.715642540695683,-0.15268822431003948
WEST RAJASTHAN,1961,400.3,-0.02416666666666667,Excess,Neutral,0.41343332246494946,34,1,365.5,297.19848484848484,34.69113081248631,-0.15268822431003948
WEST RAJASTHAN,1962,262.5,-0.17333333333333334,Deficit,Neutral,0.35507010107597003,34,0,247.0,297.19848484848484,-11.675189012546454,-0.15268822431003948
WEST RAJASTHAN,1963,174.5,0.5499999999999999,Deficit,El_Nino,0.6380828170850994,34,0,153.0,297.19848484848484,-41.28503041024516,-0.15268822431003948
WEST RAJASTHAN,1964,337.3,-0.3758333333333333,Excess,Neutral,0.2758395826540594,34,1,321.2,297.19848484848484,13.493176175497457,-0.15268822431003948
WEST RAJASTHAN,1965,215.3,0.805,Deficit,El_Nino,0.7378545810238017,34,0,193.9,297.19848484848484,-27.55683121676667,-0.15268822431003948
WEST RAJASTHAN,1966,252.9,0.28250000000000003,Deficit,Neutral,0.5334202804043039,34,0,226.0,297.19848484848484,-14.905353528659038,-0.15268822431003948
WEST RAJASTHAN,1967,340.3,-0.31416666666666665,Excess,Neutral,0.2999673948483861,34,1,248.5,297.19848484848484,14.50260258678264,-0.15268822431003948
WEST RAJASTHAN,1968,142.2,0.07166666666666667,Deficit,Neutral,0.4509292468209977,34,0,122.4,297.19848484848484,-52.153188105082315,-0.15268822431003948
WEST RAJASTHAN,1969,119.0,0.6783333333333333,Deficit,El_Nino,0.6882947505705902,34,0,110.8,297.19848484848484,-59.959419019021055,-0.15268822431003948
WEST RAJASTHAN,1970,355.7,-0.2925,Excess,Neutral,0.30844473426801433,34,1,326.2,297.19848484848484,19.684324831379907,-0.15268822431003948
WEST RAJASTHAN,1971,251.5,-0.8608333333333333,Deficit,La_Nina,0.08607760026084121,34,0,220.4,297.19848484848484,-15.376419187258792,-0.15268822431003948
WEST RAJASTHAN,1972,185.9,0.8066666666666666,Deficit,El_Nino,0.7385066840560809,34,0,178.7,297.19848484848484,-37.44921004736147,-0.15268822431003948
WEST RAJASTHAN,1973,454.8,-0.5808333333333334,Excess,La_Nina,0.19563090968372998,34,1,440.8,297.19848484848484,53.02904395083381,-0.15268822431003948
WEST RAJASTHAN,1974,164.3,-0.8875000000000001,Deficit,La_Nina,0.0756439517443756,34,0,132.8,297.19848484848484,-44.71708020861478,-0.15268822431003948
WEST RAJASTHAN,1975,553.8,-0.9966666666666667,Excess,La_Nina,0.03293120313009451,34,1,522.2,297.19848484848484,86.34011552324485,-0.15268822431003948
WEST RAJASTHAN,1976,425.2,-0.021666666666666678,Excess,Neutral,0.4144114770133681,34,1,390.4,297.19848484848484,43.06937002615332,-0.15268822431003948
WEST RAJASTHAN,1977,389.4,0.5175,Excess,El_Nino,0.625366807955657,34,1,362.6,297.19848484848484,31.023548184816796,-0.15268822431003948
WEST RAJASTHAN,1978,379.7,-0.04916666666666667,Excess,Neutral,0.40365177698076293,34,1,345.6,297.19848484848484,27.759736121661373,-0.15268822431003948
WEST RAJASTHAN,1979,308.2,0.30833333333333335,Normal,Neutral,0.5435278774046299,34,2,226.1,297.19848484848484,3.7017399860311695,-0.15268822431003948
WEST RAJASTHAN,1980,238.4,0.21166666666666667,Deficit,Neutral,0.5057059015324421,34,0,206.8,297.19848484848484,-19.78424784987076,-0.15268822431003948
WEST RAJASTHAN,1981,248.5,-0.25,Deficit,Neutral,0.3250733615911314,34,0,187.3,297.19848484848484,-16.385845598543977,-0.15268822431003948
WEST RAJASTHAN,1982,311.8,0.9125,Normal,El_Nino,0.7799152266058037,34,2,202.9,297.19848484848484,4.913051679573397,-0.15268822431003948
WEST RAJASTHAN,1983,469.3,0.45999999999999996,Excess,Neutral,0.602869253342028,34,1,380.1,297.19848484848484,57.90793827204552,-0.15268822431003948
WEST RAJASTHAN,1984,203.2,-0.5516666666666666,Deficit,La_Nina,0.2070427127486143,34,0,198.9,297.19848484848484,-31.62818440895025,-0.15268822431003948
WEST RAJASTHAN,1985,197.4,-0.5775,Deficit,La_Nina,0.19693511574828823,34,0,169.3,297.19848484848484,-33.579742137434934,-0.15268822431003948
WEST RAJASTHAN,1986,204.2,0.26666666666666666,Deficit,Neutral,0.5272253015976525,34,0,164.0,297.19848484848484,-31.291708938521857,-0.15268822431003948
WEST RAJASTHAN,1987,143.0,1.1824999999999999,Deficit,El_Nino,0.8855559178350179,34,0,90.7,297.19848484848484,-51.88400772873959,-0.15268822431003948
WEST RAJASTHAN,1988,280.4,-0.89,Normal,La_Nina,0.07466579719595695,34,2,264.7,297.19848484848484,-5.6522780918782,-0.15268822431003948
WEST RAJASTHAN,1989,248.1,-0.62,Deficit,La_Nina,0.18030648842517116,34,0,236.2,297.19848484848484,-16.520435786715336,-0.15268822431003948
WEST RAJASTHAN,1990,445.0,0.2708333333333333,Excess,Neutral,0.5288555591783501,34,1,396.1,297.19848484848484,49.731584340635536,-0.15268822431003948
WEST RAJASTHAN,1991,179.0,0.6541666666666667,Deficit,El_Nino,0.6788392566025432,34,0,152.4,297.19848484848484,-39.77089079331739,-0.15268822431003948
WEST RAJASTHAN,1992,425.8,0.6091666666666666,Excess,El_Nino,0.6612324747310074,34,1,394.9,297.19848484848484,43.27125530841037,-0.15268822431003948
WEST RAJASTHAN,1993,293.5,0.3566666666666667,Normal,Neutral,0.5624388653407238,34,2,275.4,297.19848484848484,-1.2444494292662251,-0.15268822431003948
WEST RAJASTHAN,1994,415.5,0.3658333333333333,Excess,Neutral,0.566025432018259,34,1,391.4,297.19848484848484,39.8055579629979,-0.15268822431003948
WEST RAJASTHAN,1995,367.9,-0.21583333333333332,Excess,Neutral,0.33844147375285294,34,1,331.5,297.19848484848484,23.789325570606316,-0.15268822431003948
WEST RAJASTHAN,1996,307.9,-0.4058333333333333,Normal,Neutral,0.26410172807303556,34,2,271.9,297.19848484848484,3.6007973449026474,-0.15268822431003948
WEST RAJASTHAN,1997,345.1,1.1416666666666666,Excess,El_Nino,0.86957939354418,34,1,246.7,297.19848484848484,16.117684844838937,-0.15268822431003948
WEST RAJASTHAN,1998,279.6,0.041666666666666664,Normal,Neutral,0.43919139223997394,34,2,201.6,297.19848484848484,-5.921458468220901,-0.15268822431003948
WEST RAJASTHAN,1999,204.3,-1.0808333333333333,Deficit,La_Nina,0.0,34,0,147.6,297.19848484848484,-31.258061391479007,-0.15268822431003948
WEST RAJASTHAN,2000,235.3,-0.7658333333333333,Deficit,La_Nina,0.12324747310074996,34,0,225.1,297.19848484848484,-20.82732180819878,-0.15268822431003948
WEST RAJASTHAN,2001,285.3,-0.2941666666666667,Normal,Neutral,0.30779263123573525,34,2,243.1,297.19848484848484,-4.003548286779056,-0.15268822431003948
WEST RAJASTHAN,2002,92.4,0.5141666666666667,Deficit,El_Nino,0.6240626018910989,34,0,67.2,297.19848484848484,-68.90966653241635,-0.15268822431003948
WEST RAJASTHAN,2003,368.1,0.235,Excess,Neutral,0.5148353439843495,34,1,341.1,297.19848484848484,23.85662066469201,-0.15268822431003948
WEST RAJASTHAN,2004,196.7,0.3925,Deficit,Neutral,0.5764590805347245,34,0,163.3,297.19848484848484,-33.81527496673481,-0.15268822431003948
WEST RAJASTHAN,2005,260.8,0.029166666666666684,Deficit,Neutral,0.4343006194978807,34,0,215.4,297.19848484848484,-12.24719731227472,-0.15268822431003948
WEST RAJASTHAN,2006,361.3,0.04,Excess,Neutral,0.4385392892076948,34,1,324.4,297.19848484848484,21.568587465778926,-0.15268822431003948
WEST RAJASTHAN,2007,310.8,-0.6133333333333333,Normal,La_Nina,0.18291490055428758,34,2,246.7,297.19848484848484,4.576576209145003,-0.15268822431003948
WEST RAJASTHAN,2008,324.1,-0.8083333333333335,Normal,La_Nina,0.10661884577763281,34,2,269.5,297.19848484848484,9.051699965842653,-0.15268822431003948
WEST RAJASTHAN,2009,160.4,0.2591666666666667,Deficit,Neutral,0.5242908379523965,34,0,139.8,297.19848484848484,-46.02933454328553,-0.15268822431003948
WEST RAJASTHAN,2010,473.2,-0.4266666666666667,Excess,Neutral,0.25595044016954677,34,1,439.2,297.19848484848484,59.22019260671626,-0.15268822431003948
WEST RAJASTHAN,2011,418.7,-0.7691666666666667,Excess,La_Nina,0.12194326703619174,34,1,396.1,297.19848484848484,40.88227946836876,-0.15268822431003948
WEST RAJASTHAN,2012,327.3,-0.06583333333333333,Excess,Neutral,0.397130746657972,34,1,304.3,297.19848484848484,10.12842147121351,-0.15268822431003948
WEST RAJASTHAN,2013,389.4,-0.25916666666666666,Excess,Neutral,0.32148679491359633,34,1,339.0,297.19848484848484,31.023548184816796,-0.15268822431003948
WEST RAJASTHAN,2014,302.4,0.22833333333333336,Normal,Neutral,0.5122269318552332,34,2,262.6,297.19848484848484,1.7501822575464776,-0.15268822431003948
WEST RAJASTHAN,2015,458.4,1.4749999999999999,Excess,El_Nino,1.0,34,1,384.0,297.19848484848484,54.24035564437602,-0.15268822431003948
EAST RAJASTHAN,1950,740.1,-0.8783333333333334,Excess,La_Nina,0.07923051842191065,8,1,728.4,647.1636363636364,14.360566387593405,-0.25786916281714534
EAST RAJASTHAN,1951,362.9,0.43333333333333335,Deficit,Neutral,0.5924356048255625,8,0,324.6,647.1636363636364,-43.924537843456775,-0.25786916281714534
EAST RAJASTHAN,1952,712.7,0.013333333333333334,Excess,Neutral,0.4281056406912292,8,1,701.2,647.1636363636364,10.126706748328363,-0.25786916281714534
EAST RAJASTHAN,1953,585.9,0.5883333333333334,Normal,El_Nino,0.6530811868275188,8,2,546.6,647.1636363636364,-9.466483115131778,-0.25786916281714534
EAST RAJASTHAN,1954,665.9,-0.33749999999999997,Normal,Neutral,0.2908379523964787,8,2,613.5,647.1636363636364,2.895150868123825,-0.25786916281714534
EAST RAJASTHAN,1955,844.6,-0.9391666666666666,Excess,La_Nina,0.05542875774372352,8,1,752.9,647.1636363636364,30.507950778221037,-0.25786916281714534
EAST RAJASTHAN,1956,928.8,-0.5558333333333333,Excess,La_Nina,0.20541245516791654,8,1,742.6,647.1636363636364,43.51857054559755,-0.25786916281714534
EAST RAJASTHAN,1957,662.2,0.7808333333333333,Normal,El_Nino,0.7283990870557548,8,2,600.6,647.1636363636364,2.323425296398264,-0.25786916281714534
EAST RAJASTHAN,1958,742.7,0.7166666666666667,Excess,El_Nino,0.7032931203130095,8,1,713.7,647.1636363636364,14.762319492049214,-0.25786916281714534
EAST RAJASTHAN,1959,786.2,0.1991666666666667,Excess,Neutral,0.5008151287903488,8,1,690.5,647.1636363636364,21.48395797044445,-0.25786916281714534
EAST RAJASTHAN,1960,591.6,0.050833333333333335,Normal,Neutral,0.442777958917509,8,2,567.3,647.1636363636364,-8.585716693824809,-0.25786916281714534
EAST RAJASTHAN,1961,884.2,-0.02416666666666667,Excess,Neutral,0.41343332246494946,8,1,829.8,647.1636363636364,36.62695959993256,-0.25786916281714534
EAST RAJASTHAN,1962,604.1,-0.17333333333333334,Normal,Neutral,0.35507010107597003,8,2,583.4,647.1636363636364,-6.6542113839411225,-0.25786916281714534
EAST RAJASTHAN,1963,577.7,0.5499999999999999,Deficit,El_Nino,0.6380828170850994,8,0,544.7,647.1636363636364,-10.733550598415468,-0.25786916281714534
EAST RAJASTHAN,1964,646.3,-0.3758333333333333,Normal,Neutral,0.2758395826540594,8,2,614.5,647.1636363636364,-0.13344945777380124,-0.25786916281714534
EAST RAJASTHAN,1965,423.8,0.805,Deficit,El_Nino,0.7378545810238017,8,0,399.0,647.1636363636364,-34.514243973703444,-0.25786916281714534
EAST RAJASTHAN,1966,473.4,0.28250000000000003,Deficit,Neutral,0.5334202804043039,8,0,454.0,647.1636363636364,-26.85003090408497,-0.25786916281714534
EAST RAJASTHAN,1967,759.9,-0.31416666666666665,Excess,Neutral,0.2999673948483861,8,1,658.5,647.1636363636364,17.420070798449157,-0.25786916281714534
EAST RAJASTHAN,1968,519.6,0.07166666666666667,Deficit,Neutral,0.4509292468209977,8,0,493.4,647.1636363636364,-19.711187278754853,-0.25786916281714534
EAST RAJASTHAN,1969,634.1,0.6783333333333333,Normal,El_Nino,0.6882947505705902,8,2,618.8,647.1636363636364,-2.01859864022027,-0.25786916281714534
EAST RAJASTHAN,1970,718.4,-0.2925,Excess,Neutral,0.30844473426801433,8,1,674.2,647.1636363636364,11.007473169635315,-0.25786916281714534
EAST RAJASTHAN,1971,784.4,-0.8608333333333333,Excess,La_Nina,0.08607760026084121,8,1,732.4,647.1636363636364,21.205821205821188,-0.25786916281714534
EAST RAJASTHAN,1972,454.3,0.8066666666666666,Deficit,El_Nino,0.7385066840560809,8,0,440.9,647.1636363636364,-29.801371017587243,-0.25786916281714534
EAST RAJASTHAN,1973,948.2,-0.5808333333333334,Excess,La_Nina,0.19563090968372998,8,1,919.5,647.1636363636364,46.516266786537045,-0.25786916281714534
EAST RAJASTHAN,1974,611.8,-0.8875000000000001,Normal,La_Nina,0.0756439517443756,8,2,512.9,647.1636363636364,-5.4644041130527805,-0.25786916281714534
EAST RAJASTHAN,1975,897.9,-0.9966666666666667,Excess,La_Nina,0.03293120313009451,8,1,849.6,647.1636363636364,38.74388941956507,-0.25786916281714534
EAST RAJASTHAN,1976,815.3,-0.021666666666666678,Excess,Neutral,0.4144114770133681,8,1,736.1,647.1636363636364,25.98050233185366,-0.25786916281714534
EAST RAJASTHAN,1977,887.5,0.5175,Excess,El_Nino,0.625366807955657,8,1,845.8,647.1636363636364,37.13687700174185,-0.25786916281714534
EAST RAJASTHAN,1978,727.1,-0.04916666666666667,Excess,Neutral,0.40365177698076293,8,1,691.7,647.1636363636364,12.351800865314368,-0.25786916281714534
EAST RAJASTHAN,1979,515.1,0.30833333333333335,Deficit,Neutral,0.5435278774046299,8,0,398.5,647.1636363636364,-20.40652919031298,-0.25786916281714534
EAST RAJASTHAN,1980,547.5,0.21166666666666667,Deficit,Neutral,0.5057059015324421,8,0,522.7,647.1636363636364,-15.400067427094463,-0.25786916281714534
EAST RAJASTHAN,1981,615.3,-0.25,Normal,Neutral,0.3250733615911314,8,2,563.5,647.1636363636364,-4.923582626285348,-0.25786916281714534
EAST RAJASTHAN,1982,660.2,0.9125,Normal,El_Nino,0.7799152266058037,8,2,520.4,647.1636363636364,2.014384446816874,-0.25786916281714534
EAST RAJASTHAN,1983,795.3,0.45999999999999996,Excess,Neutral,0.602869253342028,8,1,696.7,647.1636363636364,22.89009383603976,-0.25786916281714534
EAST RAJASTHAN,1984,563.3,-0.5516666666666666,Deficit,La_Nina,0.2070427127486143,8,0,561.1,647.1636363636364,-12.95864471540149,-0.25786916281714534
EAST RAJASTHAN,1985,588.1,-0.5775,Normal,La_Nina,0.19693511574828823,8,2,480.3,647.1636363636364,-9.126538180592242,-0.25786916281714534
EAST RAJASTHAN,1986,590.1,0.26666666666666666,Normal,Neutral,0.5272253015976525,8,2,532.2,647.1636363636364,-8.817497331010852,-0.25786916281714534
EAST RAJASTHAN,1987,435.7,1.1824999999999999,Deficit,El_Nino,0.8855559178350179,8,0,355.4,647.1636363636364,-32.67545091869417,-0.25786916281714534
EAST RAJASTHAN,1988,640.1,-0.89,Normal,La_Nina,0.07466579719595695,8,2,612.8,647.1636363636364,-1.0914760914761001,-0.25786916281714534
EAST RAJASTHAN,1989,510.5,-0.62,Deficit,La_Nina,0.18030648842517116,8,0,500.0,647.1636363636364,-21.11732314435018,-0.25786916281714534
EAST RAJASTHAN,1990,780.1,0.2708333333333333,Excess,Neutral,0.5288555591783501,8,1,720.0,647.1636363636364,20.541383379221205,-0.25786916281714534
EAST RAJASTHAN,1991,578.6,0.6541666666666667,Deficit,El_Nino,0.6788392566025432,8,0,550.1,647.1636363636364,-10.594482216103845,-0.25786916281714534
EAST RAJASTHAN,1992,723.6,0.6091666666666666,Excess,El_Nino,0.6612324747310074,8,1,649.0,647.1636363636364,11.810979378546936,-0.25786916281714534
EAST RAJASTHAN,1993,595.2,0.3566666666666667,Normal,Neutral,0.5624388653407238,8,2,567.3,647.1636363636364,-8.029443164578304,-0.25786916281714534
EAST RAJASTHAN,1994,839.2,0.3658333333333333,Excess,Neutral,0.566025432018259,8,1,802.5,647.1636363636364,29.673540484351285,-0.25786916281714534
EAST RAJASTHAN,1995,754.3,-0.21583333333333332,Excess,Neutral,0.33844147375285294,8,1,701.3,647.1636363636364,16.554756419621263,-0.25786916281714534
EAST RAJASTHAN,1996,715.7,-0.4058333333333333,Excess,Neutral,0.26410172807303556,8,1,680.2,647.1636363636364,10.590268022700448,-0.25786916281714534
EAST RAJASTHAN,1997,573.9,1.1416666666666666,Deficit,El_Nino,0.86957939354418,8,0,470.6,647.1636363636364,-11.32072821262012,-0.25786916281714534
EAST RAJASTHAN,1998,475.8,0.041666666666666664,Deficit,Neutral,0.43919139223997394,8,0,425.2,647.1636363636364,-26.479181884587298,-0.25786916281714534
EAST RAJASTHAN,1999,408.4,-1.0808333333333333,Deficit,La_Nina,0.0,8,0,379.9,647.1636363636364,-36.89385851548015,-0.25786916281714534
EAST RAJASTHAN,2000,440.0,-0.7658333333333333,Deficit,La_Nina,0.12324747310074996,8,0,415.0,647.1636363636364,-32.01101309209418,-0.25786916281714534
EAST RAJASTHAN,2001,551.2,-0.2941666666666667,Deficit,Neutral,0.30779263123573525,8,0,505.7,647.1636363636364,-14.828341855368885,-0.25786916281714534
EAST RAJASTHAN,2002,285.3,0.5141666666666667,Deficit,El_Nino,0.6240626018910989,8,0,256.8,647.1636363636364,-55.91532280721471,-0.25786916281714534
EAST RAJASTHAN,2003,626.6,0.235,Normal,Neutral,0.5148353439843495,8,2,594.4,647.1636363636364,-3.1775018261504835,-0.25786916281714534
EAST RAJASTHAN,2004,606.2,0.3925,Normal,Neutral,0.5764590805347245,8,2,564.2,647.1636363636364,-6.329718491880658,-0.25786916281714534
EAST RAJASTHAN,2005,567.9,0.029166666666666684,Deficit,Neutral,0.4343006194978807,8,0,547.1,647.1636363636364,-12.247850761364289,-0.25786916281714534
EAST RAJASTHAN,2006,748.4,0.04,Excess,Neutral,0.4385392892076948,8,1,720.0,647.1636363636364,15.643085913356167,-0.25786916281714534
EAST RAJASTHAN,2007,575.7,-0.6133333333333333,Deficit,La_Nina,0.18291490055428758,8,0,540.1,647.1636363636364,-11.042591447996857,-0.25786916281714534
EAST RAJASTHAN,2008,644.6,-0.8083333333333335,Normal,La_Nina,0.10661884577763281,8,2,607.3,647.1636363636364,-0.3961341799179723,-0.25786916281714534
EAST RAJASTHAN,2009,414.1,0.2591666666666667,Deficit,Neutral,0.5242908379523965,8,0,386.7,647.1636363636364,-36.013092094173174,-0.25786916281714534
EAST RAJASTHAN,2010,689.4,-0.4266666666666667,Normal,Neutral,0.25595044016954677,8,2,628.3,647.1636363636364,6.526380850705158,-0.25786916281714534
EAST RAJASTHAN,2011,802.1,-0.7691666666666667,Excess,La_Nina,0.12194326703619174,8,1,784.9,647.1636363636364,23.9408327246165,-0.25786916281714534
EAST RAJASTHAN,2012,693.6,-0.06583333333333333,Normal,Neutral,0.397130746657972,8,2,678.0,647.1636363636364,7.1753666348260845,-0.25786916281714534
EAST RAJASTHAN,2013,836.1,-0.25916666666666666,Excess,Neutral,0.32148679491359633,8,1,776.1,647.1636363636364,29.194527167500127,-0.25786916281714534
EAST RAJASTHAN,2014,683.3,0.22833333333333336,Normal,Neutral,0.5122269318552332,8,2,618.4,647.1636363636364,5.583806259481915,-0.25786916281714534
EAST RAJASTHAN,2015,650.7,1.4749999999999999,Normal,El_Nino,1.0,8,2,557.0,647.1636363636364,0.546440411305271,-0.25786916281714534
WEST MADHYA PRADESH,1950,904.5,-0.8783333333333334,Normal,La_Nina,0.07923051842191065,33,2,859.2,947.9092307692307,-4.579471257390753,-0.2076714071655603
WEST MADHYA PRADESH,1951,649.7,0.43333333333333335,Deficit,Neutral,0.5924356048255625,33,0,610.7,947.9092307692307,-31.459682118216435,-0.2076714071655603
WEST MADHYA PRADESH,1952,829.1,0.013333333333333334,Deficit,Neutral,0.4281056406912292,33,0,806.4,947.9092307692307,-12.53381936926774,-0.2076714071655603
WEST MADHYA PRADESH,1953,793.7,0.5883333333333334,Deficit,El_Nino,0.6530811868275188,33,0,756.9,947.9092307692307,-16.26835415919407,-0.2076714071655603
WEST MADHYA PRADESH,1954,1100.7,-0.33749999999999997,Excess,Neutral,0.2908379523964787,33,1,1052.6,947.9092307692307,16.118713086777227,-0.2076714071655603
WEST MADHYA PRADESH,1955,1149.2,-0.9391666666666666,Excess,La_Nina,0.05542875774372352,33,1,977.1,947.9092307692307,21.2352367396424,-0.2076714071655603
WEST MADHYA PRADESH,1956,1065.8,-0.5558333333333333,Excess,La_Nina,0.20541245516791654,33,1,886.8,947.9092307692307,12.43692596337527,-0.2076714071655603
WEST MADHYA PRADESH,1957,832.9,0.7808333333333333,Deficit,El_Nino,0.7283990870557548,33,0,765.0,947.9092307692307,-12.132937103682433,-0.2076714071655603
WEST MADHYA PRADESH,1958,1099.7,0.7166666666666667,Excess,El_Nino,0.7032931203130095,33,1,1021.2,947.9092307692307,16.013217753728462,-0.2076714071655603
WEST MADHYA PRADESH,1959,1181.4,0.1991666666666667,Excess,Neutral,0.5008151287903488,33,1,1054.5,947.9092307692307,24.632186463812687,-0.2076714071655603
WEST MADHYA PRADESH,1960,882.3,0.050833333333333335,Normal,Neutral,0.442777958917509,33,2,782.1,947.9092307692307,-6.921467651073372,-0.2076714071655603
WEST MADHYA PRADESH,1961,1433.7,-0.02416666666666667,Excess,Neutral,0.41343332246494946,33,1,1263.5,947.9092307692307,51.24865899201645,-0.2076714071655603
WEST MADHYA PRADESH,1962,905.9,-0.17333333333333334,Normal,Neutral,0.35507010107597003,33,2,845.5,947.9092307692307,-4.431777791122482,-0.2076714071655603
WEST MADHYA PRADESH,1963,905.4,0.5499999999999999,Normal,El_Nino,0.6380828170850994,33,2,824.8,947.9092307692307,-4.484525457646866,-0.2076714071655603
WEST MADHYA PRADESH,1964,880.1,-0.3758333333333333,Normal,Neutral,0.2758395826540594,33,2,866.0,947.9092307692307,-7.153557383780653,-0.2076714071655603
WEST MADHYA PRADESH,1965,594.7,0.805,Deficit,El_Nino,0.7378545810238017,33,0,568.5,947.9092307692307,-37.26192543589859,-0.2076714071655603
WEST MADHYA PRADESH,1966,680.0,0.28250000000000003,Deficit,Neutral,0.5334202804043039,33,0,641.5,947.9092307692307,-28.26317352683882,-0.2076714071655603
WEST MADHYA PRADESH,1967,945.6,-0.31416666666666665,Normal,Neutral,0.2999673948483861,33,2,825.4,947.9092307692307,-0.24361306908644975,-0.2076714071655603
WEST MADHYA PRADESH,1968,861.2,0.07166666666666667,Normal,Neutral,0.4509292468209977,33,2,824.4,947.9092307692307,-9.147419178402336,-0.2076714071655603
WEST MADHYA PRADESH,1969,1117.0,0.6783333333333333,Excess,El_Nino,0.6882947505705902,33,1,1063.7,947.9092307692307,17.838287015472115,-0.2076714071655603
WEST MADHYA PRADESH,1970,1113.2,-0.2925,Excess,Neutral,0.30844473426801433,33,1,1053.4,947.9092307692307,17.43740474988681,-0.2076714071655603
WEST MADHYA PRADESH,1971,1135.7,-0.8608333333333333,Excess,La_Nina,0.08607760026084121,33,1,1060.8,947.9092307692307,19.811049743484052,-0.2076714071655603
WEST MADHYA PRADESH,1972,770.3,0.8066666666666666,Deficit,El_Nino,0.7385066840560809,33,0,749.3,947.9092307692307,-18.736944952535215,-0.2076714071655603
WEST MADHYA PRADESH,1973,1406.9,-0.5808333333333334,Excess,La_Nina,0.19563090968372998,33,1,1362.5,947.9092307692307,48.42138406630952,-0.2076714071655603
WEST MADHYA PRADESH,1974,876.6,-0.8875000000000001,Normal,La_Nina,0.0756439517443756,33,2,768.5,947.9092307692307,-7.522791049451334,-0.2076714071655603
WEST MADHYA PRADESH,1975,1064.6,-0.9966666666666667,Excess,La_Nina,0.03293120313009451,33,1,1004.6,947.9092307692307,12.310331563716744,-0.2076714071655603
WEST MADHYA PRADESH,1976,1027.7,-0.021666666666666678,Normal,Neutral,0.4144114770133681,33,2,954.0,947.9092307692307,8.417553774217277,-0.2076714071655603
WEST MADHYA PRADESH,1977,1002.7,0.5175,Normal,El_Nino,0.625366807955657,33,2,927.4,947.9092307692307,5.780170447998117,-0.2076714071655603
WEST MADHYA PRADESH,1978,1003.3,-0.04916666666666667,Normal,Neutral,0.40365177698076293,33,2,927.8,947.9092307692307,5.843467647827367,-0.2076714071655603
WEST MADHYA PRADESH,1979,781.9,0.30833333333333335,Deficit,Neutral,0.5435278774046299,33,0,600.7,947.9092307692307,-17.51319908916952,-0.2076714071655603
WEST MADHYA PRADESH,1980,873.9,0.21166666666666667,Normal,Neutral,0.5057059015324421,33,2,837.2,947.9092307692307,-7.807628448683008,-0.2076714071655603
WEST MADHYA PRADESH,1981,890.2,-0.25,Normal,Neutral,0.3250733615911314,33,2,806.3,947.9092307692307,-6.088054519988108,-0.2076714071655603
WEST MADHYA PRADESH,1982,934.1,0.9125,Normal,El_Nino,0.7799152266058037,33,2,784.7,947.9092307692307,-1.456809399147264,-0.2076714071655603
WEST MADHYA PRADESH,1983,1071.9,0.45999999999999996,Excess,Neutral,0.602869253342028,33,1,982.5,947.9092307692307,13.080447494972757,-0.2076714071655603
WEST MADHYA PRADESH,1984,859.5,-0.5516666666666666,Normal,La_Nina,0.2070427127486143,33,2,825.2,947.9092307692307,-9.326761244585242,-0.2076714071655603
WEST MADHYA PRADESH,1985,874.7,-0.5775,Normal,La_Nina,0.19693511574828823,33,2,705.9,947.9092307692307,-7.723232182243988,-0.2076714071655603
WEST MADHYA PRADESH,1986,937.1,0.26666666666666666,Normal,Neutral,0.5272253015976525,33,2,871.3,947.9092307692307,-1.1403234000009645,-0.2076714071655603
WEST MADHYA PRADESH,1987,783.9,1.1824999999999999,Deficit,El_Nino,0.8855559178350179,33,0,658.9,947.9092307692307,-17.30220842307199,-0.2076714071655603
WEST MADHYA PRADESH,1988,951.2,-0.89,Normal,La_Nina,0.07466579719595695,33,2,875.0,947.9092307692307,0.34716079598664473,-0.2076714071655603
WEST MADHYA PRADESH,1989,758.5,-0.62,Deficit,La_Nina,0.18030648842517116,33,0,738.1,947.9092307692307,-19.981789882510654,-0.2076714071655603
WEST MADHYA PRADESH,1990,1144.0,0.2708333333333333,Excess,Neutral,0.5288555591783501,33,1,1068.7,947.9092307692307,20.68666100778881,-0.2076714071655603
WEST MADHYA PRADESH,1991,745.5,0.6541666666666667,Deficit,El_Nino,0.6788392566025432,33,0,728.5,947.9092307692307,-21.353229212144615,-0.2076714071655603
WEST MADHYA PRADESH,1992,754.2,0.6091666666666666,Deficit,El_Nino,0.6612324747310074,33,0,683.1,947.9092307692307,-20.435419814620346,-0.2076714071655603
WEST MADHYA PRADESH,1993,1031.9,0.3566666666666667,Normal,Neutral,0.5624388653407238,33,2,988.7,947.9092307692307,8.8606341730221,-0.2076714071655603
WEST MADHYA PRADESH,1994,1179.5,0.3658333333333333,Excess,Neutral,0.566025432018259,33,1,1147.0,947.9092307692307,24.431745331020018,-0.2076714071655603
WEST MADHYA PRADESH,1995,864.7,-0.21583333333333332,Normal,Neutral,0.33844147375285294,33,2,803.1,947.9092307692307,-8.778185512731653,-0.2076714071655603
WEST MADHYA PRADESH,1996,1085.4,-0.4058333333333333,Excess,Neutral,0.26410172807303556,33,1,1008.0,947.9092307692307,14.504634491131105,-0.2076714071655603
WEST MADHYA PRADESH,1997,1058.3,1.1416666666666666,Excess,El_Nino,0.86957939354418,33,1,867.6,947.9092307692307,11.645710965509522,-0.2076714071655603
WEST MADHYA PRADESH,1998,926.9,0.041666666666666664,Normal,Neutral,0.43919139223997394,33,2,867.0,947.9092307692307,-2.216375797098387,-0.2076714071655603
WEST MADHYA PRADESH,1999,1052.7,-1.0808333333333333,Excess,La_Nina,0.0,33,1,929.8,947.9092307692307,11.054937100436439,-0.2076714071655603
WEST MADHYA PRADESH,2000,,-0.7658333333333333,Normal,La_Nina,0.12324747310074996,33,2,581.7,947.9092307692307,,-0.2076714071655603
WEST MADHYA PRADESH,2001,787.0,-0.2941666666666667,Deficit,Neutral,0.30779263123573525,33,0,699.1,947.9092307692307,-16.97517289062081,-0.2076714071655603
WEST MADHYA PRADESH,2002,684.1,0.5141666666666667,Deficit,El_Nino,0.6240626018910989,33,0,644.4,947.9092307692307,-27.83064266133887,-0.2076714071655603
WEST MADHYA PRADESH,2003,946.4,0.235,Normal,Neutral,0.5148353439843495,33,2,919.2,947.9092307692307,-0.1592168026474414,-0.2076714071655603
WEST MADHYA PRADESH,2004,848.1,0.3925,Deficit,Neutral,0.5764590805347245,33,0,779.2,947.9092307692307,-10.529408041341178,-0.2076714071655603
WEST MADHYA PRADESH,2005,752.2,0.029166666666666684,Deficit,Neutral,0.4343006194978807,33,0,712.4,947.9092307692307,-20.64641048071788,-0.2076714071655603
WEST MADHYA PRADESH,2006,1169.2,0.04,Excess,Neutral,0.4385392892076948,33,1,1073.5,947.9092307692307,23.34514340061773,-0.2076714071655603
WEST MADHYA PRADESH,2007,806.5,-0.6133333333333333,Deficit,La_Nina,0.18291490055428758,33,0,764.3,947.9092307692307,-14.918013896169866,-0.2076714071655603
WEST MADHYA PRADESH,2008,791.1,-0.8083333333333335,Deficit,La_Nina,0.10661884577763281,33,0,761.5,947.9092307692307,-16.542642025120866,-0.2076714071655603
WEST MADHYA PRADESH,2009,877.0,0.2591666666666667,Normal,Neutral,0.5242908379523965,33,2,689.4,947.9092307692307,-7.4805929162318305,-0.2076714071655603
WEST MADHYA PRADESH,2010,776.3,-0.4266666666666667,Deficit,Neutral,0.25595044016954677,33,0,748.3,947.9092307692307,-18.103972954242618,-0.2076714071655603
WEST MADHYA PRADESH,2011,1063.9,-0.7691666666666667,Excess,La_Nina,0.12194326703619174,33,1,1056.5,947.9092307692307,12.236484830582627,-0.2076714071655603
WEST MADHYA PRADESH,2012,1035.2,-0.06583333333333333,Normal,Neutral,0.397130746657972,33,2,1023.0,947.9092307692307,9.208768772083026,-0.2076714071655603
WEST MADHYA PRADESH,2013,1396.3,-0.25916666666666666,Excess,Neutral,0.32148679491359633,33,1,1280.4,947.9092307692307,47.30313353599258,-0.2076714071655603
WEST MADHYA PRADESH,2014,864.9,0.22833333333333336,Normal,Neutral,0.5122269318552332,33,2,771.6,947.9092307692307,-8.757086446121907,-0.2076714071655603
WEST MADHYA PRADESH,2015,1042.3,1.4749999999999999,Normal,El_Nino,1.0,33,2,914.5,947.9092307692307,9.957785636729257,-0.2076714071655603
EAST MADHYA PRADESH,1950,1177.9,-0.8783333333333334,Normal,La_Nina,0.07923051842191065,7,2,1059.1,1149.019696969697,2.513473276956783,-0.15194750554474473
EAST MADHYA PRADESH,1951,1175.6,0.43333333333333335,Normal,Neutral,0.5924356048255625,7,2,1028.4,1149.019696969697,2.3133026440193354,-0.15194750554474473
EAST MADHYA PRADESH,1952,1155.3,0.013333333333333334,Normal,Neutral,0.4281056406912292,7,2,1100.6,1149.019696969697,0.5465792315715744,-0.15194750554474473
EAST MADHYA PRADESH,1953,1007.1,0.5883333333333334,Deficit,El_Nino,0.6530811868275188,7,0,959.8,1149.019696969697,-12.351371986396833,-0.15194750554474473
EAST MADHYA PRADESH,1954,1076.7,-0.33749999999999997,Normal,Neutral,0.2908379523964787,7,2,1031.8,1149.019696969697,-6.294034572290208,-0.15194750554474473
EAST MADHYA PRADESH,1955,1421.0,-0.9391666666666666,Excess,La_Nina,0.05542875774372352,7,1,1219.4,1149.019696969697,23.67063887134356,-0.15194750554474473
EAST MADHYA PRADESH,1956,1515.8,-0.5558333333333333,Excess,La_Nina,0.20541245516791654,7,1,1313.3,1149.019696969697,31.921150176764645,-0.15194750554474473
EAST MADHYA PRADESH,1957,1000.8,0.7808333333333333,Deficit,El_Nino,0.7283990870557548,7,0,884.1,1149.019696969697,-12.899665459225456,-0.15194750554474473
EAST MADHYA PRADESH,1958,1171.6,0.7166666666666667,Normal,El_Nino,0.7032931203130095,7,2,1011.8,1149.019696969697,1.9651798041281503,-0.15194750554474473
EAST MADHYA PRADESH,1959,1302.4,0.1991666666666667,Excess,Neutral,0.5008151287903488,7,1,1147.7,1149.019696969697,13.348796668569923,-0.15194750554474473
EAST MADHYA PRADESH,1960,1252.0,0.050833333333333335,Normal,Neutral,0.442777958917509,7,2,1067.4,1149.019696969697,8.962448885940983,-0.15194750554474473
EAST MADHYA PRADESH,1961,1598.8,-0.02416666666666667,Excess,Neutral,0.41343332246494946,7,1,1453.7,1149.019696969697,39.144699104506735,-0.15194750554474473
EAST MADHYA PRADESH,1962,1068.4,-0.17333333333333334,Normal,Neutral,0.35507010107597003,7,2,937.9,1149.019696969697,-7.016389465064413,-0.15194750554474473
EAST MADHYA PRADESH,1963,1120.1,0.5499999999999999,Normal,El_Nino,0.6380828170850994,7,2,1030.1,1149.019696969697,-2.51690175947086,-0.15194750554474473
EAST MADHYA PRADESH,1964,1187.3,-0.3758333333333333,Normal,Neutral,0.2758395826540594,7,2,1150.6,1149.019696969697,3.3315619507010563,-0.15194750554474473
EAST MADHYA PRADESH,1965,697.8,0.805,Deficit,El_Nino,0.7378545810238017,7,0,643.5,1149.019696969697,-39.269970580982736,-0.15194750554474473
EAST MADHYA PRADESH,1966,849.1,0.28250000000000003,Deficit,Neutral,0.5334202804043039,7,0,777.0,1149.019696969697,-26.102224162098654,-0.15194750554474473
EAST MADHYA PRADESH,1967,1407.8,-0.31416666666666665,Excess,Neutral,0.2999673948483861,7,1,1258.3,1149.019696969697,22.52183349970264,-0.15194750554474473
EAST MADHYA PRADESH,1968,973.6,0.07166666666666667,Deficit,Neutral,0.4509292468209977,7,0,890.4,1149.019696969697,-15.266900770485508,-0.15194750554474473
EAST MADHYA PRADESH,1969,1242.1,0.6783333333333333,Normal,El_Nino,0.6882947505705902,7,2,1186.3,1149.019696969697,8.10084485721029,-0.15194750554474473
EAST MADHYA PRADESH,1970,1342.2,-0.2925,Excess,Neutral,0.30844473426801433,7,1,1198.5,1149.019696969697,16.812618925487214,-0.15194750554474473
EAST MADHYA PRADESH,1971,1518.7,-0.8608333333333333,Excess,La_Nina,0.08607760026084121,7,1,1309.9,1149.019696969697,32.17353923568576,-0.15194750554474473
EAST MADHYA PRADESH,1972,1038.3,0.8066666666666666,Normal,El_Nino,0.7385066840560809,7,2,958.3,1149.019696969697,-9.636013835245594,-0.15194750554474473
EAST MADHYA PRADESH,1973,1252.3,-0.5808333333333334,Normal,La_Nina,0.19563090968372998,7,2,1130.5,1149.019696969697,8.988558098932817,-0.15194750554474473
EAST MADHYA PRADESH,1974,971.1,-0.8875000000000001,Deficit,La_Nina,0.0756439517443756,7,0,876.9,1149.019696969697,-15.4844775454175,-0.15194750554474473
EAST MADHYA PRADESH,1975,1434.5,-0.9966666666666667,Excess,La_Nina,0.03293120313009451,7,1,1302.5,1149.019696969697,24.845553455976308,-0.15194750554474473
EAST MADHYA PRADESH,1976,1055.6,-0.021666666666666678,Normal,Neutral,0.4144114770133681,7,2,995.3,1149.019696969697,-8.130382552716222,-0.15194750554474473
EAST MADHYA PRADESH,1977,1372.2,0.5175,Excess,El_Nino,0.625366807955657,7,1,1204.4,1149.019696969697,19.4235402246711,-0.15194750554474473
EAST MADHYA PRADESH,1978,1392.6,-0.04916666666666667,Excess,Neutral,0.40365177698076293,7,1,1191.8,1149.019696969697,21.198966708116135,-0.15194750554474473
EAST MADHYA PRADESH,1979,809.8,0.30833333333333335,Deficit,Neutral,0.5435278774046299,7,0,633.9,1149.019696969697,-29.52253106402955,-0.15194750554474473
EAST MADHYA PRADESH,1980,1369.2,0.21166666666666667,Excess,Neutral,0.5057059015324421,7,1,1313.7,1149.019696969697,19.162448094752712,-0.15194750554474473
EAST MADHYA PRADESH,1981,1036.0,-0.25,Normal,Neutral,0.3250733615911314,7,2,954.9,1149.019696969697,-9.836184468183022,-0.15194750554474473
EAST MADHYA PRADESH,1982,1297.3,0.9125,Excess,El_Nino,0.7799152266058037,7,1,1114.9,1149.019696969697,12.904940047708651,-0.15194750554474473
EAST MADHYA PRADESH,1983,1275.5,0.45999999999999996,Excess,Neutral,0.602869253342028,7,1,1165.2,1149.019696969697,11.007670570301695,-0.15194750554474473
EAST MADHYA PRADESH,1984,1110.6,-0.5516666666666666,Normal,La_Nina,0.2070427127486143,7,2,997.6,1149.019696969697,-3.3436935042124247,-0.15194750554474473
EAST MADHYA PRADESH,1985,1115.4,-0.5775,Normal,La_Nina,0.19693511574828823,7,2,960.2,1149.019696969697,-2.9259460963429866,-0.15194750554474473
EAST MADHYA PRADESH,1986,1029.2,0.26666666666666666,Deficit,Neutral,0.5272253015976525,7,0,829.4,1149.019696969697,-10.427993295998032,-0.15194750554474473
EAST MADHYA PRADESH,1987,1116.1,1.1824999999999999,Normal,El_Nino,0.8855559178350179,7,2,915.4,1149.019696969697,-2.865024599362045,-0.15194750554474473
EAST MADHYA PRADESH,1988,1069.4,-0.89,Normal,La_Nina,0.07466579719595695,7,2,1008.3,1149.019696969697,-6.9293587550916165,-0.15194750554474473
EAST MADHYA PRADESH,1989,920.9,-0.62,Deficit,La_Nina,0.18030648842517116,7,0,872.2,1149.019696969697,-19.85341918605188,-0.15194750554474473
EAST MADHYA PRADESH,1990,1380.0,0.2708333333333333,Excess,Neutral,0.5288555591783501,7,1,1266.9,1149.019696969697,20.10237976245891,-0.15194750554474473
EAST MADHYA PRADESH,1991,1016.9,0.6541666666666667,Deficit,El_Nino,0.6788392566025432,7,0,973.4,1149.019696969697,-11.498471028663433,-0.15194750554474473
EAST MADHYA PRADESH,1992,1051.1,0.6091666666666666,Normal,El_Nino,0.6612324747310074,7,2,1035.1,1149.019696969697,-8.522020747593805,-0.15194750554474473
EAST MADHYA PRADESH,1993,1118.9,0.3566666666666667,Normal,Neutral,0.5624388653407238,7,2,1062.5,1149.019696969697,-2.6213386114381994,-0.15194750554474473
EAST MADHYA PRADESH,1994,1533.7,0.3658333333333333,Excess,Neutral,0.566025432018259,7,1,1477.5,1149.019696969697,33.4789998852777,-0.15194750554474473
EAST MADHYA PRADESH,1995,1032.3,-0.21583333333333332,Deficit,Neutral,0.33844147375285294,7,0,926.9,1149.019696969697,-10.158198095082371,-0.15194750554474473
EAST MADHYA PRADESH,1996,986.6,-0.4058333333333333,Deficit,Neutral,0.26410172807303556,7,0,878.1,1149.019696969697,-14.135501540839158,-0.15194750554474473
EAST MADHYA PRADESH,1997,1357.1,1.1416666666666666,Excess,El_Nino,0.86957939354418,7,1,1101.1,1149.019696969697,18.10937650408187,-0.15194750554474473
EAST MADHYA PRADESH,1998,1013.4,0.041666666666666664,Deficit,Neutral,0.43919139223997394,7,0,892.1,1149.019696969697,-11.80307851356822,-0.15194750554474473
EAST MADHYA PRADESH,1999,1443.9,-1.0808333333333333,Excess,La_Nina,0.0,7,1,1337.4,1149.019696969697,25.663642129720603,-0.15194750554474473
EAST MADHYA PRADESH,2000,874.2,-0.7658333333333333,Deficit,La_Nina,0.12324747310074996,7,0,864.9,1149.019696969697,-23.917753341781463,-0.15194750554474473
EAST MADHYA PRADESH,2001,1170.1,-0.2941666666666667,Normal,Neutral,0.30779263123573525,7,2,1018.2,1149.019696969697,1.834633739168956,-0.15194750554474473
EAST MADHYA PRADESH,2002,950.2,0.5141666666666667,Deficit,El_Nino,0.6240626018910989,7,0,862.2,1149.019696969697,-17.303419383848944,-0.15194750554474473
EAST MADHYA PRADESH,2003,1438.1,0.235,Excess,Neutral,0.5148353439843495,7,1,1350.2,1149.019696969697,25.158864011878368,-0.15194750554474473
EAST MADHYA PRADESH,2004,955.3,0.3925,Deficit,Neutral,0.5764590805347245,7,0,900.2,1149.019696969697,-16.859562762987686,-0.15194750554474473
EAST MADHYA PRADESH,2005,1366.4,0.029166666666666684,Excess,Neutral,0.4343006194978807,7,1,1216.1,1149.019696969697,18.918762106828886,-0.15194750554474473
EAST MADHYA PRADESH,2006,943.4,0.04,Deficit,Neutral,0.4385392892076948,7,0,832.6,1149.019696969697,-17.895228211663962,-0.15194750554474473
EAST MADHYA PRADESH,2007,653.8,-0.6133333333333333,Deficit,La_Nina,0.18291490055428758,7,0,575.3,1149.019696969697,-43.09932181978577,-0.15194750554474473
EAST MADHYA PRADESH,2008,1003.2,-0.8083333333333335,Deficit,La_Nina,0.10661884577763281,7,0,962.2,1149.019696969697,-12.690791755290737,-0.15194750554474473
EAST MADHYA PRADESH,2009,943.9,0.2591666666666667,Deficit,Neutral,0.5242908379523965,7,0,752.8,1149.019696969697,-17.851712856677565,-0.15194750554474473
EAST MADHYA PRADESH,2010,960.4,-0.4266666666666667,Deficit,Neutral,0.25595044016954677,7,0,907.0,1149.019696969697,-16.415706142126425,-0.15194750554474473
EAST MADHYA PRADESH,2011,1275.2,-0.7691666666666667,Excess,La_Nina,0.12194326703619174,7,1,1259.4,1149.019696969697,10.981561357309861,-0.15194750554474473
EAST MADHYA PRADESH,2012,1053.1,-0.06583333333333333,Normal,Neutral,0.397130746657972,7,2,990.9,1149.019696969697,-8.347959327648212,-0.15194750554474473
EAST MADHYA PRADESH,2013,1521.9,-0.25916666666666666,Excess,Neutral,0.32148679491359633,7,1,1326.9,1149.019696969697,32.45203750759871,-0.15194750554474473
EAST MADHYA PRADESH,2014,924.9,0.22833333333333336,Deficit,Neutral,0.5122269318552332,7,0,746.6,1149.019696969697,-19.505296346160694,-0.15194750554474473
EAST MADHYA PRADESH,2015,939.2,1.4749999999999999,Deficit,El_Nino,1.0,7,0,745.1,1149.019696969697,-18.2607571935497,-0.15194750554474473
GUJARAT REGION,1950,1129.3,-0.8783333333333334,Excess,La_Nina,0.07923051842191065,11,1,1125.9,924.9227272727273,22.096686209658777,-0.13947256730404917
GUJARAT REGION,1951,478.3,0.43333333333333335,Deficit,Neutral,0.5924356048255625,11,0,454.1,924.9227272727273,-48.28757193475622,-0.13947256730404917
GUJARAT REGION,1952,776.6,0.013333333333333334,Deficit,Neutral,0.4281056406912292,11,0,774.5,924.9227272727273,-16.036229070733185,-0.13947256730404917
GUJARAT REGION,1953,1055.5,0.5883333333333334,Excess,El_Nino,0.6530811868275188,11,1,1041.0,924.9227272727273,14.11764127715828,-0.13947256730404917
GUJARAT REGION,1954,1248.0,-0.33749999999999997,Excess,Neutral,0.2908379523964787,11,1,1205.5,924.9227272727273,34.93019072846379,-0.13947256730404917
GUJARAT REGION,1955,975.7,-0.9391666666666666,Normal,La_Nina,0.05542875774372352,11,2,919.8,924.9227272727273,5.489893504617091,-0.13947256730404917
GUJARAT REGION,1956,1366.6,-0.5558333333333333,Excess,La_Nina,0.20541245516791654,11,1,1229.0,924.9227272727273,47.75288353326811,-0.13947256730404917
GUJARAT REGION,1957,647.8,0.7808333333333333,Deficit,El_Nino,0.7283990870557548,11,0,623.6,924.9227272727273,-29.9617167036067,-0.13947256730404917
GUJARAT REGION,1958,1123.1,0.7166666666666667,Excess,El_Nino,0.7032931203130095,11,1,1063.2,924.9227272727273,21.426359941616727,-0.13947256730404917
GUJARAT REGION,1959,1560.7,0.1991666666666667,Excess,Neutral,0.5008151287903488,11,1,1430.1,924.9227272727273,68.73842040858449,-0.13947256730404917
GUJARAT REGION,1960,649.6,0.050833333333333335,Deficit,Neutral,0.442777958917509,11,0,633.3,924.9227272727273,-29.767105851594483,-0.13947256730404917
GUJARAT REGION,1961,945.1,-0.02416666666666667,Normal,Neutral,0.41343332246494946,11,2,927.6,924.9227272727273,2.181509020409562,-0.13947256730404917
GUJARAT REGION,1962,773.0,-0.17333333333333334,Deficit,Neutral,0.35507010107597003,11,0,756.2,924.9227272727273,-16.425450774757604,-0.13947256730404917
GUJARAT REGION,1963,997.9,0.5499999999999999,Normal,El_Nino,0.6380828170850994,11,2,935.3,924.9227272727273,7.8900940127676416,-0.13947256730404917
GUJARAT REGION,1964,892.7,-0.3758333333333333,Normal,Neutral,0.2758395826540594,11,2,888.1,924.9227272727273,-3.4838291159458064,-0.13947256730404917
GUJARAT REGION,1965,656.7,0.805,Deficit,El_Nino,0.7378545810238017,11,0,643.6,924.9227272727273,-28.999474157546327,-0.13947256730404917
GUJARAT REGION,1966,696.7,0.28250000000000003,Deficit,Neutral,0.5334202804043039,11,0,694.6,924.9227272727273,-24.674788557275058,-0.13947256730404917
GUJARAT REGION,1967,938.7,-0.31416666666666665,Normal,Neutral,0.2999673948483861,11,2,873.8,924.9227272727273,1.4895593243661605,-0.13947256730404917
GUJARAT REGION,1968,668.0,0.07166666666666667,Deficit,Neutral,0.4509292468209977,11,0,655.9,924.9227272727273,-27.7777504754697,-0.13947256730404917
GUJARAT REGION,1969,789.0,0.6783333333333333,Deficit,El_Nino,0.6882947505705902,11,0,778.3,924.9227272727273,-14.695576534649094,-0.13947256730404917
GUJARAT REGION,1970,1353.8,-0.2925,Excess,Neutral,0.30844473426801433,11,1,1341.4,924.9227272727273,46.368984141181315,-0.13947256730404917
GUJARAT REGION,1971,769.2,-0.8608333333333333,Deficit,La_Nina,0.08607760026084121,11,0,758.8,924.9227272727273,-16.83629590678337,-0.13947256730404917
GUJARAT REGION,1972,503.8,0.8066666666666666,Deficit,El_Nino,0.7385066840560809,11,0,499.7,924.9227272727273,-45.53058486458328,-0.13947256730404917
GUJARAT REGION,1973,1159.6,-0.5808333333333334,Excess,La_Nina,0.19563090968372998,11,1,1150.2,924.9227272727273,25.372635551864263,-0.13947256730404917
GUJARAT REGION,1974,421.3,-0.8875000000000001,Deficit,La_Nina,0.0756439517443756,11,0,329.3,924.9227272727273,-54.450248915142794,-0.13947256730404917
GUJARAT REGION,1975,1192.7,-0.9966666666666667,Excess,La_Nina,0.03293120313009451,11,1,1143.6,924.9227272727273,28.951312886088758,-0.13947256730404917
GUJARAT REGION,1976,1620.1,-0.021666666666666678,Excess,Neutral,0.4144114770133681,11,1,1558.8,924.9227272727273,75.16057852498732,-0.13947256730404917
GUJARAT REGION,1977,1307.7,0.5175,Excess,El_Nino,0.625366807955657,11,1,1278.3,924.9227272727273,41.384783986868676,-0.13947256730404917
GUJARAT REGION,1978,935.8,-0.04916666666666667,Normal,Neutral,0.40365177698076293,11,2,894.2,924.9227272727273,1.1760196183464833,-0.13947256730404917
GUJARAT REGION,1979,904.5,0.30833333333333335,Normal,Neutral,0.5435278774046299,11,2,794.1,924.9227272727273,-2.2080468638657846,-0.13947256730404917
GUJARAT REGION,1980,822.0,0.21166666666666667,Deficit,Neutral,0.5057059015324421,11,0,803.1,924.9227272727273,-11.12771091442529,-0.13947256730404917
GUJARAT REGION,1981,1114.2,-0.25,Excess,Neutral,0.3250733615911314,11,1,1040.6,924.9227272727273,20.46411739555638,-0.13947256730404917
GUJARAT REGION,1982,758.3,0.9125,Deficit,El_Nino,0.7799152266058037,11,0,606.2,924.9227272727273,-18.014772732857303,-0.13947256730404917
GUJARAT REGION,1983,1213.9,0.45999999999999996,Excess,Neutral,0.602869253342028,11,1,1124.7,924.9227272727273,31.243396254232543,-0.13947256730404917
GUJARAT REGION,1984,853.6,-0.5516666666666666,Normal,La_Nina,0.2070427127486143,11,2,846.3,924.9227272727273,-7.711209290210981,-0.13947256730404917
GUJARAT REGION,1985,589.7,-0.5775,Deficit,La_Nina,0.19693511574828823,11,0,462.4,924.9227272727273,-36.24332253800072,-0.13947256730404917
GUJARAT REGION,1986,501.8,0.26666666666666666,Deficit,Neutral,0.5272253015976525,11,0,497.1,924.9227272727273,-45.74681914459685,-0.13947256730404917
GUJARAT REGION,1987,401.9,1.1824999999999999,Deficit,El_Nino,0.8855559178350179,11,0,375.2,924.9227272727273,-56.54772143127437,-0.13947256730404917
GUJARAT REGION,1988,1097.4,-0.89,Excess,La_Nina,0.07466579719595695,11,1,1083.7,924.9227272727273,18.64774944344245,-0.13947256730404917
GUJARAT REGION,1989,822.8,-0.62,Deficit,La_Nina,0.18030648842517116,11,0,819.9,924.9227272727273,-11.04121720241987,-0.13947256730404917
GUJARAT REGION,1990,1118.4,0.2708333333333333,Excess,Neutral,0.5288555591783501,11,1,1057.3,924.9227272727273,20.91820938358487,-0.13947256730404917
GUJARAT REGION,1991,672.7,0.6541666666666667,Deficit,El_Nino,0.6788392566025432,11,0,672.0,924.9227272727273,-27.26959991743782,-0.13947256730404917
GUJARAT REGION,1992,901.1,0.6091666666666666,Normal,El_Nino,0.6612324747310074,11,2,877.7,924.9227272727273,-2.5756451398888407,-0.13947256730404917
GUJARAT REGION,1993,941.4,0.3566666666666667,Normal,Neutral,0.5624388653407238,11,2,908.0,924.9227272727273,1.7814756023844642,-0.13947256730404917
GUJARAT REGION,1994,1534.5,0.3658333333333333,Excess,Neutral,0.566025432018259,11,1,1525.1,924.9227272727273,65.90575134040681,-0.13947256730404917
GUJARAT REGION,1995,684.3,-0.21583333333333332,Deficit,Neutral,0.33844147375285294,11,0,657.9,924.9227272727273,-26.015441093359158,-0.13947256730404917
GUJARAT REGION,1996,902.8,-0.4058333333333333,Normal,Neutral,0.26410172807303556,11,2,878.3,924.9227272727273,-2.391846001877319,-0.13947256730404917
GUJARAT REGION,1997,1068.9,1.1416666666666666,Excess,El_Nino,0.86957939354418,11,1,1051.3,924.9227272727273,15.566410953249166,-0.13947256730404917
GUJARAT REGION,1998,1070.0,0.041666666666666664,Excess,Neutral,0.43919139223997394,11,1,966.7,924.9227272727273,15.685339807256618,-0.13947256730404917
GUJARAT REGION,1999,568.4,-1.0808333333333333,Deficit,La_Nina,0.0,11,0,489.6,924.9227272727273,-38.54621762014518,-0.13947256730404917
GUJARAT REGION,2000,550.6,-0.7658333333333333,Deficit,La_Nina,0.12324747310074996,11,0,510.6,924.9227272727273,-40.47070271226589,-0.13947256730404917
GUJARAT REGION,2001,849.0,-0.2941666666666667,Normal,Neutral,0.30779263123573525,11,2,811.5,924.9227272727273,-8.20854813424218,-0.13947256730404917
GUJARAT REGION,2002,637.2,0.5141666666666667,Deficit,El_Nino,0.6240626018910989,11,0,632.2,924.9227272727273,-31.10775838767858,-0.13947256730404917
GUJARAT REGION,2003,1160.3,0.235,Excess,Neutral,0.5148353439843495,11,1,1152.2,924.9227272727273,25.448317549869014,-0.13947256730404917
GUJARAT REGION,2004,1005.8,0.3925,Normal,Neutral,0.5764590805347245,11,2,979.1,924.9227272727273,8.744219418821215,-0.13947256730404917
GUJARAT REGION,2005,1316.4,0.029166666666666684,Excess,Neutral,0.4343006194978807,11,1,1314.7,924.9227272727273,42.32540310492768,-0.13947256730404917
GUJARAT REGION,2006,1478.0,0.04,Excess,Neutral,0.4385392892076948,11,1,1464.9,924.9227272727273,59.79713293002362,-0.13947256730404917
GUJARAT REGION,2007,1178.9,-0.6133333333333333,Excess,La_Nina,0.18291490055428758,11,1,1176.7,924.9227272727273,27.45929635399517,-0.13947256730404917
GUJARAT REGION,2008,911.1,-0.8083333333333335,Normal,La_Nina,0.10661884577763281,11,2,893.9,924.9227272727273,-1.494473739821022,-0.13947256730404917
GUJARAT REGION,2009,641.6,0.2591666666666667,Deficit,Neutral,0.5242908379523965,11,0,605.7,924.9227272727273,-30.632042971648737,-0.13947256730404917
GUJARAT REGION,2010,1088.7,-0.4266666666666667,Excess,Neutral,0.25595044016954677,11,1,1035.0,924.9227272727273,17.707130325383442,-0.13947256730404917
GUJARAT REGION,2011,890.5,-0.7691666666666667,Normal,La_Nina,0.12194326703619174,11,2,889.8,924.9227272727273,-3.7216868239607312,-0.13947256730404917
GUJARAT REGION,2012,714.0,-0.06583333333333333,Deficit,Neutral,0.397130746657972,11,0,706.7,924.9227272727273,-22.804362035157734,-0.13947256730404917
GUJARAT REGION,2013,1118.6,-0.25916666666666666,Excess,Neutral,0.32148679491359633,11,1,1059.6,924.9227272727273,20.939832811586207,-0.13947256730404917
GUJARAT REGION,2014,705.7,0.22833333333333336,Deficit,Neutral,0.5122269318552332,11,0,692.8,924.9227272727273,-23.70173429721402,-0.13947256730404917
GUJARAT REGION,2015,622.9,1.4749999999999999,Deficit,El_Nino,1.0,11,0,606.1,924.9227272727273,-32.65383348977557,-0.13947256730404917
SAURASHTRA & KUTCH,1950,473.6,-0.8783333333333334,Normal,La_Nina,0.07923051842191065,26,2,473.4,522.4848484848485,-9.356223175965663,-0.18513622574197672
SAURASHTRA & KUTCH,1951,285.2,0.43333333333333335,Deficit,Neutral,0.5924356048255625,26,0,263.0,522.4848484848485,-45.41468507133744,-0.18513622574197672
SAURASHTRA & KUTCH,1952,400.8,0.013333333333333334,Deficit,Neutral,0.4281056406912292,26,0,396.7,522.4848484848485,-23.289641572903374,-0.18513622574197672
SAURASHTRA & KUTCH,1953,706.6,0.5883333333333334,Excess,El_Nino,0.6530811868275188,26,1,698.4,522.4848484848485,35.23837141862893,-0.18513622574197672
SAURASHTRA & KUTCH,1954,599.8,-0.33749999999999997,Excess,Neutral,0.2908379523964787,26,1,590.0,522.4848484848485,14.797587286857661,-0.18513622574197672
SAURASHTRA & KUTCH,1955,385.1,-0.9391666666666666,Deficit,La_Nina,0.05542875774372352,26,0,374.6,522.4848484848485,-26.294513397517687,-0.18513622574197672
SAURASHTRA & KUTCH,1956,739.1,-0.5558333333333333,Excess,La_Nina,0.20541245516791654,26,1,675.9,522.4848484848485,41.45864748869041,-0.18513622574197672
SAURASHTRA & KUTCH,1957,398.5,0.7808333333333333,Deficit,El_Nino,0.7283990870557548,26,0,374.8,522.4848484848485,-23.729845725553883,-0.18513622574197672
SAURASHTRA & KUTCH,1958,551.6,0.7166666666666667,Normal,El_Nino,0.7032931203130095,26,2,498.1,522.4848484848485,5.5724393921818836,-0.18513622574197672
SAURASHTRA & KUTCH,1959,1020.9,0.1991666666666667,Excess,Neutral,0.5008151287903488,26,1,894.7,522.4848484848485,95.39322584386962,-0.18513622574197672
SAURASHTRA & KUTCH,1960,337.2,0.050833333333333335,Deficit,Neutral,0.442777958917509,26,0,330.2,522.4848484848485,-35.46224335923907,-0.18513622574197672
SAURASHTRA & KUTCH,1961,752.9,-0.02416666666666667,Excess,Neutral,0.41343332246494946,26,1,725.9,522.4848484848485,44.09987240459343,-0.18513622574197672
SAURASHTRA & KUTCH,1962,371.8,-0.17333333333333334,Deficit,Neutral,0.35507010107597003,26,0,354.4,522.4848484848485,-28.840041758496692,-0.18513622574197672
SAURASHTRA & KUTCH,1963,379.1,0.5499999999999999,Deficit,El_Nino,0.6380828170850994,26,0,297.5,522.4848484848485,-27.44287205660596,-0.18513622574197672
SAURASHTRA & KUTCH,1964,539.5,-0.3758333333333333,Normal,Neutral,0.2758395826540594,26,2,537.6,522.4848484848485,3.2565827630205284,-0.18513622574197672
SAURASHTRA & KUTCH,1965,421.3,0.805,Deficit,El_Nino,0.7378545810238017,26,0,413.0,522.4848484848485,-19.366082821018445,-0.18513622574197672
SAURASHTRA & KUTCH,1966,326.5,0.28250000000000003,Deficit,Neutral,0.5334202804043039,26,0,325.4,522.4848484848485,-37.51014963461316,-0.18513622574197672
SAURASHTRA & KUTCH,1967,738.6,-0.31416666666666665,Excess,Neutral,0.2999673948483861,26,1,665.8,522.4848484848485,41.362950933766385,-0.18513622574197672
SAURASHTRA & KUTCH,1968,314.6,0.07166666666666667,Deficit,Neutral,0.4509292468209977,26,0,305.3,522.4848484848485,-39.78772764180489,-0.18513622574197672
SAURASHTRA & KUTCH,1969,290.0,0.6783333333333333,Deficit,El_Nino,0.6882947505705902,26,0,282.9,522.4848484848485,-44.49599814406682,-0.18513622574197672
SAURASHTRA & KUTCH,1970,835.8,-0.2925,Excess,Neutral,0.30844473426801433,26,1,809.5,522.4848484848485,59.96636121099639,-0.18513622574197672
SAURASHTRA & KUTCH,1971,513.6,-0.8608333333333333,Normal,La_Nina,0.08607760026084121,26,2,510.1,522.4848484848485,-1.7004987820438446,-0.18513622574197672
SAURASHTRA & KUTCH,1972,222.1,0.8066666666666666,Deficit,El_Nino,0.7385066840560809,26,0,217.9,522.4848484848485,-57.491590302749096,-0.18513622574197672
SAURASHTRA & KUTCH,1973,390.3,-0.5808333333333334,Deficit,La_Nina,0.19563090968372998,26,0,381.9,522.4848484848485,-25.299269226307853,-0.18513622574197672
SAURASHTRA & KUTCH,1974,184.7,-0.8875000000000001,Deficit,La_Nina,0.0756439517443756,26,0,144.2,522.4848484848485,-64.649692611066,-0.18513622574197672
SAURASHTRA & KUTCH,1975,682.1,-0.9966666666666667,Excess,La_Nina,0.03293120313009451,26,1,578.1,522.4848484848485,30.549240227351817,-0.18513622574197672
SAURASHTRA & KUTCH,1976,625.5,-0.021666666666666678,Excess,Neutral,0.4144114770133681,26,1,594.5,522.4848484848485,19.71639020995244,-0.18513622574197672
SAURASHTRA & KUTCH,1977,564.1,0.5175,Normal,El_Nino,0.625366807955657,26,2,546.6,522.4848484848485,7.964853265282451,-0.18513622574197672
SAURASHTRA & KUTCH,1978,488.6,-0.04916666666666667,Normal,Neutral,0.40365177698076293,26,2,443.1,522.4848484848485,-6.485326528244981,-0.18513622574197672
SAURASHTRA & KUTCH,1979,955.4,0.30833333333333335,Excess,Neutral,0.5435278774046299,26,1,849.1,522.4848484848485,82.85697714882264,-0.18513622574197672
SAURASHTRA & KUTCH,1980,635.8,0.21166666666666667,Excess,Neutral,0.5057059015324421,26,1,626.6,522.4848484848485,21.6877392413873,-0.18513622574197672
SAURASHTRA & KUTCH,1981,705.0,-0.25,Excess,Neutral,0.3250733615911314,26,1,583.7,522.4848484848485,34.932142442872056,-0.18513622574197672
SAURASHTRA & KUTCH,1982,401.3,0.9125,Deficit,El_Nino,0.7799152266058037,26,0,272.9,522.4848484848485,-23.193945017979352,-0.18513622574197672
SAURASHTRA & KUTCH,1983,758.4,0.45999999999999996,Excess,Neutral,0.602869253342028,26,1,736.1,522.4848484848485,45.152534508757675,-0.18513622574197672
SAURASHTRA & KUTCH,1984,443.7,-0.5516666666666666,Deficit,La_Nina,0.2070427127486143,26,0,443.7,522.4848484848485,-15.07887716042223,-0.18513622574197672
SAURASHTRA & KUTCH,1985,298.8,-0.5775,Deficit,La_Nina,0.19693511574828823,26,0,251.6,522.4848484848485,-42.81173877740401,-0.18513622574197672
SAURASHTRA & KUTCH,1986,298.5,0.26666666666666666,Deficit,Neutral,0.5272253015976525,26,0,296.0,522.4848484848485,-42.86915671035843,-0.18513622574197672
SAURASHTRA & KUTCH,1987,92.7,1.1824999999999999,Deficit,El_Nino,0.8855559178350179,26,0,85.5,522.4848484848485,-82.25785871708618,-0.18513622574197672
SAURASHTRA & KUTCH,1988,752.3,-0.89,Excess,La_Nina,0.07466579719595695,26,1,750.3,522.4848484848485,43.9850365386846,-0.18513622574197672
SAURASHTRA & KUTCH,1989,498.2,-0.62,Normal,La_Nina,0.18030648842517116,26,2,493.1,522.4848484848485,-4.6479526737037515,-0.18513622574197672
SAURASHTRA & KUTCH,1990,407.9,0.2708333333333333,Deficit,Neutral,0.5288555591783501,26,0,379.3,522.4848484848485,-21.93075049298226,-0.18513622574197672
SAURASHTRA & KUTCH,1991,218.7,0.6541666666666667,Deficit,El_Nino,0.6788392566025432,26,0,218.4,522.4848484848485,-58.14232687623247,-0.18513622574197672
SAURASHTRA & KUTCH,1992,600.7,0.6091666666666666,Excess,El_Nino,0.6612324747310074,26,1,588.9,522.4848484848485,14.969841085720919,-0.18513622574197672
SAURASHTRA & KUTCH,1993,312.7,0.3566666666666667,Deficit,Neutral,0.5624388653407238,26,0,256.2,522.4848484848485,-40.15137455051618,-0.18513622574197672
SAURASHTRA & KUTCH,1994,872.8,0.3658333333333333,Excess,Neutral,0.566025432018259,26,1,871.6,522.4848484848485,67.04790627537407,-0.18513622574197672
SAURASHTRA & KUTCH,1995,374.1,-0.21583333333333332,Deficit,Neutral,0.33844147375285294,26,0,350.0,522.4848484848485,-28.399837605846184,-0.18513622574197672
SAURASHTRA & KUTCH,1996,374.4,-0.4058333333333333,Deficit,Neutral,0.26410172807303556,26,0,334.9,522.4848484848485,-28.342419672891783,-0.18513622574197672
SAURASHTRA & KUTCH,1997,600.2,1.1416666666666666,Excess,El_Nino,0.86957939354418,26,1,593.7,522.4848484848485,14.8741445307969,-0.18513622574197672
SAURASHTRA & KUTCH,1998,566.9,0.041666666666666664,Normal,Neutral,0.43919139223997394,26,2,415.2,522.4848484848485,8.50075397285697,-0.18513622574197672
SAURASHTRA & KUTCH,1999,380.7,-1.0808333333333333,Deficit,La_Nina,0.0,26,0,144.2,522.4848484848485,-27.136643080849094,-0.18513622574197672
SAURASHTRA & KUTCH,2000,286.1,-0.7658333333333333,Deficit,La_Nina,0.12324747310074996,26,0,280.9,522.4848484848485,-45.242431272474185,-0.18513622574197672
SAURASHTRA & KUTCH,2001,510.2,-0.2941666666666667,Normal,Neutral,0.30779263123573525,26,2,501.5,522.4848484848485,-2.351235355527206,-0.18513622574197672
SAURASHTRA & KUTCH,2002,308.1,0.5141666666666667,Deficit,El_Nino,0.6240626018910989,26,0,307.0,522.4848484848485,-41.03178285581719,-0.18513622574197672
SAURASHTRA & KUTCH,2003,686.2,0.235,Excess,Neutral,0.5148353439843495,26,1,682.7,522.4848484848485,31.33395197772881,-0.18513622574197672
SAURASHTRA & KUTCH,2004,482.2,0.3925,Normal,Neutral,0.5764590805347245,26,2,448.6,522.4848484848485,-7.710242431272479,-0.18513622574197672
SAURASHTRA & KUTCH,2005,631.6,0.029166666666666684,Excess,Neutral,0.4343006194978807,26,1,629.4,522.4848484848485,20.88388818002552,-0.18513622574197672
SAURASHTRA & KUTCH,2006,701.8,0.04,Excess,Neutral,0.4385392892076948,26,1,697.7,522.4848484848485,34.3196844913583,-0.18513622574197672
SAURASHTRA & KUTCH,2007,890.7,-0.6133333333333333,Excess,La_Nina,0.18291490055428758,26,1,885.7,522.4848484848485,70.47384294165411,-0.18513622574197672
SAURASHTRA & KUTCH,2008,607.9,-0.8083333333333335,Excess,La_Nina,0.10661884577763281,26,1,593.0,522.4848484848485,16.347871476626835,-0.18513622574197672
SAURASHTRA & KUTCH,2009,596.9,0.2591666666666667,Excess,Neutral,0.5242908379523965,26,1,592.0,522.4848484848485,14.242547268298333,-0.18513622574197672
SAURASHTRA & KUTCH,2010,1119.9,-0.4266666666666667,Excess,Neutral,0.25595044016954677,26,1,1043.7,522.4848484848485,114.34114371882613,-0.18513622574197672
SAURASHTRA & KUTCH,2011,742.5,-0.7691666666666667,Excess,La_Nina,0.12194326703619174,26,1,739.8,522.4848484848485,42.10938406217376,-0.18513622574197672
SAURASHTRA & KUTCH,2012,323.8,-0.06583333333333333,Deficit,Neutral,0.397130746657972,26,0,320.1,522.4848484848485,-38.02691103120288,-0.18513622574197672
SAURASHTRA & KUTCH,2013,681.8,-0.25916666666666666,Excess,Neutral,0.32148679491359633,26,1,642.5,522.4848484848485,30.49182229439739,-0.18513622574197672
SAURASHTRA & KUTCH,2014,383.9,0.22833333333333336,Deficit,Neutral,0.5122269318552332,26,0,373.0,522.4848484848485,-26.524185129335347,-0.18513622574197672
SAURASHTRA & KUTCH,2015,441.7,1.4749999999999999,Deficit,El_Nino,1.0,26,0,429.8,522.4848484848485,-15.46166338011832,-0.18513622574197672
KONKAN & GOA,1950,2929.2,-0.8783333333333334,Normal,La_Nina,0.07923051842191065,17,2,2780.3,3071.637878787879,-4.637196323548644,-0.2626367582224402
KONKAN & GOA,1951,2849.4,0.43333333333333335,Normal,Neutral,0.5924356048255625,17,2,2481.7,3071.637878787879,-7.23515881616806,-0.2626367582224402
KONKAN & GOA,1952,2522.0,0.013333333333333334,Deficit,Neutral,0.4281056406912292,17,0,2342.3,3071.637878787879,-17.893967338518934,-0.2626367582224402
KONKAN & GOA,1953,3327.8,0.5883333333333334,Normal,El_Nino,0.6530811868275188,17,2,3156.0,3071.637878787879,8.339593771164434,-0.2626367582224402
KONKAN & GOA,1954,3790.3,-0.33749999999999997,Excess,Neutral,0.2908379523964787,17,1,3715.7,3071.637878787879,23.39670721523065,-0.2626367582224402
KONKAN & GOA,1955,3897.5,-0.9391666666666666,Excess,La_Nina,0.05542875774372352,17,1,3537.9,3071.637878787879,26.88670194215799,-0.2626367582224402
KONKAN & GOA,1956,3663.7,-0.5558333333333333,Excess,La_Nina,0.20541245516791654,17,1,3240.2,3071.637878787879,19.27512762167651,-0.2626367582224402
KONKAN & GOA,1957,3123.5,0.7808333333333333,Normal,El_Nino,0.7283990870557548,17,2,2951.1,3071.637878787879,1.6884191190071791,-0.2626367582224402
KONKAN & GOA,1958,4000.2,0.7166666666666667,Excess,El_Nino,0.7032931203130095,17,1,3886.3,3071.637878787879,30.23019502476469,-0.2626367582224402
KONKAN & GOA,1959,3588.6,0.1991666666666667,Excess,Neutral,0.5008151287903488,17,1,3319.9,3071.637878787879,16.830177957569763,-0.2626367582224402
KONKAN & GOA,1960,3027.7,0.050833333333333335,Normal,Neutral,0.442777958917509,17,2,2847.8,3071.637878787879,-1.4304381089745422,-0.2626367582224402
KONKAN & GOA,1961,3921.0,-0.02416666666666667,Excess,Neutral,0.41343332246494946,17,1,3480.1,3071.637878787879,27.651766084721352,-0.2626367582224402
KONKAN & GOA,1962,3485.1,-0.17333333333333334,Excess,Neutral,0.35507010107597003,17,1,3196.8,3071.637878787879,13.460640138194947,-0.2626367582224402
KONKAN & GOA,1963,3606.8,0.5499999999999999,Excess,El_Nino,0.6380828170850994,17,1,3494.3,3071.637878787879,17.422695719044377,-0.2626367582224402
KONKAN & GOA,1964,3192.7,-0.3758333333333333,Normal,Neutral,0.2758395826540594,17,2,3009.4,3071.637878787879,3.94128884944908,-0.2626367582224402
KONKAN & GOA,1965,3071.5,0.805,Normal,El_Nino,0.7378545810238017,17,2,2967.6,3071.637878787879,-0.004488770920265483,-0.2626367582224402
KONKAN & GOA,1966,2427.5,0.28250000000000003,Deficit,Neutral,0.5334202804043039,17,0,2206.4,3071.637878787879,-20.970501869252463,-0.2626367582224402
KONKAN & GOA,1967,2752.3,-0.31416666666666665,Deficit,Neutral,0.2999673948483861,17,0,2612.0,3071.637878787879,-10.396338741397958,-0.2626367582224402
KONKAN & GOA,1968,2359.4,0.07166666666666667,Deficit,Neutral,0.4509292468209977,17,0,2212.4,3071.637878787879,-23.18756008663821,-0.2626367582224402
KONKAN & GOA,1969,3127.4,0.6783333333333333,Normal,El_Nino,0.6882947505705902,17,2,3061.8,3071.637878787879,1.8153872107517406,-0.2626367582224402
KONKAN & GOA,1970,3596.6,-0.2925,Excess,Neutral,0.30844473426801433,17,1,3434.6,3071.637878787879,17.090625325250908,-0.2626367582224402
KONKAN & GOA,1971,2754.0,-0.8608333333333333,Deficit,La_Nina,0.08607760026084121,17,0,2627.2,3071.637878787879,-10.340993675765722,-0.2626367582224402
KONKAN & GOA,1972,1873.0,0.8066666666666666,Deficit,El_Nino,0.7385066840560809,17,0,1826.2,3071.637878787879,-39.02276004165185,-0.2626367582224402
KONKAN & GOA,1973,2836.3,-0.5808333333333334,Normal,La_Nina,0.19563090968372998,17,2,2726.1,3071.637878787879,-7.661641380745932,-0.2626367582224402
KONKAN & GOA,1974,3086.7,-0.8875000000000001,Normal,La_Nina,0.0756439517443756,17,2,2766.7,3071.637878787879,0.4903612276739047,-0.2626367582224402
KONKAN & GOA,1975,3515.4,-0.9966666666666667,Excess,La_Nina,0.03293120313009451,17,1,3287.8,3071.637878787879,14.44708454328729,-0.2626367582224402
KONKAN & GOA,1976,3063.0,-0.021666666666666678,Normal,Neutral,0.4144114770133681,17,2,2965.1,3071.637878787879,-0.2812140990814824,-0.2626367582224402
KONKAN & GOA,1977,3103.3,0.5175,Normal,El_Nino,0.625366807955657,17,2,2935.0,3071.637878787879,1.0307895156122933,-0.2626367582224402
KONKAN & GOA,1978,2885.6,-0.04916666666666667,Normal,Neutral,0.40365177698076293,17,2,2671.8,3071.637878787879,-6.056634477410883,-0.2626367582224402
KONKAN & GOA,1979,2509.2,0.30833333333333335,Deficit,Neutral,0.5435278774046299,17,0,2404.0,3071.637878787879,-18.310683126808776,-0.2626367582224402
KONKAN & GOA,1980,2724.3,0.21166666666666667,Deficit,Neutral,0.5057059015324421,17,0,2645.8,3071.637878787879,-11.307904528281968,-0.2626367582224402
KONKAN & GOA,1981,3124.7,-0.25,Normal,Neutral,0.3250733615911314,17,2,3036.1,3071.637878787879,1.727486224159345,-0.2626367582224402
KONKAN & GOA,1982,2698.9,0.9125,Deficit,El_Nino,0.7799152266058037,17,0,2572.6,3071.637878787879,-12.134824920669606,-0.2626367582224402
KONKAN & GOA,1983,3814.5,0.45999999999999996,Excess,Neutral,0.602869253342028,17,1,3698.6,3071.637878787879,24.184560502466105,-0.2626367582224402
KONKAN & GOA,1984,2583.6,-0.5516666666666666,Deficit,La_Nina,0.2070427127486143,17,0,2460.4,3071.637878787879,-15.888522607374119,-0.2626367582224402
KONKAN & GOA,1985,2968.5,-0.5775,Normal,La_Nina,0.19693511574828823,17,2,2737.5,3071.637878787879,-3.357748629815012,-0.2626367582224402
KONKAN & GOA,1986,2127.7,0.26666666666666666,Deficit,Neutral,0.5272253015976525,17,0,2056.3,3071.637878787879,-30.73076697310339,-0.2626367582224402
KONKAN & GOA,1987,2635.0,1.1824999999999999,Deficit,El_Nino,0.8855559178350179,17,0,2429.1,3071.637878787879,-14.215148270022757,-0.2626367582224402
KONKAN & GOA,1988,3293.0,-0.89,Normal,La_Nina,0.07466579719595695,17,2,3220.6,3071.637878787879,7.2066477217514455,-0.2626367582224402
KONKAN & GOA,1989,2771.5,-0.62,Normal,La_Nina,0.18030648842517116,17,2,2681.5,3071.637878787879,-9.771265058963214,-0.2626367582224402
KONKAN & GOA,1990,3568.0,0.2708333333333333,Excess,Neutral,0.5288555591783501,17,1,3163.2,3071.637878787879,16.159525985790815,-0.2626367582224402
KONKAN & GOA,1991,2954.6,0.6541666666666667,Normal,El_Nino,0.6788392566025432,17,2,2912.1,3071.637878787879,-3.810275931161004,-0.2626367582224402
KONKAN & GOA,1992,2840.4,0.6091666666666666,Normal,El_Nino,0.6612324747310074,17,2,2752.4,3071.637878787879,-7.528162104809348,-0.2626367582224402
KONKAN & GOA,1993,3480.9,0.3566666666666667,Excess,Neutral,0.5624388653407238,17,1,3227.8,3071.637878787879,13.323905270162351,-0.2626367582224402
KONKAN & GOA,1994,3179.8,0.3658333333333333,Normal,Neutral,0.566025432018259,17,2,3014.1,3071.637878787879,3.5213174690632454,-0.2626367582224402
KONKAN & GOA,1995,2766.0,-0.21583333333333332,Normal,Neutral,0.33844147375285294,17,2,2543.0,3071.637878787879,-9.950322624244002,-0.2626367582224402
KONKAN & GOA,1996,2920.7,-0.4058333333333333,Normal,Neutral,0.26410172807303556,17,2,2670.8,3071.637878787879,-4.9139216517098605,-0.2626367582224402
KONKAN & GOA,1997,3027.2,1.1416666666666666,Normal,El_Nino,0.86957939354418,17,2,2893.4,3071.637878787879,-1.4467160694546137,-0.2626367582224402
KONKAN & GOA,1998,3234.7,0.041666666666666664,Normal,Neutral,0.43919139223997394,17,2,2900.6,3071.637878787879,5.308637529775093,-0.2626367582224402
KONKAN & GOA,1999,2912.1,-1.0808333333333333,Normal,La_Nina,0.0,17,2,2664.5,3071.637878787879,-5.193902571967089,-0.2626367582224402
KONKAN & GOA,2000,3133.2,-0.7658333333333333,Normal,La_Nina,0.12324747310074996,17,2,2841.2,3071.637878787879,2.004211552320562,-0.2626367582224402
KONKAN & GOA,2001,2395.4,-0.2941666666666667,Deficit,Neutral,0.30779263123573525,17,0,2232.7,3071.637878787879,-22.015546932073057,-0.2626367582224402
KONKAN & GOA,2002,2537.2,0.5141666666666667,Deficit,El_Nino,0.6240626018910989,17,0,2446.4,3071.637878787879,-17.399117339924768,-0.2626367582224402
KONKAN & GOA,2003,2842.3,0.235,Normal,Neutral,0.5148353439843495,17,2,2771.6,3071.637878787879,-7.466305854985074,-0.2626367582224402
KONKAN & GOA,2004,2985.9,0.3925,Normal,Neutral,0.5764590805347245,17,2,2885.5,3071.637878787879,-2.7912756051085177,-0.2626367582224402
KONKAN & GOA,2005,3615.7,0.029166666666666684,Excess,Neutral,0.4343006194978807,17,1,3522.2,3071.637878787879,17.71244341558964,-0.2626367582224402
KONKAN & GOA,2006,3482.2,0.04,Excess,Neutral,0.4385392892076948,17,1,3035.6,3071.637878787879,13.366227967410527,-0.2626367582224402
KONKAN & GOA,2007,3468.5,-0.6133333333333333,Excess,La_Nina,0.18291490055428758,17,1,3369.9,3071.637878787879,12.920211850256571,-0.2626367582224402
KONKAN & GOA,2008,3053.1,-0.8083333333333335,Normal,La_Nina,0.10661884577763281,17,2,2949.3,3071.637878787879,-0.6035177165869027,-0.2626367582224402
KONKAN & GOA,2009,2716.6,0.2591666666666667,Deficit,Neutral,0.5242908379523965,17,0,2282.2,3071.637878787879,-11.558585119675078,-0.2626367582224402
KONKAN & GOA,2010,3778.1,-0.4266666666666667,Excess,Neutral,0.25595044016954677,17,1,3467.4,3071.637878787879,22.99952497951689,-0.2626367582224402
KONKAN & GOA,2011,3825.2,-0.7691666666666667,Excess,La_Nina,0.12194326703619174,17,1,3697.3,3071.637878787879,24.53290885673963,-0.2626367582224402
KONKAN & GOA,2012,3018.4,-0.06583333333333333,Normal,Neutral,0.397130746657972,17,2,2839.3,3071.637878787879,-1.7332081739038645,-0.2626367582224402
KONKAN & GOA,2013,3524.0,-0.25916666666666666,Excess,Neutral,0.32148679491359633,17,1,3345.2,3071.637878787879,14.727065463544516,-0.2626367582224402
KONKAN & GOA,2014,2757.5,0.22833333333333336,Deficit,Neutral,0.5122269318552332,17,0,2608.8,3071.637878787879,-10.22704795240522,-0.2626367582224402
KONKAN & GOA,2015,2082.0,1.4749999999999999,Deficit,El_Nino,1.0,17,0,1908.7,3071.637878787879,-32.218572560981926,-0.2626367582224402
MADHYA MAHARASHTRA,1950,932.6,-0.8783333333333334,Normal,La_Nina,0.07923051842191065,19,2,811.4,908.5757575757576,2.644165026848545,-0.1810065105336699
MADHYA MAHARASHTRA,1951,797.0,0.43333333333333335,Deficit,Neutral,0.5924356048255625,19,0,608.3,908.5757575757576,-12.280292165560489,-0.1810065105336699
MADHYA MAHARASHTRA,1952,683.3,0.013333333333333334,Deficit,Neutral,0.4281056406912292,19,0,596.2,908.5757575757576,-24.79438348397426,-0.1810065105336699
MADHYA MAHARASHTRA,1953,893.6,0.5883333333333334,Normal,El_Nino,0.6530811868275188,19,2,749.8,908.5757575757576,-1.648267351499185,-0.1810065105336699
MADHYA MAHARASHTRA,1954,985.1,-0.33749999999999997,Normal,Neutral,0.2908379523964787,19,2,898.5,908.5757575757576,8.422439382316643,-0.1810065105336699
MADHYA MAHARASHTRA,1955,981.0,-0.9391666666666666,Normal,La_Nina,0.05542875774372352,19,2,763.7,908.5757575757576,7.9711836707467505,-0.1810065105336699
MADHYA MAHARASHTRA,1956,1233.8,-0.5558333333333333,Excess,La_Nina,0.20541245516791654,19,1,889.3,908.5757575757576,35.79495047193409,-0.1810065105336699
MADHYA MAHARASHTRA,1957,849.8,0.7808333333333333,Normal,El_Nino,0.7283990870557548,19,2,675.1,908.5757575757576,-6.468999099489721,-0.1810065105336699
MADHYA MAHARASHTRA,1958,1054.1,0.7166666666666667,Excess,El_Nino,0.7032931203130095,19,1,903.9,908.5757575757576,16.016742820931846,-0.1810065105336699
MADHYA MAHARASHTRA,1959,1118.9,0.1991666666666667,Excess,Neutral,0.5008151287903488,19,1,920.7,908.5757575757576,23.148784311109633,-0.1810065105336699
MADHYA MAHARASHTRA,1960,885.9,0.050833333333333335,Normal,Neutral,0.442777958917509,19,2,748.4,908.5757575757576,-2.495747590301178,-0.1810065105336699
MADHYA MAHARASHTRA,1961,1070.5,-0.02416666666666667,Excess,Neutral,0.41343332246494946,19,1,815.2,908.5757575757576,17.821765667211416,-0.1810065105336699
MADHYA MAHARASHTRA,1962,899.0,-0.17333333333333334,Normal,Neutral,0.35507010107597003,19,2,698.3,908.5757575757576,-1.0539305606510405,-0.1810065105336699
MADHYA MAHARASHTRA,1963,899.9,0.5499999999999999,Normal,El_Nino,0.6380828170850994,19,2,732.3,908.5757575757576,-0.9548744288430184,-0.1810065105336699
MADHYA MAHARASHTRA,1964,945.7,-0.3758333333333333,Normal,Neutral,0.2758395826540594,19,2,844.0,908.5757575757576,4.085982056498683,-0.1810065105336699
MADHYA MAHARASHTRA,1965,790.7,0.805,Deficit,El_Nino,0.7378545810238017,19,0,718.7,908.5757575757576,-12.973685088216655,-0.1810065105336699
MADHYA MAHARASHTRA,1966,837.3,0.28250000000000003,Normal,Neutral,0.5334202804043039,19,2,641.7,908.5757575757576,-7.844778707934506,-0.1810065105336699
MADHYA MAHARASHTRA,1967,913.0,-0.31416666666666665,Normal,Neutral,0.2999673948483861,19,2,783.4,908.5757575757576,0.4869426008071191,-0.1810065105336699
MADHYA MAHARASHTRA,1968,824.0,0.07166666666666667,Normal,Neutral,0.4509292468209977,19,2,719.6,908.5757575757576,-9.308608211319752,-0.1810065105336699
MADHYA MAHARASHTRA,1969,984.1,0.6783333333333333,Normal,El_Nino,0.6882947505705902,19,2,929.5,908.5757575757576,8.312377013641061,-0.1810065105336699
MADHYA MAHARASHTRA,1970,941.4,-0.2925,Normal,Neutral,0.30844473426801433,19,2,811.8,908.5757575757576,3.6127138711936686,-0.1810065105336699
MADHYA MAHARASHTRA,1971,773.2,-0.8608333333333333,Deficit,La_Nina,0.08607760026084121,19,0,670.1,908.5757575757576,-14.899776540039355,-0.1810065105336699
MADHYA MAHARASHTRA,1972,519.9,0.8066666666666666,Deficit,El_Nino,0.7385066840560809,19,0,472.8,908.5757575757576,-42.778574525564494,-0.1810065105336699
MADHYA MAHARASHTRA,1973,980.6,-0.5808333333333334,Normal,La_Nina,0.19563090968372998,19,2,853.4,908.5757575757576,7.92715872327652,-0.1810065105336699
MADHYA MAHARASHTRA,1974,911.8,-0.8875000000000001,Normal,La_Nina,0.0756439517443756,19,2,681.6,908.5757575757576,0.3548677583964147,-0.1810065105336699
MADHYA MAHARASHTRA,1975,1040.7,-0.9966666666666667,Excess,La_Nina,0.03293120313009451,19,1,859.7,908.5757575757576,14.541907080679051,-0.1810065105336699
MADHYA MAHARASHTRA,1976,1025.8,-0.021666666666666678,Excess,Neutral,0.4144114770133681,19,1,927.7,908.5757575757576,12.901977787412857,-0.1810065105336699
MADHYA MAHARASHTRA,1977,947.2,0.5175,Normal,El_Nino,0.625366807955657,19,2,716.5,908.5757575757576,4.251075609512057,-0.1810065105336699
MADHYA MAHARASHTRA,1978,883.6,-0.04916666666666667,Normal,Neutral,0.40365177698076293,19,2,689.7,908.5757575757576,-2.748891038255014,-0.1810065105336699
MADHYA MAHARASHTRA,1979,1026.8,0.30833333333333335,Excess,Neutral,0.5435278774046299,19,1,873.2,908.5757575757576,13.012040156088439,-0.1810065105336699
MADHYA MAHARASHTRA,1980,939.5,0.21166666666666667,Normal,Neutral,0.5057059015324421,19,2,852.5,908.5757575757576,3.403595370710064,-0.1810065105336699
MADHYA MAHARASHTRA,1981,929.8,-0.25,Normal,Neutral,0.3250733615911314,19,2,827.1,908.5757575757576,2.3359903945569056,-0.1810065105336699
MADHYA MAHARASHTRA,1982,751.9,0.9125,Deficit,El_Nino,0.7799152266058037,19,0,608.4,908.5757575757576,-17.244104992829275,-0.1810065105336699
MADHYA MAHARASHTRA,1983,918.8,0.45999999999999996,Normal,Neutral,0.602869253342028,19,2,865.8,908.5757575757576,1.1253043391254944,-0.1810065105336699
MADHYA MAHARASHTRA,1984,779.9,-0.5516666666666666,Deficit,La_Nina,0.2070427127486143,19,0,643.7,908.5757575757576,-14.162358669912958,-0.1810065105336699
MADHYA MAHARASHTRA,1985,656.1,-0.5775,Deficit,La_Nina,0.19693511574828823,19,0,516.8,908.5757575757576,-27.78807991195011,-0.1810065105336699
MADHYA MAHARASHTRA,1986,644.1,0.26666666666666666,Deficit,Neutral,0.5272253015976525,19,0,585.7,908.5757575757576,-29.1088283360571,-0.1810065105336699
MADHYA MAHARASHTRA,1987,807.6,1.1824999999999999,Deficit,El_Nino,0.8855559178350179,19,0,587.5,908.5757575757576,-11.113631057599308,-0.1810065105336699
MADHYA MAHARASHTRA,1988,976.6,-0.89,Normal,La_Nina,0.07466579719595695,19,2,915.6,908.5757575757576,7.486909248574189,-0.1810065105336699
MADHYA MAHARASHTRA,1989,816.6,-0.62,Deficit,La_Nina,0.18030648842517116,19,0,759.1,908.5757575757576,-10.123069739519062,-0.1810065105336699
MADHYA MAHARASHTRA,1990,1022.5,0.2708333333333333,Excess,Neutral,0.5288555591783501,19,1,767.3,908.5757575757576,12.538771970783438,-0.1810065105336699
MADHYA MAHARASHTRA,1991,880.5,0.6541666666666667,Normal,El_Nino,0.6788392566025432,19,2,823.0,908.5757575757576,-3.090084381149323,-0.1810065105336699
MADHYA MAHARASHTRA,1992,791.3,0.6091666666666666,Deficit,El_Nino,0.6612324747310074,19,0,718.2,908.5757575757576,-12.907647667011316,-0.1810065105336699
MADHYA MAHARASHTRA,1993,1019.8,0.3566666666666667,Excess,Neutral,0.5624388653407238,19,1,761.9,908.5757575757576,12.24160357535936,-0.1810065105336699
MADHYA MAHARASHTRA,1994,1021.5,0.3658333333333333,Excess,Neutral,0.566025432018259,19,1,893.4,908.5757575757576,12.428709602107855,-0.1810065105336699
MADHYA MAHARASHTRA,1995,776.4,-0.21583333333333332,Deficit,Neutral,0.33844147375285294,19,0,593.7,908.5757575757576,-14.547576960277498,-0.1810065105336699
MADHYA MAHARASHTRA,1996,975.2,-0.4058333333333333,Normal,Neutral,0.26410172807303556,19,2,788.7,908.5757575757576,7.332821932428375,-0.1810065105336699
MADHYA MAHARASHTRA,1997,1000.9,1.1416666666666666,Excess,El_Nino,0.86957939354418,19,1,807.4,908.5757575757576,10.161424807390846,-0.1810065105336699
MADHYA MAHARASHTRA,1998,1101.1,0.041666666666666664,Excess,Neutral,0.43919139223997394,19,1,894.8,908.5757575757576,21.189674148684237,-0.1810065105336699
MADHYA MAHARASHTRA,1999,965.7,-1.0808333333333333,Normal,La_Nina,0.0,19,2,742.1,908.5757575757576,6.287229430010339,-0.1810065105336699
MADHYA MAHARASHTRA,2000,701.6,-0.7658333333333333,Deficit,La_Nina,0.12324747310074996,19,0,618.2,908.5757575757576,-22.780242137211086,-0.1810065105336699
MADHYA MAHARASHTRA,2001,785.1,-0.2941666666666667,Deficit,Neutral,0.30779263123573525,19,0,635.4,908.5757575757576,-13.59003435279992,-0.1810065105336699
MADHYA MAHARASHTRA,2002,740.3,0.5141666666666667,Deficit,El_Nino,0.6240626018910989,19,0,664.7,908.5757575757576,-18.52082846946604,-0.1810065105336699
MADHYA MAHARASHTRA,2003,772.6,0.235,Deficit,Neutral,0.5148353439843495,19,0,714.2,908.5757575757576,-14.965813961244706,-0.1810065105336699
MADHYA MAHARASHTRA,2004,1029.5,0.3925,Excess,Neutral,0.5764590805347245,19,1,925.5,908.5757575757576,13.30920855151252,-0.1810065105336699
MADHYA MAHARASHTRA,2005,1221.3,0.029166666666666684,Excess,Neutral,0.4343006194978807,19,1,1134.2,908.5757575757576,34.4191708634893,-0.1810065105336699
MADHYA MAHARASHTRA,2006,1395.7,0.04,Excess,Neutral,0.4385392892076948,19,1,1260.4,908.5757575757576,53.61404796051096,-0.1810065105336699
MADHYA MAHARASHTRA,2007,1040.4,-0.6133333333333333,Excess,La_Nina,0.18291490055428758,19,1,1023.7,908.5757575757576,14.50888837007638,-0.1810065105336699
MADHYA MAHARASHTRA,2008,916.9,-0.8083333333333335,Normal,La_Nina,0.10661884577763281,19,2,835.9,908.5757575757576,0.9161858386418895,-0.1810065105336699
MADHYA MAHARASHTRA,2009,941.7,0.2591666666666667,Normal,Neutral,0.5242908379523965,19,2,709.4,908.5757575757576,3.645732581796351,-0.1810065105336699
MADHYA MAHARASHTRA,2010,1027.5,-0.4266666666666667,Excess,Neutral,0.25595044016954677,19,1,865.3,908.5757575757576,13.089083814161354,-0.1810065105336699
MADHYA MAHARASHTRA,2011,852.6,-0.7691666666666667,Normal,La_Nina,0.12194326703619174,19,2,781.3,908.5757575757576,-6.160824467198081,-0.1810065105336699
MADHYA MAHARASHTRA,2012,689.8,-0.06583333333333333,Deficit,Neutral,0.397130746657972,19,0,588.1,908.5757575757576,-24.07897808758297,-0.1810065105336699
MADHYA MAHARASHTRA,2013,962.4,-0.25916666666666666,Normal,Neutral,0.32148679491359633,19,2,881.5,908.5757575757576,5.924023613380909,-0.1810065105336699
MADHYA MAHARASHTRA,2014,838.0,0.22833333333333336,Normal,Neutral,0.5122269318552332,19,2,682.6,908.5757575757576,-7.767735049861593,-0.1810065105336699
MADHYA MAHARASHTRA,2015,644.5,1.4749999999999999,Deficit,El_Nino,1.0,19,0,502.5,908.5757575757576,-29.064803388586867,-0.1810065105336699
MATATHWADA,1950,657.4,-0.8783333333333334,Deficit,La_Nina,0.07923051842191065,20,0,593.6,791.9363636363637,-16.988279590876225,-0.17074174749599833
MATATHWADA,1951,731.4,0.43333333333333335,Normal,Neutral,0.5924356048255625,20,2,621.1,791.9363636363637,-7.644094452033576,-0.17074174749599833
MATATHWADA,1952,546.1,0.013333333333333334,Deficit,Neutral,0.4281056406912292,20,0,463.2,791.9363636363637,-31.042439130784157,-0.17074174749599833
MATATHWADA,1953,891.2,0.5883333333333334,Excess,El_Nino,0.6530811868275188,20,1,786.9,791.9363636363637,12.5342945369807,-0.17074174749599833
MATATHWADA,1954,899.6,-0.33749999999999997,Excess,Neutral,0.2908379523964787,20,1,851.4,791.9363636363637,13.594985823011484,-0.17074174749599833
MATATHWADA,1955,1151.3,-0.9391666666666666,Excess,La_Nina,0.05542875774372352,20,1,1016.2,791.9363636363637,45.377842572291144,-0.17074174749599833
MATATHWADA,1956,1037.3,-0.5558333333333333,Excess,La_Nina,0.20541245516791654,20,1,801.2,791.9363636363637,30.982746547587602,-0.17074174749599833
MATATHWADA,1957,900.7,0.7808333333333333,Excess,El_Nino,0.7283990870557548,20,1,781.3,791.9363636363637,13.733885872372662,-0.17074174749599833
MATATHWADA,1958,1024.6,0.7166666666666667,Excess,El_Nino,0.7032931203130095,20,1,892.6,791.9363636363637,29.37908234132676,-0.17074174749599833
MATATHWADA,1959,950.3,0.1991666666666667,Excess,Neutral,0.5008151287903488,20,1,808.3,791.9363636363637,19.99701537084016,-0.17074174749599833
MATATHWADA,1960,738.3,0.050833333333333335,Normal,Neutral,0.442777958917509,20,2,573.8,791.9363636363637,-6.772812324222574,-0.17074174749599833
MATATHWADA,1961,959.0,-0.02416666666666667,Excess,Neutral,0.41343332246494946,20,1,664.9,791.9363636363637,21.095588488514906,-0.17074174749599833
MATATHWADA,1962,945.7,-0.17333333333333334,Excess,Neutral,0.35507010107597003,20,1,728.9,791.9363636363637,19.416160618966167,-0.17074174749599833
MATATHWADA,1963,1001.2,0.5499999999999999,Excess,El_Nino,0.6380828170850994,20,1,863.8,791.9363636363637,26.424299473098156,-0.17074174749599833
MATATHWADA,1964,780.6,-0.3758333333333333,Normal,Neutral,0.2758395826540594,20,2,737.5,791.9363636363637,-1.4314740624246711,-0.17074174749599833
MATATHWADA,1965,631.4,0.805,Deficit,El_Nino,0.7378545810238017,20,0,597.4,791.9363636363637,-20.27137166668581,-0.17074174749599833
MATATHWADA,1966,747.1,0.28250000000000003,Normal,Neutral,0.5334202804043039,20,2,569.2,791.9363636363637,-5.661611929333169,-0.17074174749599833
MATATHWADA,1967,759.8,-0.31416666666666665,Normal,Neutral,0.2999673948483861,20,2,610.1,791.9363636363637,-4.057947723072345,-0.17074174749599833
MATATHWADA,1968,712.4,0.07166666666666667,Deficit,Neutral,0.4509292468209977,20,0,587.5,791.9363636363637,-10.0432771228175,-0.17074174749599833
MATATHWADA,1969,824.6,0.6783333333333333,Normal,El_Nino,0.6882947505705902,20,2,768.8,791.9363636363637,4.1245279120223115,-0.17074174749599833
MATATHWADA,1970,910.9,-0.2925,Excess,Neutral,0.30844473426801433,20,1,842.1,791.9363636363637,15.021868148267181,-0.17074174749599833
MATATHWADA,1971,607.9,-0.8608333333333333,Deficit,La_Nina,0.08607760026084121,20,0,458.9,791.9363636363637,-23.238781812129083,-0.17074174749599833
MATATHWADA,1972,347.1,0.8066666666666666,Deficit,El_Nino,0.7385066840560809,20,0,307.6,791.9363636363637,-56.170720787942095,-0.17074174749599833
MATATHWADA,1973,871.3,-0.5808333333333334,Excess,La_Nina,0.19563090968372998,20,1,765.8,791.9363636363637,10.021466371264895,-0.17074174749599833
MATATHWADA,1974,650.6,-0.8875000000000001,Deficit,La_Nina,0.0756439517443756,20,0,476.8,791.9363636363637,-17.846934441472573,-0.17074174749599833
MATATHWADA,1975,1050.9,-0.9966666666666667,Excess,La_Nina,0.03293120313009451,20,1,907.8,791.9363636363637,32.70005624878032,-0.17074174749599833
MATATHWADA,1976,623.0,-0.021666666666666678,Deficit,Neutral,0.4144114770133681,20,0,563.7,791.9363636363637,-21.332062952716594,-0.17074174749599833
MATATHWADA,1977,767.7,0.5175,Normal,El_Nino,0.625366807955657,20,2,547.4,791.9363636363637,-3.0603928231148063,-0.17074174749599833
MATATHWADA,1978,784.8,-0.04916666666666667,Normal,Neutral,0.40365177698076293,20,2,613.3,791.9363636363637,-0.9011284194092859,-0.17074174749599833
MATATHWADA,1979,807.6,0.30833333333333335,Normal,Neutral,0.5435278774046299,20,2,658.1,791.9363636363637,1.9778907855314318,-0.17074174749599833
MATATHWADA,1980,812.9,0.21166666666666667,Normal,Neutral,0.5057059015324421,20,2,776.1,791.9363636363637,2.6471364779079942,-0.17074174749599833
MATATHWADA,1981,786.6,-0.25,Normal,Neutral,0.3250733615911314,20,2,635.1,791.9363636363637,-0.6738374295455372,-0.17074174749599833
MATATHWADA,1982,636.5,0.9125,Deficit,El_Nino,0.7799152266058037,20,0,526.5,791.9363636363637,-19.62738052873854,-0.17074174749599833
MATATHWADA,1983,1187.6,0.45999999999999996,Excess,Neutral,0.602869253342028,20,1,1066.3,791.9363636363637,49.961544201209904,-0.17074174749599833
MATATHWADA,1984,552.7,-0.5516666666666666,Deficit,La_Nina,0.2070427127486143,20,0,424.1,791.9363636363637,-30.209038834617107,-0.17074174749599833
MATATHWADA,1985,575.4,-0.5775,Deficit,La_Nina,0.19693511574828823,20,0,455.8,791.9363636363637,-27.342646906891062,-0.17074174749599833
MATATHWADA,1986,562.9,0.26666666666666666,Deficit,Neutral,0.5272253015976525,20,0,503.6,791.9363636363637,-28.921056558722587,-0.17074174749599833
MATATHWADA,1987,786.2,1.1824999999999999,Normal,El_Nino,0.8855559178350179,20,2,553.4,791.9363636363637,-0.7243465384041432,-0.17074174749599833
MATATHWADA,1988,1170.0,-0.89,Excess,La_Nina,0.07466579719595695,20,1,1128.6,791.9363636363637,47.739143411431115,-0.17074174749599833
MATATHWADA,1989,1068.3,-0.62,Excess,La_Nina,0.18030648842517116,20,1,989.8,791.9363636363637,34.89720248412979,-0.17074174749599833
MATATHWADA,1990,1198.1,0.2708333333333333,Excess,Neutral,0.5288555591783501,20,1,822.2,791.9363636363637,51.28740830874838,-0.17074174749599833
MATATHWADA,1991,601.0,0.6541666666666667,Deficit,El_Nino,0.6788392566025432,20,0,560.7,791.9363636363637,-24.110063939940083,-0.17074174749599833
MATATHWADA,1992,726.6,0.6091666666666666,Normal,El_Nino,0.6612324747310074,20,2,640.6,791.9363636363637,-8.250203758336877,-0.17074174749599833
MATATHWADA,1993,806.3,0.3566666666666667,Normal,Neutral,0.5624388653407238,20,2,591.8,791.9363636363637,1.813736181740944,-0.17074174749599833
MATATHWADA,1994,583.8,0.3658333333333333,Deficit,Neutral,0.566025432018259,20,0,454.0,791.9363636363637,-26.281955620860277,-0.17074174749599833
MATATHWADA,1995,809.5,-0.21583333333333332,Normal,Neutral,0.33844147375285294,20,2,555.4,791.9363636363637,2.2178090526098213,-0.17074174749599833
MATATHWADA,1996,855.0,-0.4058333333333333,Normal,Neutral,0.26410172807303556,20,2,718.6,791.9363636363637,7.963220185276587,-0.17074174749599833
MATATHWADA,1997,790.5,1.1416666666666666,Normal,El_Nino,0.86957939354418,20,2,491.3,791.9363636363637,-0.181373618174103,-0.17074174749599833
MATATHWADA,1998,1126.7,0.041666666666666664,Excess,Neutral,0.43919139223997394,20,1,930.5,791.9363636363637,42.27153237748671,-0.17074174749599833
MATATHWADA,1999,767.6,-1.0808333333333333,Normal,La_Nina,0.0,20,2,623.6,791.9363636363637,-3.0730201003294613,-0.17074174749599833
MATATHWADA,2000,684.4,-0.7658333333333333,Deficit,La_Nina,0.12324747310074996,20,0,629.9,791.9363636363637,-13.578914742920126,-0.17074174749599833
MATATHWADA,2001,732.4,-0.2941666666666667,Normal,Neutral,0.30779263123573525,20,2,544.6,791.9363636363637,-7.517821679887053,-0.17074174749599833
MATATHWADA,2002,722.1,0.5141666666666667,Normal,El_Nino,0.6240626018910989,20,2,646.0,791.9363636363637,-8.818431232996227,-0.17074174749599833
MATATHWADA,2003,720.1,0.235,Normal,Neutral,0.5148353439843495,20,2,653.1,791.9363636363637,-9.070976777289271,-0.17074174749599833
MATATHWADA,2004,678.7,0.3925,Deficit,Neutral,0.5764590805347245,20,0,553.9,791.9363636363637,-14.298669544155294,-0.17074174749599833
MATATHWADA,2005,940.5,0.029166666666666684,Excess,Neutral,0.4343006194978807,20,1,810.9,791.9363636363637,18.759542203804244,-0.17074174749599833
MATATHWADA,2006,872.9,0.04,Excess,Neutral,0.4385392892076948,20,1,761.5,791.9363636363637,10.223502806699333,-0.17074174749599833
MATATHWADA,2007,714.6,-0.6133333333333333,Normal,La_Nina,0.18291490055428758,20,2,695.3,791.9363636363637,-9.765477024095144,-0.17074174749599833
MATATHWADA,2008,646.3,-0.8083333333333335,Deficit,La_Nina,0.10661884577763281,20,0,591.7,791.9363636363637,-18.38990736170263,-0.17074174749599833
MATATHWADA,2009,668.9,0.2591666666666667,Deficit,Neutral,0.5242908379523965,20,0,529.8,791.9363636363637,-15.53614271119122,-0.17074174749599833
MATATHWADA,2010,1011.6,-0.4266666666666667,Excess,Neutral,0.25595044016954677,20,1,897.8,791.9363636363637,27.737536303421983,-0.17074174749599833
MATATHWADA,2011,663.5,-0.7691666666666667,Deficit,La_Nina,0.12194326703619174,20,0,627.7,791.9363636363637,-16.21801568078244,-0.17074174749599833
MATATHWADA,2012,526.7,-0.06583333333333333,Deficit,Neutral,0.397130746657972,20,0,454.7,791.9363636363637,-33.49213091042669,-0.17074174749599833
MATATHWADA,2013,888.0,-0.25916666666666666,Excess,Neutral,0.32148679491359633,20,1,745.3,791.9363636363637,12.130221666111824,-0.17074174749599833
MATATHWADA,2014,548.9,0.22833333333333336,Deficit,Neutral,0.5122269318552332,20,0,398.8,791.9363636363637,-30.6888753687739,-0.17074174749599833
MATATHWADA,2015,532.2,1.4749999999999999,Deficit,El_Nino,1.0,20,0,412.4,791.9363636363637,-32.797630663620815,-0.17074174749599833
VIDARBHA,1950,793.5,-0.8783333333333334,Deficit,La_Nina,0.07923051842191065,32,0,719.5,1073.1000000000001,-26.05535364830865,-0.15137996544267032
VIDARBHA,1951,1082.3,0.43333333333333335,Normal,Neutral,0.5924356048255625,32,2,927.4,1073.1000000000001,0.8573292330630712,-0.15137996544267032
VIDARBHA,1952,807.7,0.013333333333333334,Deficit,Neutral,0.4281056406912292,32,0,745.5,1073.1000000000001,-24.73208461466779,-0.15137996544267032
VIDARBHA,1953,1137.8,0.5883333333333334,Normal,El_Nino,0.6530811868275188,32,2,1060.5,1073.1000000000001,6.029261019476266,-0.15137996544267032
VIDARBHA,1954,1100.4,-0.33749999999999997,Normal,Neutral,0.2908379523964787,32,2,1077.5,1073.1000000000001,2.544031311154594,-0.15137996544267032
VIDARBHA,1955,1368.7,-0.9391666666666666,Excess,La_Nina,0.05542875774372352,32,1,1169.5,1073.1000000000001,27.546361010157476,-0.15137996544267032
VIDARBHA,1956,1124.6,-0.5558333333333333,Normal,La_Nina,0.20541245516791654,32,2,980.6,1073.1000000000001,4.799179945950962,-0.15137996544267032
VIDARBHA,1957,1070.9,0.7808333333333333,Normal,El_Nino,0.7283990870557548,32,2,939.8,1073.1000000000001,-0.20501351225422096,-0.15137996544267032
VIDARBHA,1958,1172.2,0.7166666666666667,Normal,El_Nino,0.7032931203130095,32,2,1018.5,1073.1000000000001,9.2349268474513,-0.15137996544267032
VIDARBHA,1959,1606.3,0.1991666666666667,Excess,Neutral,0.5008151287903488,32,1,1493.1,1073.1000000000001,49.687820333612876,-0.15137996544267032
VIDARBHA,1960,1065.0,0.050833333333333335,Normal,Neutral,0.442777958917509,32,2,888.4,1073.1000000000001,-0.7548224769359925,-0.15137996544267032
VIDARBHA,1961,1440.8,-0.02416666666666667,Excess,Neutral,0.41343332246494946,32,1,1253.1,1073.1000000000001,34.265212934488844,-0.15137996544267032
VIDARBHA,1962,1152.6,-0.17333333333333334,Normal,Neutral,0.35507010107597003,32,2,966.0,1073.1000000000001,7.4084428291864475,-0.15137996544267032
VIDARBHA,1963,1147.8,0.5499999999999999,Normal,El_Nino,0.6380828170850994,32,2,1008.0,1073.1000000000001,6.961140620631796,-0.15137996544267032
VIDARBHA,1964,1010.7,-0.3758333333333333,Normal,Neutral,0.2758395826540594,32,2,960.2,1073.1000000000001,-5.814928711210519,-0.15137996544267032
VIDARBHA,1965,743.6,0.805,Deficit,El_Nino,0.7378545810238017,32,0,696.2,1073.1000000000001,-30.705432858074744,-0.15137996544267032
VIDARBHA,1966,1002.9,0.28250000000000003,Normal,Neutral,0.5334202804043039,32,2,870.1,1073.1000000000001,-6.54179480011184,-0.15137996544267032
VIDARBHA,1967,1128.4,-0.31416666666666665,Normal,Neutral,0.2999673948483861,32,2,937.9,1073.1000000000001,5.15329419439008,-0.15137996544267032
VIDARBHA,1968,922.9,0.07166666666666667,Deficit,Neutral,0.4509292468209977,32,0,799.7,1073.1000000000001,-13.996831609356084,-0.15137996544267032
VIDARBHA,1969,992.9,0.6783333333333333,Normal,El_Nino,0.6882947505705902,32,2,951.1,1073.1000000000001,-7.47367440126737,-0.15137996544267032
VIDARBHA,1970,1240.6,-0.2925,Excess,Neutral,0.30844473426801433,32,1,1174.1,1073.1000000000001,15.608983319355115,-0.15137996544267032
VIDARBHA,1971,882.4,-0.8608333333333333,Deficit,La_Nina,0.08607760026084121,32,0,696.6,1073.1000000000001,-17.770943994035985,-0.15137996544267032
VIDARBHA,1972,740.8,0.8066666666666666,Deficit,El_Nino,0.7385066840560809,32,0,679.0,1073.1000000000001,-30.966359146398297,-0.15137996544267032
VIDARBHA,1973,1162.4,-0.5808333333333334,Normal,La_Nina,0.19563090968372998,32,2,986.4,1073.1000000000001,8.321684838318884,-0.15137996544267032
VIDARBHA,1974,840.8,-0.8875000000000001,Deficit,La_Nina,0.0756439517443756,32,0,653.7,1073.1000000000001,-21.647563134842994,-0.15137996544267032
VIDARBHA,1975,1324.1,-0.9966666666666667,Excess,La_Nina,0.03293120313009451,32,1,1190.6,1073.1000000000001,23.390177989003796,-0.15137996544267032
VIDARBHA,1976,974.6,-0.021666666666666678,Normal,Neutral,0.4144114770133681,32,2,912.1,1073.1000000000001,-9.179014071381987,-0.15137996544267032
VIDARBHA,1977,1068.0,0.5175,Normal,El_Nino,0.625366807955657,32,2,926.1,1073.1000000000001,-0.47525859658933334,-0.15137996544267032
VIDARBHA,1978,1249.4,-0.04916666666666667,Excess,Neutral,0.40365177698076293,32,1,1103.4,1073.1000000000001,16.429037368371997,-0.15137996544267032
VIDARBHA,1979,1087.2,0.30833333333333335,Normal,Neutral,0.5435278774046299,32,2,930.2,1073.1000000000001,1.3139502376292898,-0.15137996544267032
VIDARBHA,1980,1042.6,0.21166666666666667,Normal,Neutral,0.5057059015324421,32,2,993.1,1073.1000000000001,-2.8422327835243895,-0.15137996544267032
VIDARBHA,1981,1218.6,-0.25,Excess,Neutral,0.3250733615911314,32,1,1122.7,1073.1000000000001,13.558848196812948,-0.15137996544267032
VIDARBHA,1982,856.1,0.9125,Deficit,El_Nino,0.7799152266058037,32,0,708.0,1073.1000000000001,-20.221787345075022,-0.15137996544267032
VIDARBHA,1983,1240.4,0.45999999999999996,Excess,Neutral,0.602869253342028,32,1,1150.7,1073.1000000000001,15.590345727332021,-0.15137996544267032
VIDARBHA,1984,810.6,-0.5516666666666666,Deficit,La_Nina,0.2070427127486143,32,0,683.9,1073.1000000000001,-24.46183953033269,-0.15137996544267032
VIDARBHA,1985,876.9,-0.5775,Deficit,La_Nina,0.19693511574828823,32,0,712.3,1073.1000000000001,-18.283477774671525,-0.15137996544267032
VIDARBHA,1986,1157.0,0.26666666666666666,Normal,Neutral,0.5272253015976525,32,2,1029.6,1073.1000000000001,7.8184698536948884,-0.15137996544267032
VIDARBHA,1987,822.6,1.1824999999999999,Deficit,El_Nino,0.8855559178350179,32,0,643.0,1073.1000000000001,-23.343584008946053,-0.15137996544267032
VIDARBHA,1988,1308.7,-0.89,Excess,La_Nina,0.07466579719595695,32,1,1188.5,1073.1000000000001,21.955083403224293,-0.15137996544267032
VIDARBHA,1989,997.7,-0.62,Normal,La_Nina,0.18030648842517116,32,2,925.1,1073.1000000000001,-7.026372192712708,-0.15137996544267032
VIDARBHA,1990,1505.0,0.2708333333333333,Excess,Neutral,0.5288555591783501,32,1,1258.4,1073.1000000000001,40.24787997390735,-0.15137996544267032
VIDARBHA,1991,838.7,0.6541666666666667,Deficit,El_Nino,0.6788392566025432,32,0,795.3,1073.1000000000001,-21.843257851085646,-0.15137996544267032
VIDARBHA,1992,1148.6,0.6091666666666666,Normal,El_Nino,0.6612324747310074,32,2,1090.8,1073.1000000000001,7.035690988724235,-0.15137996544267032
VIDARBHA,1993,1023.0,0.3566666666666667,Normal,Neutral,0.5624388653407238,32,2,904.7,1073.1000000000001,-4.668716801789221,-0.15137996544267032
VIDARBHA,1994,1427.1,0.3658333333333333,Excess,Neutral,0.566025432018259,32,1,1305.5,1073.1000000000001,32.98853788090576,-0.15137996544267032
VIDARBHA,1995,1077.5,-0.21583333333333332,Normal,Neutral,0.33844147375285294,32,2,859.1,1073.1000000000001,0.41002702450842077,-0.15137996544267032
VIDARBHA,1996,855.0,-0.4058333333333333,Deficit,Neutral,0.26410172807303556,32,0,741.4,1073.1000000000001,-20.324294101202135,-0.15137996544267032
VIDARBHA,1997,1039.3,1.1416666666666666,Normal,El_Nino,0.86957939354418,32,2,767.9,1073.1000000000001,-3.1497530519057104,-0.15137996544267032
VIDARBHA,1998,1061.7,0.041666666666666664,Normal,Neutral,0.43919139223997394,32,2,883.1,1073.1000000000001,-1.0623427453173133,-0.15137996544267032
VIDARBHA,1999,1165.1,-1.0808333333333333,Normal,La_Nina,0.0,32,2,1004.9,1073.1000000000001,8.57329233063086,-0.15137996544267032
VIDARBHA,2000,1105.2,-0.7658333333333333,Normal,La_Nina,0.12324747310074996,32,2,1048.2,1073.1000000000001,2.9913335197092445,-0.15137996544267032
VIDARBHA,2001,1122.1,-0.2941666666666667,Normal,Neutral,0.30779263123573525,32,2,937.8,1073.1000000000001,4.566210045662078,-0.15137996544267032
VIDARBHA,2002,925.8,0.5141666666666667,Deficit,El_Nino,0.6240626018910989,32,0,870.3,1073.1000000000001,-13.72658652502098,-0.15137996544267032
VIDARBHA,2003,1018.6,0.235,Normal,Neutral,0.5148353439843495,32,2,960.1,1073.1000000000001,-5.078743826297652,-0.15137996544267032
VIDARBHA,2004,731.9,0.3925,Deficit,Neutral,0.5764590805347245,32,0,665.0,1073.1000000000001,-31.795731991426717,-0.15137996544267032
VIDARBHA,2005,1214.6,0.029166666666666684,Excess,Neutral,0.4343006194978807,32,1,1033.7,1073.1000000000001,13.186096356350738,-0.15137996544267032
VIDARBHA,2006,1215.6,0.04,Excess,Neutral,0.4385392892076948,32,1,1073.0,1073.1000000000001,13.279284316466288,-0.15137996544267032
VIDARBHA,2007,1167.0,-0.6133333333333333,Normal,La_Nina,0.18291490055428758,32,2,1130.0,1073.1000000000001,8.75034945485042,-0.15137996544267032
VIDARBHA,2008,866.6,-0.8083333333333335,Deficit,La_Nina,0.10661884577763281,32,0,814.2,1073.1000000000001,-19.243313763861718,-0.15137996544267032
VIDARBHA,2009,770.8,0.2591666666666667,Deficit,Neutral,0.5242908379523965,32,0,654.6,1073.1000000000001,-28.170720342931705,-0.15137996544267032
VIDARBHA,2010,1338.1,-0.4266666666666667,Excess,Neutral,0.25595044016954677,32,1,1221.2,1073.1000000000001,24.69480943062154,-0.15137996544267032
VIDARBHA,2011,893.2,-0.7691666666666667,Deficit,La_Nina,0.12194326703619174,32,0,878.8,1073.1000000000001,-16.764514024788006,-0.15137996544267032
VIDARBHA,2012,1107.7,-0.06583333333333333,Normal,Neutral,0.397130746657972,32,2,1061.5,1073.1000000000001,3.2243034199981273,-0.15137996544267032
VIDARBHA,2013,1520.0,-0.25916666666666666,Excess,Neutral,0.32148679491359633,32,1,1360.0,1073.1000000000001,41.645699375640646,-0.15137996544267032
VIDARBHA,2014,919.1,0.22833333333333336,Deficit,Neutral,0.5122269318552332,32,0,817.5,1073.1000000000001,-14.35094585779518,-0.15137996544267032
VIDARBHA,2015,993.8,1.4749999999999999,Normal,El_Nino,1.0,32,2,848.2,1073.1000000000001,-7.389805237163374,-0.15137996544267032
CHHATTISGARH,1950,1292.2,-0.8783333333333334,Normal,La_Nina,0.07923051842191065,4,2,1153.2,1311.1636363636364,-1.4463211026985077,-0.10839485512419737
CHHATTISGARH,1951,1411.6,0.43333333333333335,Normal,Neutral,0.5924356048255625,4,2,1109.4,1311.1636363636364,7.66009374046647,-0.10839485512419737
CHHATTISGARH,1952,1396.4,0.013333333333333334,Normal,Neutral,0.4281056406912292,4,2,1250.0,1311.1636363636364,6.500818149041796,-0.10839485512419737
CHHATTISGARH,1953,1370.2,0.5883333333333334,Normal,El_Nino,0.6530811868275188,4,2,1254.8,1311.1636363636364,4.5025931164545,-0.10839485512419737
CHHATTISGARH,1954,1193.7,-0.33749999999999997,Normal,Neutral,0.2908379523964787,4,2,1148.4,1311.1636363636364,-8.958732007654548,-0.10839485512419737
CHHATTISGARH,1955,1440.7,-0.9391666666666666,Normal,La_Nina,0.05542875774372352,4,2,1207.8,1311.1636363636364,9.879496352996641,-0.10839485512419737
CHHATTISGARH,1956,1557.0,-0.5558333333333333,Excess,La_Nina,0.20541245516791654,4,1,1378.1,1311.1636363636364,18.749479990015804,-0.10839485512419737
CHHATTISGARH,1957,1222.4,0.7808333333333333,Normal,El_Nino,0.7283990870557548,4,2,1087.0,1311.1636363636364,-6.769836647530298,-0.10839485512419737
CHHATTISGARH,1958,1520.9,0.7166666666666667,Excess,El_Nino,0.7032931203130095,4,1,1252.5,1311.1636363636364,15.996200460382173,-0.10839485512419737
CHHATTISGARH,1959,1544.2,0.1991666666666667,Excess,Neutral,0.5008151287903488,4,1,1420.3,1311.1636363636364,17.773247913026594,-0.10839485512419737
CHHATTISGARH,1960,1364.3,0.050833333333333335,Normal,Neutral,0.442777958917509,4,2,1167.6,1311.1636363636364,4.052611143467278,-0.10839485512419737
CHHATTISGARH,1961,1974.0,-0.02416666666666667,Excess,Neutral,0.41343332246494946,4,1,1779.5,1311.1636363636364,50.55329062317996,-0.10839485512419737
CHHATTISGARH,1962,1124.7,-0.17333333333333334,Deficit,Neutral,0.35507010107597003,4,0,988.1,1311.1636363636364,-14.221233047674517,-0.10839485512419737
CHHATTISGARH,1963,1337.2,0.5499999999999999,Normal,El_Nino,0.6380828170850994,4,2,1156.7,1311.1636363636364,1.985744792966689,-0.10839485512419737
CHHATTISGARH,1964,1509.1,-0.3758333333333333,Excess,Neutral,0.2758395826540594,4,1,1358.0,1311.1636363636364,15.09623651440773,-0.10839485512419737
CHHATTISGARH,1965,941.6,0.805,Deficit,El_Nino,0.7378545810238017,4,0,881.2,1311.1636363636364,-28.185927836481127,-0.10839485512419737
CHHATTISGARH,1966,1087.1,0.28250000000000003,Deficit,Neutral,0.5334202804043039,4,0,969.8,1311.1636363636364,-17.088914773830336,-0.10839485512419737
CHHATTISGARH,1967,1472.5,-0.31416666666666665,Excess,Neutral,0.2999673948483861,4,1,1279.0,1311.1636363636364,12.30482291926671,-0.10839485512419737
CHHATTISGARH,1968,1168.0,0.07166666666666667,Deficit,Neutral,0.4509292468209977,4,0,1011.7,1311.1636363636364,-10.918822974734454,-0.10839485512419737
CHHATTISGARH,1969,1172.6,0.6783333333333333,Deficit,El_Nino,0.6882947505705902,4,0,1067.0,1311.1636363636364,-10.567989572066463,-0.10839485512419737
CHHATTISGARH,1970,1501.5,-0.2925,Excess,Neutral,0.30844473426801433,4,1,1370.6,1311.1636363636364,14.516598718695391,-0.10839485512419737
CHHATTISGARH,1971,1533.8,-0.8608333333333333,Excess,La_Nina,0.08607760026084121,4,1,1265.4,1311.1636363636364,16.98005935047285,-0.10839485512419737
CHHATTISGARH,1972,1198.9,0.8066666666666666,Normal,El_Nino,0.7385066840560809,4,2,1067.7,1311.1636363636364,-8.562137726377678,-0.10839485512419737
CHHATTISGARH,1973,1467.3,-0.5808333333333334,Excess,La_Nina,0.19563090968372998,4,1,1215.5,1311.1636363636364,11.908228637989838,-0.10839485512419737
CHHATTISGARH,1974,951.0,-0.8875000000000001,Deficit,La_Nina,0.0756439517443756,4,0,822.6,1311.1636363636364,-27.469007404942182,-0.10839485512419737
CHHATTISGARH,1975,1475.5,-0.9966666666666667,Excess,La_Nina,0.03293120313009451,4,1,1292.7,1311.1636363636364,12.533627312311058,-0.10839485512419737
CHHATTISGARH,1976,1379.3,-0.021666666666666678,Normal,Neutral,0.4144114770133681,4,2,1335.6,1311.1636363636364,5.19663310868901,-0.10839485512419737
CHHATTISGARH,1977,1465.5,0.5175,Excess,El_Nino,0.625366807955657,4,1,1334.6,1311.1636363636364,11.770946002163235,-0.10839485512419737
CHHATTISGARH,1978,1370.4,-0.04916666666666667,Normal,Neutral,0.40365177698076293,4,2,1281.5,1311.1636363636364,4.51784674265746,-0.10839485512419737
CHHATTISGARH,1979,904.6,0.30833333333333335,Deficit,Neutral,0.5435278774046299,4,0,808.8,1311.1636363636364,-31.007848684028065,-0.10839485512419737
CHHATTISGARH,1980,1495.4,0.21166666666666667,Excess,Neutral,0.5057059015324421,4,1,1431.2,1311.1636363636364,14.051363119505227,-0.10839485512419737
CHHATTISGARH,1981,1216.2,-0.25,Normal,Neutral,0.3250733615911314,4,2,1129.9,1311.1636363636364,-7.242699059821951,-0.10839485512419737
CHHATTISGARH,1982,1197.4,0.9125,Normal,El_Nino,0.7799152266058037,4,2,1005.6,1311.1636363636364,-8.676539922899853,-0.10839485512419737
CHHATTISGARH,1983,1371.9,0.45999999999999996,Normal,Neutral,0.602869253342028,4,2,1228.3,1311.1636363636364,4.632248939179632,-0.10839485512419737
CHHATTISGARH,1984,1254.7,-0.5516666666666666,Normal,La_Nina,0.2070427127486143,4,2,1113.6,1311.1636363636364,-4.3063760157528375,-0.10839485512419737
CHHATTISGARH,1985,1237.5,-0.5775,Normal,La_Nina,0.19693511574828823,4,2,1096.8,1311.1636363636364,-5.618187869207095,-0.10839485512419737
CHHATTISGARH,1986,1368.6,0.26666666666666666,Normal,Neutral,0.5272253015976525,4,2,1149.5,1311.1636363636364,4.380564106830838,-0.10839485512419737
CHHATTISGARH,1987,1142.8,1.1824999999999999,Deficit,El_Nino,0.8855559178350179,4,0,969.7,1311.1636363636364,-12.840779876306968,-0.10839485512419737
CHHATTISGARH,1988,1206.3,-0.89,Normal,La_Nina,0.07466579719595695,4,2,1113.6,1311.1636363636364,-7.9977535568683,-0.10839485512419737
CHHATTISGARH,1989,1187.2,-0.62,Normal,La_Nina,0.18030648842517116,4,2,1126.5,1311.1636363636364,-9.454474859250633,-0.10839485512419737
CHHATTISGARH,1990,1643.8,0.2708333333333333,Excess,Neutral,0.5288555591783501,4,1,1331.5,1311.1636363636364,25.36955376209889,-0.10839485512419737
CHHATTISGARH,1991,1220.8,0.6541666666666667,Normal,El_Nino,0.6788392566025432,4,2,1136.2,1311.1636363636364,-6.89186565715396,-0.10839485512419737
CHHATTISGARH,1992,1156.6,0.6091666666666666,Deficit,El_Nino,0.6612324747310074,4,0,1137.5,1311.1636363636364,-11.788279668302977,-0.10839485512419737
CHHATTISGARH,1993,1205.3,0.3566666666666667,Normal,Neutral,0.5624388653407238,4,2,1116.3,1311.1636363636364,-8.074021687883084,-0.10839485512419737
CHHATTISGARH,1994,1754.5,0.3658333333333333,Excess,Neutral,0.566025432018259,4,1,1648.8,1311.1636363636364,33.812435865435276,-0.10839485512419737
CHHATTISGARH,1995,1280.7,-0.21583333333333332,Normal,Neutral,0.33844147375285294,4,2,1091.4,1311.1636363636364,-2.3234046093685023,-0.10839485512419737
CHHATTISGARH,1996,1187.0,-0.4058333333333333,Normal,Neutral,0.26410172807303556,4,2,1133.8,1311.1636363636364,-9.469728485453594,-0.10839485512419737
CHHATTISGARH,1997,1317.2,1.1416666666666666,Normal,El_Nino,0.86957939354418,4,2,1120.6,1311.1636363636364,0.4603821726710461,-0.10839485512419737
CHHATTISGARH,1998,1332.5,0.041666666666666664,Normal,Neutral,0.43919139223997394,4,2,1060.1,1311.1636363636364,1.6272845771972095,-0.10839485512419737
CHHATTISGARH,1999,1322.6,-1.0808333333333333,Normal,La_Nina,0.0,4,2,1194.9,1311.1636363636364,0.8722300801508592,-0.10839485512419737
CHHATTISGARH,2000,906.3,-0.7658333333333333,Deficit,La_Nina,0.12324747310074996,4,0,887.8,1311.1636363636364,-30.878192861302946,-0.10839485512419737
CHHATTISGARH,2001,1600.1,-0.2941666666666667,Excess,Neutral,0.30779263123573525,4,1,1458.8,1311.1636363636364,22.036636436752904,-0.10839485512419737
CHHATTISGARH,2002,990.2,0.5141666666666667,Deficit,El_Nino,0.6240626018910989,4,0,809.3,1311.1636363636364,-24.479296669162714,-0.10839485512419737
CHHATTISGARH,2003,1694.3,0.235,Excess,Neutral,0.5148353439843495,4,1,1479.1,1311.1636363636364,29.221094378345384,-0.10839485512419737
CHHATTISGARH,2004,1144.5,0.3925,Deficit,Neutral,0.5764590805347245,4,0,1014.3,1311.1636363636364,-12.711124053581834,-0.10839485512419737
CHHATTISGARH,2005,1287.2,0.029166666666666684,Normal,Neutral,0.4343006194978807,4,2,1099.0,1311.1636363636364,-1.8276617577724183,-0.10839485512419737
CHHATTISGARH,2006,1317.7,0.04,Normal,Neutral,0.4385392892076948,4,2,1219.0,1311.1636363636364,0.4985162381784371,-0.10839485512419737
CHHATTISGARH,2007,1281.2,-0.6133333333333333,Normal,La_Nina,0.18291490055428758,4,2,1167.2,1311.1636363636364,-2.285270543861111,-0.10839485512419737
CHHATTISGARH,2008,1108.5,-0.8083333333333335,Deficit,La_Nina,0.10661884577763281,4,0,1037.4,1311.1636363636364,-15.456776770113992,-0.10839485512419737
CHHATTISGARH,2009,956.6,0.2591666666666667,Deficit,Neutral,0.5242908379523965,4,0,852.0,1311.1636363636364,-27.0419058712594,-0.10839485512419737
CHHATTISGARH,2010,1306.6,-0.4266666666666667,Normal,Neutral,0.25595044016954677,4,2,1172.2,1311.1636363636364,-0.34806001608565507,-0.10839485512419737
CHHATTISGARH,2011,1302.7,-0.7691666666666667,Normal,La_Nina,0.12194326703619174,4,2,1218.2,1311.1636363636364,-0.645505727043295,-0.10839485512419737
CHHATTISGARH,2012,1377.4,-0.06583333333333333,Normal,Neutral,0.397130746657972,4,2,1265.4,1311.1636363636364,5.051723659760935,-0.10839485512419737
CHHATTISGARH,2013,1420.0,-0.25916666666666666,Normal,Neutral,0.32148679491359633,4,2,1159.9,1311.1636363636364,8.300746040990648,-0.10839485512419737
CHHATTISGARH,2014,1278.7,0.22833333333333336,Normal,Neutral,0.5122269318552332,4,2,1102.1,1311.1636363636364,-2.4759408713980666,-0.10839485512419737
CHHATTISGARH,2015,1117.6,1.4749999999999999,Deficit,El_Nino,1.0,4,0,1009.7,1311.1636363636364,-14.762736777879482,-0.10839485512419737
COASTAL ANDHRA PRADESH,1950,986.0,-0.8783333333333334,Normal,La_Nina,0.07923051842191065,5,2,644.4,1069.7454545454545,-7.828540349445917,-0.06951782310388366
COASTAL ANDHRA PRADESH,1951,1096.1,0.43333333333333335,Normal,Neutral,0.5924356048255625,5,2,779.4,1069.7454545454545,2.463627710925275,-0.06951782310388366
COASTAL ANDHRA PRADESH,1952,916.7,0.013333333333333334,Deficit,Neutral,0.4281056406912292,5,0,476.5,1069.7454545454545,-14.306716976001082,-0.06951782310388366
COASTAL ANDHRA PRADESH,1953,990.0,0.5883333333333334,Normal,El_Nino,0.6530811868275188,5,2,660.6,1069.7454545454545,-7.454619620640425,-0.06951782310388366
COASTAL ANDHRA PRADESH,1954,1153.5,-0.33749999999999997,Normal,Neutral,0.2908379523964787,5,2,820.4,1069.7454545454545,7.829390169284112,-0.06951782310388366
COASTAL ANDHRA PRADESH,1955,1378.9,-0.9391666666666666,Excess,La_Nina,0.05542875774372352,5,1,688.2,1069.7454545454545,28.899823237473665,-0.06951782310388366
COASTAL ANDHRA PRADESH,1956,1408.5,-0.5558333333333333,Excess,La_Nina,0.20541245516791654,5,1,888.3,1069.7454545454545,31.666836630634304,-0.06951782310388366
COASTAL ANDHRA PRADESH,1957,1017.6,0.7808333333333333,Normal,El_Nino,0.7283990870557548,5,2,799.0,1069.7454545454545,-4.874566591882519,-0.06951782310388366
COASTAL ANDHRA PRADESH,1958,1605.3,0.7166666666666667,Excess,El_Nino,0.7032931203130095,5,1,851.3,1069.7454545454545,50.06373648786456,-0.06951782310388366
COASTAL ANDHRA PRADESH,1959,1120.7,0.1991666666666667,Normal,Neutral,0.5008151287903488,5,2,843.1,1069.7454545454545,4.7632401930790715,-0.06951782310388366
COASTAL ANDHRA PRADESH,1960,943.6,0.050833333333333335,Deficit,Neutral,0.442777958917509,5,0,743.9,1069.7454545454545,-11.792100074784145,-0.06951782310388366
COASTAL ANDHRA PRADESH,1961,1119.2,-0.02416666666666667,Normal,Neutral,0.41343332246494946,5,2,692.5,1069.7454545454545,4.623019919777011,-0.06951782310388366
COASTAL ANDHRA PRADESH,1962,1345.5,-0.17333333333333334,Excess,Neutral,0.35507010107597003,5,1,819.6,1069.7454545454545,25.777585151947786,-0.06951782310388366
COASTAL ANDHRA PRADESH,1963,1023.9,0.5499999999999999,Normal,El_Nino,0.6380828170850994,5,2,571.4,1069.7454545454545,-4.285641444013871,-0.06951782310388366
COASTAL ANDHRA PRADESH,1964,1061.0,-0.3758333333333333,Normal,Neutral,0.2758395826540594,5,2,867.0,1069.7454545454545,-0.8175266843429196,-0.06951782310388366
COASTAL ANDHRA PRADESH,1965,754.2,0.805,Deficit,El_Nino,0.7378545810238017,5,0,583.9,1069.7454545454545,-29.497246583724245,-0.06951782310388366
COASTAL ANDHRA PRADESH,1966,954.7,0.28250000000000003,Deficit,Neutral,0.5334202804043039,5,0,643.1,1069.7454545454545,-10.754470052348898,-0.06951782310388366
COASTAL ANDHRA PRADESH,1967,843.1,-0.31416666666666665,Deficit,Neutral,0.2999673948483861,5,0,635.9,1069.7454545454545,-21.186858386022163,-0.06951782310388366
COASTAL ANDHRA PRADESH,1968,838.9,0.07166666666666667,Deficit,Neutral,0.4509292468209977,5,0,451.3,1069.7454545454545,-21.579475151267932,-0.06951782310388366
COASTAL ANDHRA PRADESH,1969,1279.7,0.6783333333333333,Excess,El_Nino,0.6882947505705902,5,1,540.0,1069.7454545454545,19.626589163097428,-0.06951782310388366
COASTAL ANDHRA PRADESH,1970,1064.2,-0.2925,Normal,Neutral,0.30844473426801433,5,2,733.4,1069.7454545454545,-0.5183901012985209,-0.06951782310388366
COASTAL ANDHRA PRADESH,1971,1033.2,-0.8608333333333333,Normal,La_Nina,0.08607760026084121,5,2,613.5,1069.7454545454545,-3.416275749541094,-0.06951782310388366
COASTAL ANDHRA PRADESH,1972,1028.5,0.8066666666666666,Normal,El_Nino,0.7385066840560809,5,2,518.8,1069.7454545454545,-3.8556326058875525,-0.06951782310388366
COASTAL ANDHRA PRADESH,1973,859.1,-0.5808333333333334,Deficit,La_Nina,0.19563090968372998,5,0,542.9,1069.7454545454545,-19.691175470800186,-0.06951782310388366
COASTAL ANDHRA PRADESH,1974,944.9,-0.8875000000000001,Deficit,La_Nina,0.0756439517443756,5,0,573.8,1069.7454545454545,-11.670575837922364,-0.06951782310388366
COASTAL ANDHRA PRADESH,1975,1192.4,-0.9966666666666667,Excess,La_Nina,0.03293120313009451,5,1,796.5,1069.7454545454545,11.465769256917541,-0.06951782310388366
COASTAL ANDHRA PRADESH,1976,1090.3,-0.021666666666666678,Normal,Neutral,0.4144114770133681,5,2,598.5,1069.7454545454545,1.921442654157314,-0.06951782310388366
COASTAL ANDHRA PRADESH,1977,1132.8,0.5175,Normal,El_Nino,0.625366807955657,5,2,551.2,1069.7454545454545,5.894350397715679,-0.06951782310388366
COASTAL ANDHRA PRADESH,1978,1038.3,-0.04916666666666667,Normal,Neutral,0.40365177698076293,5,2,812.5,1069.7454545454545,-2.9395268203140983,-0.06951782310388366
COASTAL ANDHRA PRADESH,1979,934.1,0.30833333333333335,Deficit,Neutral,0.5435278774046299,5,0,534.6,1069.7454545454545,-12.68016180569719,-0.06951782310388366
COASTAL ANDHRA PRADESH,1980,1014.8,0.21166666666666667,Normal,Neutral,0.5057059015324421,5,2,691.5,1069.7454545454545,-5.136311102046371,-0.06951782310388366
COASTAL ANDHRA PRADESH,1981,929.3,-0.25,Deficit,Neutral,0.3250733615911314,5,0,694.5,1069.7454545454545,-13.12886668026379,-0.06951782310388366
COASTAL ANDHRA PRADESH,1982,888.5,0.9125,Deficit,El_Nino,0.7799152266058037,5,0,529.5,1069.7454545454545,-16.942858114079815,-0.06951782310388366
COASTAL ANDHRA PRADESH,1983,1196.0,0.45999999999999996,Excess,Neutral,0.602869253342028,5,1,858.5,1069.7454545454545,11.802297912842477,-0.06951782310388366
COASTAL ANDHRA PRADESH,1984,785.2,-0.5516666666666666,Deficit,La_Nina,0.2070427127486143,5,0,585.9,1069.7454545454545,-26.599360935481677,-0.06951782310388366
COASTAL ANDHRA PRADESH,1985,967.6,-0.5775,Normal,La_Nina,0.19693511574828823,5,2,571.6,1069.7454545454545,-9.548575701951185,-0.06951782310388366
COASTAL ANDHRA PRADESH,1986,1009.7,0.26666666666666666,Normal,Neutral,0.5272253015976525,5,2,638.4,1069.7454545454545,-5.613060031273366,-0.06951782310388366
COASTAL ANDHRA PRADESH,1987,1079.9,1.1824999999999999,Normal,El_Nino,0.8855559178350179,5,2,442.2,1069.7454545454545,0.9492487592630444,-0.06951782310388366
COASTAL ANDHRA PRADESH,1988,1164.8,-0.89,Normal,La_Nina,0.07466579719595695,5,2,928.9,1069.7454545454545,8.885716228159625,-0.06951782310388366
COASTAL ANDHRA PRADESH,1989,1030.0,-0.62,Normal,La_Nina,0.18030648842517116,5,2,883.0,1069.7454545454545,-3.715412332585492,-0.06951782310388366
COASTAL ANDHRA PRADESH,1990,1611.1,0.2708333333333333,Excess,Neutral,0.5288555591783501,5,1,591.5,1069.7454545454545,50.60592154463252,-0.06951782310388366
COASTAL ANDHRA PRADESH,1991,1122.1,0.6541666666666667,Normal,El_Nino,0.6788392566025432,5,2,760.9,1069.7454545454545,4.894112448160981,-0.06951782310388366
COASTAL ANDHRA PRADESH,1992,1001.0,0.6091666666666666,Normal,El_Nino,0.6612324747310074,5,2,637.1,1069.7454545454545,-6.426337616425318,-0.06951782310388366
COASTAL ANDHRA PRADESH,1993,869.7,0.3566666666666667,Deficit,Neutral,0.5624388653407238,5,0,511.7,1069.7454545454545,-18.70028553946563,-0.06951782310388366
COASTAL ANDHRA PRADESH,1994,1155.1,0.3658333333333333,Normal,Neutral,0.566025432018259,5,2,574.4,1069.7454545454545,7.9789584608063,-0.06951782310388366
COASTAL ANDHRA PRADESH,1995,1352.0,-0.21583333333333332,Excess,Neutral,0.33844147375285294,5,1,646.6,1069.7454545454545,26.38520633625671,-0.06951782310388366
COASTAL ANDHRA PRADESH,1996,1210.9,-0.4058333333333333,Excess,Neutral,0.26410172807303556,5,1,829.4,1069.7454545454545,13.195152627642948,-0.06951782310388366
COASTAL ANDHRA PRADESH,1997,972.1,1.1416666666666666,Normal,El_Nino,0.86957939354418,5,2,662.7,1069.7454545454545,-9.127914882045005,-0.06951782310388366
COASTAL ANDHRA PRADESH,1998,1310.8,0.041666666666666664,Excess,Neutral,0.43919139223997394,5,1,858.0,1069.7454545454545,22.53382282956013,-0.06951782310388366
COASTAL ANDHRA PRADESH,1999,825.1,-1.0808333333333333,Deficit,La_Nina,0.0,5,0,554.7,1069.7454545454545,-22.86950166564688,-0.06951782310388366
COASTAL ANDHRA PRADESH,2000,992.3,-0.7658333333333333,Normal,La_Nina,0.12324747310074996,5,2,768.9,1069.7454545454545,-7.239615201577271,-0.06951782310388366
COASTAL ANDHRA PRADESH,2001,1009.3,-0.2941666666666667,Normal,Neutral,0.30779263123573525,5,2,598.1,1069.7454545454545,-5.650452104153924,-0.06951782310388366
COASTAL ANDHRA PRADESH,2002,703.2,0.5141666666666667,Deficit,El_Nino,0.6240626018910989,5,0,435.0,1069.7454545454545,-34.26473587599428,-0.06951782310388366
COASTAL ANDHRA PRADESH,2003,1096.8,0.235,Normal,Neutral,0.5148353439843495,5,2,634.1,1069.7454545454545,2.5290638384662407,-0.06951782310388366
COASTAL ANDHRA PRADESH,2004,873.6,0.3925,Deficit,Neutral,0.5764590805347245,5,0,571.5,1069.7454545454545,-18.335712828880276,-0.06951782310388366
COASTAL ANDHRA PRADESH,2005,1221.6,0.029166666666666684,Excess,Neutral,0.4343006194978807,5,1,743.6,1069.7454545454545,14.195390577197625,-0.06951782310388366
COASTAL ANDHRA PRADESH,2006,1159.6,0.04,Normal,Neutral,0.4385392892076948,5,2,762.6,1069.7454545454545,8.39961928071248,-0.06951782310388366
COASTAL ANDHRA PRADESH,2007,1099.2,-0.6133333333333333,Normal,La_Nina,0.18291490055428758,5,2,892.5,1069.7454545454545,2.753416275749545,-0.06951782310388366
COASTAL ANDHRA PRADESH,2008,1107.5,-0.8083333333333335,Normal,La_Nina,0.10661884577763281,5,2,771.4,1069.7454545454545,3.5293017880209394,-0.06951782310388366
COASTAL ANDHRA PRADESH,2009,790.5,0.2591666666666667,Deficit,Neutral,0.5242908379523965,5,0,528.8,1069.7454545454545,-26.103915969814402,-0.06951782310388366
COASTAL ANDHRA PRADESH,2010,1712.4,-0.4266666666666667,Excess,Neutral,0.25595044016954677,5,1,954.0,1069.7454545454545,60.07546400163166,-0.06951782310388366
COASTAL ANDHRA PRADESH,2011,861.9,-0.7691666666666667,Deficit,La_Nina,0.12194326703619174,5,0,628.4,1069.7454545454545,-19.42943096063635,-0.06951782310388366
COASTAL ANDHRA PRADESH,2012,1318.4,-0.06583333333333333,Excess,Neutral,0.397130746657972,5,1,785.0,1069.7454545454545,23.24427221429058,-0.06951782310388366
COASTAL ANDHRA PRADESH,2013,1120.5,-0.25916666666666666,Normal,Neutral,0.32148679491359633,5,2,545.0,1069.7454545454545,4.744544156638792,-0.06951782310388366
COASTAL ANDHRA PRADESH,2014,874.9,0.22833333333333336,Deficit,Neutral,0.5122269318552332,5,0,519.7,1069.7454545454545,-18.214188592018495,-0.06951782310388366
COASTAL ANDHRA PRADESH,2015,1010.9,1.4749999999999999,Normal,El_Nino,1.0,5,2,793.6,1069.7454545454545,-5.5008838126317245,-0.06951782310388366
TELANGANA,1950,761.3,-0.8783333333333334,Deficit,La_Nina,0.07923051842191065,30,0,673.7,986.3893939393939,-22.819526986238458,-0.15558424785125913
TELANGANA,1951,900.8,0.43333333333333335,Normal,Neutral,0.5924356048255625,30,2,728.3,986.3893939393939,-8.677039155659532,-0.15558424785125913
TELANGANA,1952,729.7,0.013333333333333334,Deficit,Neutral,0.4281056406912292,30,0,571.9,986.3893939393939,-26.023129964348087,-0.15558424785125913
TELANGANA,1953,1272.1,0.5883333333333334,Excess,El_Nino,0.6530811868275188,30,1,1058.9,986.3893939393939,28.965295837128668,-0.15558424785125913
TELANGANA,1954,928.4,-0.33749999999999997,Normal,Neutral,0.2908379523964787,30,2,851.2,986.3893939393939,-5.878955541867572,-0.15558424785125913
TELANGANA,1955,1203.2,-0.9391666666666666,Excess,La_Nina,0.05542875774372352,30,1,1040.0,986.3893939393939,21.98022478675673,-0.15558424785125913
TELANGANA,1956,1120.5,-0.5558333333333333,Excess,La_Nina,0.20541245516791654,30,1,904.1,986.3893939393939,13.596111929488785,-0.15558424785125913
TELANGANA,1957,983.2,0.7808333333333333,Normal,El_Nino,0.7283990870557548,30,2,824.1,986.3893939393939,-0.32334025071541317,-0.15558424785125913
TELANGANA,1958,1113.9,0.7166666666666667,Excess,El_Nino,0.7032931203130095,30,1,967.3,986.3893939393939,12.927004978364632,-0.15558424785125913
TELANGANA,1959,1224.1,0.1991666666666667,Excess,Neutral,0.5008151287903488,30,1,1128.0,986.3893939393939,24.09906346531657,-0.15558424785125913
TELANGANA,1960,839.5,0.050833333333333335,Deficit,Neutral,0.442777958917509,30,0,707.1,986.3893939393939,-14.891623413827901,-0.15558424785125913
TELANGANA,1961,1146.5,-0.02416666666666667,Excess,Neutral,0.41343332246494946,30,1,864.1,986.3893939393939,16.231987797553675,-0.15558424785125913
TELANGANA,1962,1138.7,-0.17333333333333334,Excess,Neutral,0.35507010107597003,30,1,908.7,986.3893939393939,15.441225037134213,-0.15558424785125913
TELANGANA,1963,1010.1,0.5499999999999999,Normal,El_Nino,0.6380828170850994,30,2,870.1,986.3893939393939,2.4037774743209503,-0.15558424785125913
TELANGANA,1964,887.5,-0.3758333333333333,Deficit,Neutral,0.2758395826540594,30,0,830.1,986.3893939393939,-10.0253910420158,-0.15558424785125913
TELANGANA,1965,778.9,0.805,Deficit,El_Nino,0.7378545810238017,30,0,761.3,986.3893939393939,-21.035241783240686,-0.15558424785125913
TELANGANA,1966,970.9,0.28250000000000003,Normal,Neutral,0.5334202804043039,30,2,831.9,986.3893939393939,-1.5703122959922715,-0.15558424785125913
TELANGANA,1967,942.1,-0.31416666666666665,Normal,Neutral,0.2999673948483861,30,2,810.6,986.3893939393939,-4.490051719079529,-0.15558424785125913
TELANGANA,1968,748.7,0.07166666666666667,Deficit,Neutral,0.4509292468209977,30,0,560.0,986.3893939393939,-24.096912983839125,-0.15558424785125913
TELANGANA,1969,1047.1,0.6783333333333333,Normal,El_Nino,0.6882947505705902,30,2,833.9,986.3893939393939,6.154831594259436,-0.15558424785125913
TELANGANA,1970,970.3,-0.2925,Normal,Neutral,0.30844473426801433,30,2,863.0,986.3893939393939,-1.6311402006399252,-0.15558424785125913
TELANGANA,1971,729.1,-0.8608333333333333,Deficit,La_Nina,0.08607760026084121,30,0,495.4,986.3893939393939,-26.08395786899574,-0.15558424785125913
TELANGANA,1972,670.7,0.8066666666666666,Deficit,El_Nino,0.7385066840560809,30,0,511.9,986.3893939393939,-32.00454058803379,-0.15558424785125913
TELANGANA,1973,1042.5,-0.5808333333333334,Normal,La_Nina,0.19563090968372998,30,2,800.4,986.3893939393939,5.688484325294118,-0.15558424785125913
TELANGANA,1974,830.4,-0.8875000000000001,Deficit,La_Nina,0.0756439517443756,30,0,521.0,986.3893939393939,-15.814179967650615,-0.15558424785125913
TELANGANA,1975,1215.8,-0.9966666666666667,Excess,La_Nina,0.03293120313009451,30,1,949.2,986.3893939393939,23.257610784357393,-0.15558424785125913
TELANGANA,1976,1035.6,-0.021666666666666678,Normal,Neutral,0.4144114770133681,30,2,958.0,986.3893939393939,4.988963421846119,-0.15558424785125913
TELANGANA,1977,808.6,0.5175,Deficit,El_Nino,0.625366807955657,30,0,661.5,986.3893939393939,-18.024260503181942,-0.15558424785125913
TELANGANA,1978,1311.7,-0.04916666666666667,Excess,Neutral,0.40365177698076293,30,1,1130.8,986.3893939393939,32.97993754387367,-0.15558424785125913
TELANGANA,1979,791.7,0.30833333333333335,Deficit,Neutral,0.5435278774046299,30,0,634.0,986.3893939393939,-19.737579817424116,-0.15558424785125913
TELANGANA,1980,922.6,0.21166666666666667,Normal,Neutral,0.5057059015324421,30,2,869.9,986.3893939393939,-6.466958620128197,-0.15558424785125913
TELANGANA,1981,1143.5,-0.25,Excess,Neutral,0.3250733615911314,30,1,1010.0,986.3893939393939,15.927848274315417,-0.15558424785125913
TELANGANA,1982,933.2,0.9125,Normal,El_Nino,0.7799152266058037,30,2,747.8,986.3893939393939,-5.392332304686354,-0.15558424785125913
TELANGANA,1983,1497.5,0.45999999999999996,Excess,Neutral,0.602869253342028,30,1,1255.4,986.3893939393939,51.81631201642968,-0.15558424785125913
TELANGANA,1984,742.8,-0.5516666666666666,Deficit,La_Nina,0.2070427127486143,30,0,614.4,986.3893939393939,-24.695054046207705,-0.15558424785125913
TELANGANA,1985,785.9,-0.5775,Deficit,La_Nina,0.19693511574828823,30,0,636.1,986.3893939393939,-20.32558289568475,-0.15558424785125913
TELANGANA,1986,1007.3,0.26666666666666666,Normal,Neutral,0.5272253015976525,30,2,822.8,986.3893939393939,2.1199139192985714,-0.15558424785125913
TELANGANA,1987,976.9,1.1824999999999999,Normal,El_Nino,0.8855559178350179,30,2,689.8,986.3893939393939,-0.9620332495157585,-0.15558424785125913
TELANGANA,1988,1544.9,-0.89,Excess,La_Nina,0.07466579719595695,30,1,1447.2,986.3893939393939,56.62171648359414,-0.15558424785125913
TELANGANA,1989,1161.0,-0.62,Excess,La_Nina,0.18030648842517116,30,1,1087.6,986.3893939393939,17.701995493205246,-0.15558424785125913
TELANGANA,1990,1425.7,0.2708333333333333,Excess,Neutral,0.5288555591783501,30,1,1028.6,986.3893939393939,44.537239426927414,-0.15558424785125913
TELANGANA,1991,849.1,0.6541666666666667,Deficit,El_Nino,0.6788392566025432,30,0,686.2,986.3893939393939,-13.91837693946548,-0.15558424785125913
TELANGANA,1992,863.5,0.6091666666666666,Deficit,El_Nino,0.6612324747310074,30,0,731.8,986.3893939393939,-12.45850722792185,-0.15558424785125913
TELANGANA,1993,885.6,0.3566666666666667,Deficit,Neutral,0.5624388653407238,30,0,709.0,986.3893939393939,-10.218012740066692,-0.15558424785125913
TELANGANA,1994,975.7,0.3658333333333333,Normal,Neutral,0.566025432018259,30,2,733.6,986.3893939393939,-1.0836890588110544,-0.15558424785125913
TELANGANA,1995,1286.0,-0.21583333333333332,Excess,Neutral,0.33844147375285294,30,1,767.9,986.3893939393939,30.3744756281326,-0.15558424785125913
TELANGANA,1996,986.8,-0.4058333333333333,Normal,Neutral,0.26410172807303556,30,2,836.1,986.3893939393939,0.04162717717048535,-0.15558424785125913
TELANGANA,1997,856.0,1.1416666666666666,Deficit,El_Nino,0.86957939354418,30,0,565.9,986.3893939393939,-13.218856036017494,-0.15558424785125913
TELANGANA,1998,1093.0,0.041666666666666664,Excess,Neutral,0.43919139223997394,30,1,913.2,986.3893939393939,10.808166299804768,-0.15558424785125913
TELANGANA,1999,863.8,-1.0808333333333333,Deficit,La_Nina,0.0,30,0,715.4,986.3893939393939,-12.428093275598028,-0.15558424785125913
TELANGANA,2000,1078.0,-0.7658333333333333,Normal,La_Nina,0.12324747310074996,30,2,965.3,986.3893939393939,9.287468683613486,-0.15558424785125913
TELANGANA,2001,922.3,-0.2941666666666667,Normal,Neutral,0.30779263123573525,30,2,694.3,986.3893939393939,-6.497372572452028,-0.15558424785125913
TELANGANA,2002,765.3,0.5141666666666667,Deficit,El_Nino,0.6240626018910989,30,0,609.0,986.3893939393939,-22.414007621920785,-0.15558424785125913
TELANGANA,2003,963.2,0.235,Normal,Neutral,0.5148353439843495,30,2,794.5,986.3893939393939,-2.3509370723037897,-0.15558424785125913
TELANGANA,2004,667.0,0.3925,Deficit,Neutral,0.5764590805347245,30,0,509.1,986.3893939393939,-32.37964600002765,-0.15558424785125913
TELANGANA,2005,1163.1,0.029166666666666684,Excess,Neutral,0.4343006194978807,30,1,888.5,986.3893939393939,17.91489315947202,-0.15558424785125913
TELANGANA,2006,1053.0,0.04,Normal,Neutral,0.4385392892076948,30,2,862.7,986.3893939393939,6.752972656628016,-0.15558424785125913
TELANGANA,2007,843.3,-0.6133333333333333,Deficit,La_Nina,0.18291490055428758,30,0,780.2,986.3893939393939,-14.506380017726114,-0.15558424785125913
TELANGANA,2008,1035.3,-0.8083333333333335,Normal,La_Nina,0.10661884577763281,30,2,854.8,986.3893939393939,4.958549469522298,-0.15558424785125913
TELANGANA,2009,666.3,0.2591666666666667,Deficit,Neutral,0.5242908379523965,30,0,546.2,986.3893939393939,-32.45061188878325,-0.15558424785125913
TELANGANA,2010,1276.4,-0.4266666666666667,Excess,Neutral,0.25595044016954677,30,1,1080.4,986.3893939393939,29.401229153770185,-0.15558424785125913
TELANGANA,2011,753.1,-0.7691666666666667,Deficit,La_Nina,0.12194326703619174,30,0,685.6,986.3893939393939,-23.650841683089684,-0.15558424785125913
TELANGANA,2012,1008.6,-0.06583333333333333,Normal,Neutral,0.397130746657972,30,2,857.0,986.3893939393939,2.2517077127018226,-0.15558424785125913
TELANGANA,2013,1348.7,-0.25916666666666666,Excess,Neutral,0.32148679491359633,30,1,1059.2,986.3893939393939,36.73099166381216,-0.15558424785125913
TELANGANA,2014,746.4,0.22833333333333336,Deficit,Neutral,0.5122269318552332,30,0,560.2,986.3893939393939,-24.330086618321797,-0.15558424785125913
TELANGANA,2015,857.3,1.4749999999999999,Deficit,El_Nino,1.0,30,0,690.1,986.3893939393939,-13.087062242614254,-0.15558424785125913
RAYALSEEMA,1950,510.9,-0.8783333333333334,Deficit,La_Nina,0.07923051842191065,25,0,319.8,774.7727272727273,-34.0580815488413,-0.04155168213706242
RAYALSEEMA,1951,538.4,0.43333333333333335,Deficit,Neutral,0.5924356048255625,25,0,284.0,774.7727272727273,-30.508653564095045,-0.04155168213706242
RAYALSEEMA,1952,701.2,0.013333333333333334,Normal,Neutral,0.4281056406912292,25,2,249.8,774.7727272727273,-9.496039894397176,-0.04155168213706242
RAYALSEEMA,1953,795.7,0.5883333333333334,Normal,El_Nino,0.6530811868275188,25,2,389.5,774.7727272727273,2.701085362276336,-0.04155168213706242
RAYALSEEMA,1954,785.4,-0.33749999999999997,Normal,Neutral,0.2908379523964787,25,2,411.4,774.7727272727273,1.3716632443531824,-0.04155168213706242
RAYALSEEMA,1955,816.4,-0.9391666666666666,Normal,La_Nina,0.05542875774372352,25,2,451.7,774.7727272727273,5.37283660897624,-0.04155168213706242
RAYALSEEMA,1956,931.0,-0.5558333333333333,Excess,La_Nina,0.20541245516791654,25,1,475.6,774.7727272727273,20.16427104722793,-0.04155168213706242
RAYALSEEMA,1957,571.7,0.7808333333333333,Deficit,El_Nino,0.7283990870557548,25,0,358.5,774.7727272727273,-26.210618949838654,-0.04155168213706242
RAYALSEEMA,1958,808.4,0.7166666666666667,Normal,El_Nino,0.7032931203130095,25,2,409.5,774.7727272727273,4.340275740686418,-0.04155168213706242
RAYALSEEMA,1959,635.8,0.1991666666666667,Deficit,Neutral,0.5008151287903488,25,0,417.5,774.7727272727273,-17.937224992666476,-0.04155168213706242
RAYALSEEMA,1960,744.0,0.050833333333333335,Normal,Neutral,0.442777958917509,25,2,396.5,774.7727272727273,-3.971839249046639,-0.04155168213706242
RAYALSEEMA,1961,651.5,-0.02416666666666667,Deficit,Neutral,0.41343332246494946,25,0,387.7,774.7727272727273,-15.910824288647696,-0.04155168213706242
RAYALSEEMA,1962,816.3,-0.17333333333333334,Normal,Neutral,0.35507010107597003,25,2,352.5,774.7727272727273,5.359929598122613,-0.04155168213706242
RAYALSEEMA,1963,709.1,0.5499999999999999,Normal,El_Nino,0.6380828170850994,25,2,404.4,774.7727272727273,-8.47638603696098,-0.04155168213706242
RAYALSEEMA,1964,791.6,-0.3758333333333333,Normal,Neutral,0.2758395826540594,25,2,584.5,774.7727272727273,2.1718979172777995,-0.04155168213706242
RAYALSEEMA,1965,595.9,0.805,Deficit,El_Nino,0.7378545810238017,25,0,403.9,774.7727272727273,-23.087122323261955,-0.04155168213706242
RAYALSEEMA,1966,904.1,0.28250000000000003,Excess,Neutral,0.5334202804043039,25,1,464.2,774.7727272727273,16.69228512760341,-0.04155168213706242
RAYALSEEMA,1967,737.6,-0.31416666666666665,Normal,Neutral,0.2999673948483861,25,2,379.9,774.7727272727273,-4.797887943678492,-0.04155168213706242
RAYALSEEMA,1968,623.9,0.07166666666666667,Deficit,Neutral,0.4509292468209977,25,0,287.0,774.7727272727273,-19.473159284247583,-0.04155168213706242
RAYALSEEMA,1969,842.4,0.6783333333333333,Normal,El_Nino,0.6882947505705902,25,2,355.3,774.7727272727273,8.728659430918158,-0.04155168213706242
RAYALSEEMA,1970,776.4,-0.2925,Normal,Neutral,0.30844473426801433,25,2,497.6,774.7727272727273,0.2100322675271338,-0.04155168213706242
RAYALSEEMA,1971,621.1,-0.8608333333333333,Deficit,La_Nina,0.08607760026084121,25,0,285.0,774.7727272727273,-19.834555588149012,-0.04155168213706242
RAYALSEEMA,1972,826.0,0.8066666666666666,Normal,El_Nino,0.7385066840560809,25,2,300.4,774.7727272727273,6.611909650924027,-0.04155168213706242
RAYALSEEMA,1973,689.5,-0.5808333333333334,Deficit,La_Nina,0.19563090968372998,25,0,423.6,774.7727272727273,-11.006160164271044,-0.04155168213706242
RAYALSEEMA,1974,728.5,-0.8875000000000001,Normal,La_Nina,0.0756439517443756,25,2,435.3,774.7727272727273,-5.972425931358167,-0.04155168213706242
RAYALSEEMA,1975,1041.6,-0.9966666666666667,Excess,La_Nina,0.03293120313009451,25,1,513.4,774.7727272727273,34.439425051334695,-0.04155168213706242
RAYALSEEMA,1976,817.0,-0.021666666666666678,Normal,Neutral,0.4144114770133681,25,2,444.5,774.7727272727273,5.450278674097979,-0.04155168213706242
RAYALSEEMA,1977,866.6,0.5175,Excess,El_Nino,0.625366807955657,25,1,377.4,774.7727272727273,11.852156057494872,-0.04155168213706242
RAYALSEEMA,1978,869.3,-0.04916666666666667,Excess,Neutral,0.40365177698076293,25,1,481.3,774.7727272727273,12.200645350542679,-0.04155168213706242
RAYALSEEMA,1979,813.4,0.30833333333333335,Normal,Neutral,0.5435278774046299,25,2,356.8,774.7727272727273,4.985626283367557,-0.04155168213706242
RAYALSEEMA,1980,573.7,0.21166666666666667,Deficit,Neutral,0.5057059015324421,25,0,311.1,774.7727272727273,-25.9524787327662,-0.04155168213706242
RAYALSEEMA,1981,785.2,-0.25,Normal,Neutral,0.3250733615911314,25,2,487.1,774.7727272727273,1.3458492226459458,-0.04155168213706242
RAYALSEEMA,1982,595.6,0.9125,Deficit,El_Nino,0.7799152266058037,25,0,287.2,774.7727272727273,-23.125843355822816,-0.04155168213706242
RAYALSEEMA,1983,943.0,0.45999999999999996,Excess,Neutral,0.602869253342028,25,1,630.3,774.7727272727273,21.713112349662662,-0.04155168213706242
RAYALSEEMA,1984,733.0,-0.5516666666666666,Normal,La_Nina,0.2070427127486143,25,2,340.0,774.7727272727273,-5.391610442945143,-0.04155168213706242
RAYALSEEMA,1985,685.8,-0.5775,Deficit,La_Nina,0.19693511574828823,25,0,336.4,774.7727272727273,-11.483719565855093,-0.04155168213706242
RAYALSEEMA,1986,580.9,0.26666666666666666,Deficit,Neutral,0.5272253015976525,25,0,276.3,774.7727272727273,-25.023173951305367,-0.04155168213706242
RAYALSEEMA,1987,769.5,1.1824999999999999,Normal,El_Nino,0.8855559178350179,25,2,328.3,774.7727272727273,-0.6805514813728339,-0.04155168213706242
RAYALSEEMA,1988,842.3,-0.89,Normal,La_Nina,0.07466579719595695,25,2,606.5,774.7727272727273,8.715752420064533,-0.04155168213706242
RAYALSEEMA,1989,693.7,-0.62,Deficit,La_Nina,0.18030648842517116,25,0,469.1,774.7727272727273,-10.464065708418884,-0.04155168213706242
RAYALSEEMA,1990,930.7,0.2708333333333333,Excess,Neutral,0.5288555591783501,25,1,396.0,774.7727272727273,20.125550014667066,-0.04155168213706242
RAYALSEEMA,1991,967.5,0.6541666666666667,Excess,El_Nino,0.6788392566025432,25,1,468.9,774.7727272727273,24.87533000880024,-0.04155168213706242
RAYALSEEMA,1992,596.0,0.6091666666666666,Deficit,El_Nino,0.6612324747310074,25,0,293.2,774.7727272727273,-23.074215312408327,-0.04155168213706242
RAYALSEEMA,1993,887.1,0.3566666666666667,Excess,Neutral,0.5624388653407238,25,1,403.2,774.7727272727273,14.49809328248754,-0.04155168213706242
RAYALSEEMA,1994,690.5,0.3658333333333333,Deficit,Neutral,0.566025432018259,25,0,271.6,774.7727272727273,-10.877090055734817,-0.04155168213706242
RAYALSEEMA,1995,874.3,-0.21583333333333332,Excess,Neutral,0.33844147375285294,25,1,501.6,774.7727272727273,12.845995893223815,-0.04155168213706242
RAYALSEEMA,1996,1277.7,-0.4058333333333333,Excess,Neutral,0.26410172807303556,25,1,736.8,774.7727272727273,64.91287767673806,-0.04155168213706242
RAYALSEEMA,1997,835.0,1.1416666666666666,Normal,El_Nino,0.86957939354418,25,2,402.5,774.7727272727273,7.7735406277500765,-0.04155168213706242
RAYALSEEMA,1998,948.1,0.041666666666666664,Excess,Neutral,0.43919139223997394,25,1,546.1,774.7727272727273,22.371369903197426,-0.04155168213706242
RAYALSEEMA,1999,537.2,-1.0808333333333333,Deficit,La_Nina,0.0,25,0,268.8,774.7727272727273,-30.663537694338512,-0.04155168213706242
RAYALSEEMA,2000,871.3,-0.7658333333333333,Excess,La_Nina,0.12324747310074996,25,1,531.8,774.7727272727273,12.458785567615134,-0.04155168213706242
RAYALSEEMA,2001,924.5,-0.2941666666666667,Excess,Neutral,0.30779263123573525,25,1,385.4,774.7727272727273,19.32531534174245,-0.04155168213706242
RAYALSEEMA,2002,615.2,0.5141666666666667,Deficit,El_Nino,0.6240626018910989,25,0,281.6,774.7727272727273,-20.596069228512754,-0.04155168213706242
RAYALSEEMA,2003,725.5,0.235,Normal,Neutral,0.5148353439843495,25,2,482.2,774.7727272727273,-6.35963625696685,-0.04155168213706242
RAYALSEEMA,2004,741.7,0.3925,Normal,Neutral,0.5764590805347245,25,2,339.5,774.7727272727273,-4.268700498679957,-0.04155168213706242
RAYALSEEMA,2005,1066.4,0.029166666666666684,Excess,Neutral,0.4343006194978807,25,1,418.6,774.7727272727273,37.64036374303316,-0.04155168213706242
RAYALSEEMA,2006,638.1,0.04,Deficit,Neutral,0.4385392892076948,25,0,345.7,774.7727272727273,-17.64036374303314,-0.04155168213706242
RAYALSEEMA,2007,980.6,-0.6133333333333333,Excess,La_Nina,0.18291490055428758,25,1,665.0,774.7727272727273,26.566148430624825,-0.04155168213706242
RAYALSEEMA,2008,798.0,-0.8083333333333335,Normal,La_Nina,0.10661884577763281,25,2,339.8,774.7727272727273,2.997946611909654,-0.04155168213706242
RAYALSEEMA,2009,688.2,0.2591666666666667,Deficit,Neutral,0.5242908379523965,25,0,386.4,774.7727272727273,-11.173951305368135,-0.04155168213706242
RAYALSEEMA,2010,963.5,-0.4266666666666667,Excess,Neutral,0.25595044016954677,25,1,573.8,774.7727272727273,24.359049574655327,-0.04155168213706242
RAYALSEEMA,2011,738.0,-0.7691666666666667,Normal,La_Nina,0.12194326703619174,25,2,408.2,774.7727272727273,-4.746259900264004,-0.04155168213706242
RAYALSEEMA,2012,715.0,-0.06583333333333333,Normal,Neutral,0.397130746657972,25,2,376.2,774.7727272727273,-7.71487239659724,-0.04155168213706242
RAYALSEEMA,2013,762.6,-0.25916666666666666,Normal,Neutral,0.32148679491359633,25,2,443.0,774.7727272727273,-1.5711352302728017,-0.04155168213706242
RAYALSEEMA,2014,551.8,0.22833333333333336,Deficit,Neutral,0.5122269318552332,25,0,331.5,774.7727272727273,-28.779114109709596,-0.04155168213706242
RAYALSEEMA,2015,1047.1,1.4749999999999999,Excess,El_Nino,1.0,25,1,376.0,774.7727272727273,35.149310648283944,-0.04155168213706242
TAMIL NADU,1950,747.5,-0.8783333333333334,Deficit,La_Nina,0.07923051842191065,29,0,298.1,927.5666666666667,-19.412800517483024,0.025364466598015396
TAMIL NADU,1951,855.1,0.43333333333333335,Normal,Neutral,0.5924356048255625,29,2,322.5,927.5666666666667,-7.8125561505013135,0.025364466598015396
TAMIL NADU,1952,716.4,0.013333333333333334,Deficit,Neutral,0.4281056406912292,29,0,219.2,927.5666666666667,-22.765659251805808,0.025364466598015396
TAMIL NADU,1953,968.0,0.5883333333333334,Normal,El_Nino,0.6530811868275188,29,2,396.5,927.5666666666667,4.359075717828003,0.025364466598015396
TAMIL NADU,1954,1016.3,-0.33749999999999997,Normal,Neutral,0.2908379523964787,29,2,335.1,927.5666666666667,9.566248607467557,0.025364466598015396
TAMIL NADU,1955,1060.6,-0.9391666666666666,Excess,La_Nina,0.05542875774372352,29,1,337.4,927.5666666666667,14.342185647033439,0.025364466598015396
TAMIL NADU,1956,989.7,-0.5558333333333333,Normal,La_Nina,0.20541245516791654,29,2,369.6,927.5666666666667,6.698530204477664,0.025364466598015396
TAMIL NADU,1957,866.9,0.7808333333333333,Normal,El_Nino,0.7283990870557548,29,2,263.6,927.5666666666667,-6.540410392783995,0.025364466598015396
TAMIL NADU,1958,852.5,0.7166666666666667,Normal,El_Nino,0.7032931203130095,29,2,308.0,927.5666666666667,-8.092859453049202,0.025364466598015396
TAMIL NADU,1959,894.3,0.1991666666666667,Normal,Neutral,0.5008151287903488,29,2,305.3,927.5666666666667,-3.5864448197793615,0.025364466598015396
TAMIL NADU,1960,1013.9,0.050833333333333335,Normal,Neutral,0.442777958917509,29,2,346.7,927.5666666666667,9.307507097423356,0.025364466598015396
TAMIL NADU,1961,910.7,-0.02416666666666667,Normal,Neutral,0.41343332246494946,29,2,405.7,927.5666666666667,-1.818377834477307,0.025364466598015396
TAMIL NADU,1962,941.6,-0.17333333333333334,Normal,Neutral,0.35507010107597003,29,2,345.9,927.5666666666667,1.512919107341787,0.025364466598015396
TAMIL NADU,1963,1072.8,0.5499999999999999,Excess,El_Nino,0.6380828170850994,29,1,346.8,927.5666666666667,15.657454989758138,0.025364466598015396
TAMIL NADU,1964,910.6,-0.3758333333333333,Normal,Neutral,0.2758395826540594,29,2,399.1,927.5666666666667,-1.829158730729151,0.025364466598015396
TAMIL NADU,1965,921.8,0.805,Normal,El_Nino,0.7378545810238017,29,2,351.4,927.5666666666667,-0.621698350522884,0.025364466598015396
TAMIL NADU,1966,1166.9,0.28250000000000003,Excess,Neutral,0.5334202804043039,29,1,437.5,927.5666666666667,25.802278362741227,0.025364466598015396
TAMIL NADU,1967,899.1,-0.31416666666666665,Normal,Neutral,0.2999673948483861,29,2,295.9,927.5666666666667,-3.068961799690951,0.025364466598015396
TAMIL NADU,1968,789.4,0.07166666666666667,Deficit,Neutral,0.4509292468209977,29,0,304.3,927.5666666666667,-14.895604987961338,0.025364466598015396
TAMIL NADU,1969,961.8,0.6783333333333333,Normal,El_Nino,0.6882947505705902,29,2,267.8,927.5666666666667,3.6906601502138106,0.025364466598015396
TAMIL NADU,1970,942.1,-0.2925,Normal,Neutral,0.30844473426801433,29,2,341.3,927.5666666666667,1.5668235886009956,0.025364466598015396
TAMIL NADU,1971,1047.6,-0.8608333333333333,Excess,La_Nina,0.08607760026084121,29,1,370.9,927.5666666666667,12.940669134294014,0.025364466598015396
TAMIL NADU,1972,1093.4,0.8066666666666666,Excess,El_Nino,0.7385066840560809,29,1,322.3,927.5666666666667,17.87831961763755,0.025364466598015396
TAMIL NADU,1973,858.5,-0.5808333333333334,Normal,La_Nina,0.19563090968372998,29,2,373.7,927.5666666666667,-7.4460056779386985,0.025364466598015396
TAMIL NADU,1974,652.8,-0.8875000000000001,Deficit,La_Nina,0.0756439517443756,29,0,361.9,927.5666666666667,-29.622309267977155,0.025364466598015396
TAMIL NADU,1975,923.6,-0.9966666666666667,Normal,La_Nina,0.03293120313009451,29,2,445.0,927.5666666666667,-0.42764221798972546,0.025364466598015396
TAMIL NADU,1976,858.9,-0.021666666666666678,Normal,Neutral,0.4144114770133681,29,2,326.1,927.5666666666667,-7.402882092931333,0.025364466598015396
TAMIL NADU,1977,1246.0,0.5175,Excess,El_Nino,0.625366807955657,29,1,353.0,927.5666666666667,34.32996729794803,0.025364466598015396
TAMIL NADU,1978,998.8,-0.04916666666666667,Normal,Neutral,0.40365177698076293,29,2,300.2,927.5666666666667,7.679591763395252,0.025364466598015396
TAMIL NADU,1979,1103.4,0.30833333333333335,Excess,Neutral,0.5435278774046299,29,1,398.7,927.5666666666667,18.956409242821724,0.025364466598015396
TAMIL NADU,1980,709.1,0.21166666666666667,Deficit,Neutral,0.5057059015324421,29,0,243.0,927.5666666666667,-23.55266467819025,0.025364466598015396
TAMIL NADU,1981,1045.9,-0.25,Excess,Neutral,0.3250733615911314,29,1,466.3,927.5666666666667,12.757393898012726,0.025364466598015396
TAMIL NADU,1982,678.6,0.9125,Deficit,El_Nino,0.7799152266058037,29,0,240.1,927.5666666666667,-26.84083803500198,0.025364466598015396
TAMIL NADU,1983,1007.7,0.45999999999999996,Normal,Neutral,0.602869253342028,29,2,437.3,927.5666666666667,8.639091529809177,0.025364466598015396
TAMIL NADU,1984,1023.8,-0.5516666666666666,Excess,La_Nina,0.2070427127486143,29,1,382.4,927.5666666666667,10.374815826355686,0.025364466598015396
TAMIL NADU,1985,1063.5,-0.5775,Excess,La_Nina,0.19693511574828823,29,1,481.2,927.5666666666667,14.65483163833686,0.025364466598015396
TAMIL NADU,1986,953.0,0.26666666666666666,Normal,Neutral,0.5272253015976525,29,2,387.7,927.5666666666667,2.7419412800517424,0.025364466598015396
TAMIL NADU,1987,963.5,1.1824999999999999,Normal,El_Nino,0.8855559178350179,29,2,306.4,927.5666666666667,3.8739353864951247,0.025364466598015396
TAMIL NADU,1988,837.2,-0.89,Normal,La_Nina,0.07466579719595695,29,2,429.7,927.5666666666667,-9.742336579580984,0.025364466598015396
TAMIL NADU,1989,856.5,-0.62,Normal,La_Nina,0.18030648842517116,29,2,389.2,927.5666666666667,-7.661623602975533,0.025364466598015396
TAMIL NADU,1990,903.2,0.2708333333333333,Normal,Neutral,0.5288555591783501,29,2,268.7,927.5666666666667,-2.626945053365437,0.025364466598015396
TAMIL NADU,1991,954.8,0.6541666666666667,Normal,El_Nino,0.6788392566025432,29,2,368.5,927.5666666666667,2.935997412584889,0.025364466598015396
TAMIL NADU,1992,918.7,0.6091666666666666,Normal,El_Nino,0.6612324747310074,29,2,361.4,927.5666666666667,-0.9559061343299681,0.025364466598015396
TAMIL NADU,1993,1082.3,0.3566666666666667,Excess,Neutral,0.5624388653407238,29,1,314.0,927.5666666666667,16.6816401336831,0.025364466598015396
TAMIL NADU,1994,905.9,0.3658333333333333,Normal,Neutral,0.566025432018259,29,2,264.2,927.5666666666667,-2.3358608545657176,0.025364466598015396
TAMIL NADU,1995,843.4,-0.21583333333333332,Normal,Neutral,0.33844147375285294,29,2,366.4,927.5666666666667,-9.073921011966803,0.025364466598015396
TAMIL NADU,1996,1069.4,-0.4058333333333333,Excess,Neutral,0.26410172807303556,29,1,434.3,927.5666666666667,15.290904517195534,0.025364466598015396
TAMIL NADU,1997,950.5,1.1416666666666666,Normal,El_Nino,0.86957939354418,29,2,286.3,927.5666666666667,2.4724188737556987,0.025364466598015396
TAMIL NADU,1998,1079.7,0.041666666666666664,Excess,Neutral,0.43919139223997394,29,1,419.6,927.5666666666667,16.401336831135225,0.025364466598015396
TAMIL NADU,1999,922.6,-1.0808333333333333,Normal,La_Nina,0.0,29,2,249.6,927.5666666666667,-0.5354511805081428,0.025364466598015396
TAMIL NADU,2000,972.0,-0.7658333333333333,Normal,La_Nina,0.12324747310074996,29,2,403.9,927.5666666666667,4.790311567901672,0.025364466598015396
TAMIL NADU,2001,483.4,-0.2941666666666667,Deficit,Neutral,0.30779263123573525,29,0,149.5,927.5666666666667,-47.88514751859705,0.025364466598015396
TAMIL NADU,2002,318.0,0.5141666666666667,Deficit,El_Nino,0.6240626018910989,29,0,94.2,927.5666666666667,-65.71674991914328,0.025364466598015396
TAMIL NADU,2003,348.5,0.235,Deficit,Neutral,0.5148353439843495,29,0,136.6,927.5666666666667,-62.42857656233155,0.025364466598015396
TAMIL NADU,2004,1037.6,0.3925,Excess,Neutral,0.5764590805347245,29,1,413.2,927.5666666666667,11.86257950910984,0.025364466598015396
TAMIL NADU,2005,1365.3,0.029166666666666684,Excess,Neutral,0.4343006194978807,29,1,334.8,927.5666666666667,47.19157652639521,0.025364466598015396
TAMIL NADU,2006,927.9,0.04,Normal,Neutral,0.4385392892076948,29,2,280.6,927.5666666666667,0.035936320839464284,0.025364466598015396
TAMIL NADU,2007,1067.2,-0.6133333333333333,Excess,La_Nina,0.18291490055428758,29,1,399.7,927.5666666666667,15.053724799655011,0.025364466598015396
TAMIL NADU,2008,1203.4,-0.8083333333333335,Excess,La_Nina,0.10661884577763281,29,1,321.5,927.5666666666667,29.737305494663456,0.025364466598015396
TAMIL NADU,2009,928.5,0.2591666666666667,Normal,Neutral,0.5242908379523965,29,2,280.4,927.5666666666667,0.10062169835051715,0.025364466598015396
TAMIL NADU,2010,1095.2,-0.4266666666666667,Excess,Neutral,0.25595044016954677,29,1,365.4,927.5666666666667,18.072375750170696,0.025364466598015396
TAMIL NADU,2011,926.5,-0.7691666666666667,Normal,La_Nina,0.12194326703619174,29,2,306.4,927.5666666666667,-0.11499622668631757,0.025364466598015396
TAMIL NADU,2012,636.1,-0.06583333333333333,Deficit,Neutral,0.397130746657972,29,0,259.5,927.5666666666667,-31.422718942034717,0.025364466598015396
TAMIL NADU,2013,741.9,-0.25916666666666666,Deficit,Neutral,0.32148679491359633,29,0,321.5,927.5666666666667,-20.016530707586163,0.025364466598015396
TAMIL NADU,2014,913.0,0.22833333333333336,Normal,Neutral,0.5122269318552332,29,2,315.1,927.5666666666667,-1.5704172206849518,0.025364466598015396
TAMIL NADU,2015,1204.6,1.4749999999999999,Excess,El_Nino,1.0,29,1,285.9,927.5666666666667,29.866676249685543,0.025364466598015396
COASTAL KARNATAKA,1950,3766.1,-0.8783333333333334,Normal,La_Nina,0.07923051842191065,6,2,3481.0,3527.336923076923,6.76893311101118,-0.14160869297438486
COASTAL KARNATAKA,1951,3124.3,0.43333333333333335,Deficit,Neutral,0.5924356048255625,6,0,2733.6,3527.336923076923,-11.426096567076748,-0.14160869297438486
COASTAL KARNATAKA,1952,2896.6,0.013333333333333334,Deficit,Neutral,0.4281056406912292,6,0,2414.8,3527.336923076923,-17.881391452867692,-0.14160869297438486
COASTAL KARNATAKA,1953,3463.3,0.5883333333333334,Normal,El_Nino,0.6530811868275188,6,2,3089.9,3527.336923076923,-1.815446737111322,-0.14160869297438486
COASTAL KARNATAKA,1954,3821.5,-0.33749999999999997,Normal,Neutral,0.2908379523964787,6,2,3502.2,3527.336923076923,8.339523083223822,-0.14160869297438486
COASTAL KARNATAKA,1955,3552.5,-0.9391666666666666,Normal,La_Nina,0.05542875774372352,6,2,2762.4,3527.336923076923,0.713373218148012,-0.14160869297438486
COASTAL KARNATAKA,1956,3856.6,-0.5558333333333333,Normal,La_Nina,0.20541245516791654,6,2,2944.5,3527.336923076923,9.33460806561847,-0.14160869297438486
COASTAL KARNATAKA,1957,3174.8,0.7808333333333333,Normal,El_Nino,0.7283990870557548,6,2,2658.7,3527.336923076923,-9.994421592406383,-0.14160869297438486
COASTAL KARNATAKA,1958,3687.4,0.7166666666666667,Normal,El_Nino,0.7032931203130095,6,2,3287.9,3527.336923076923,4.537788150485289,-0.14160869297438486
COASTAL KARNATAKA,1959,4330.8,0.1991666666666667,Excess,Neutral,0.5008151287903488,6,1,3947.1,3527.336923076923,22.778177827770705,-0.14160869297438486
COASTAL KARNATAKA,1960,3504.2,0.050833333333333335,Normal,Neutral,0.442777958917509,6,2,2804.7,3527.336923076923,-0.6559317576258282,-0.14160869297438486
COASTAL KARNATAKA,1961,5553.9,-0.02416666666666667,Excess,Neutral,0.41343332246494946,6,1,4536.9,3527.336923076923,57.45306221429196,-0.14160869297438486
COASTAL KARNATAKA,1962,4017.7,-0.17333333333333334,Excess,Neutral,0.35507010107597003,6,1,3207.7,3527.336923076923,13.901792984814426,-0.14160869297438486
COASTAL KARNATAKA,1963,3171.3,0.5499999999999999,Deficit,El_Nino,0.6380828170850994,6,0,2764.7,3527.336923076923,-10.093646590650863,-0.14160869297438486
COASTAL KARNATAKA,1964,3140.5,-0.3758333333333333,Deficit,Neutral,0.2758395826540594,6,0,2837.8,3527.336923076923,-10.9668265752023,-0.14160869297438486
COASTAL KARNATAKA,1965,2831.1,0.805,Deficit,El_Nino,0.7378545810238017,6,0,2574.2,3527.336923076923,-19.738316420014403,-0.14160869297438486
COASTAL KARNATAKA,1966,2976.6,0.28250000000000003,Deficit,Neutral,0.5334202804043039,6,0,2278.2,3527.336923076923,-15.613391492993845,-0.14160869297438486
COASTAL KARNATAKA,1967,3181.8,-0.31416666666666665,Normal,Neutral,0.2999673948483861,6,2,2937.8,3527.336923076923,-9.79597159591742,-0.14160869297438486
COASTAL KARNATAKA,1968,3461.0,0.07166666666666667,Normal,Neutral,0.4509292468209977,6,2,3138.3,3527.336923076923,-1.8806517359577002,-0.14160869297438486
COASTAL KARNATAKA,1969,3342.9,0.6783333333333333,Normal,El_Nino,0.6882947505705902,6,2,2989.6,3527.336923076923,-5.228786676721464,-0.14160869297438486
COASTAL KARNATAKA,1970,4042.0,-0.2925,Excess,Neutral,0.30844473426801433,6,1,3562.2,3527.336923076923,14.590697972626113,-0.14160869297438486
COASTAL KARNATAKA,1971,3235.2,-0.8608333333333333,Normal,La_Nina,0.08607760026084121,6,2,2878.4,3527.336923076923,-8.282081622701638,-0.14160869297438486
COASTAL KARNATAKA,1972,2856.9,0.8066666666666666,Deficit,El_Nino,0.7385066840560809,6,0,2439.8,3527.336923076923,-19.006886432955085,-0.14160869297438486
COASTAL KARNATAKA,1973,3126.0,-0.5808333333333334,Deficit,La_Nina,0.19563090968372998,6,0,2842.0,3527.336923076923,-11.377901567929435,-0.14160869297438486
COASTAL KARNATAKA,1974,3433.5,-0.8875000000000001,Normal,La_Nina,0.0756439517443756,6,2,3044.1,3527.336923076923,-2.660276722164335,-0.14160869297438486
COASTAL KARNATAKA,1975,4300.0,-0.9966666666666667,Excess,La_Nina,0.03293120313009451,6,1,3919.1,3527.336923076923,21.904997843219267,-0.14160869297438486
COASTAL KARNATAKA,1976,2933.9,-0.021666666666666678,Deficit,Neutral,0.4144114770133681,6,0,2670.6,3527.336923076923,-16.823936471576506,-0.14160869297438486
COASTAL KARNATAKA,1977,3379.0,0.5175,Normal,El_Nino,0.625366807955657,6,2,2853.6,3527.336923076923,-4.205351694828393,-0.14160869297438486
COASTAL KARNATAKA,1978,3862.9,-0.04916666666666667,Normal,Neutral,0.40365177698076293,6,2,3387.2,3527.336923076923,9.51321306245854,-0.14160869297438486
COASTAL KARNATAKA,1979,2823.4,0.30833333333333335,Deficit,Neutral,0.5435278774046299,6,0,2556.0,3527.336923076923,-19.956611416152256,-0.14160869297438486
COASTAL KARNATAKA,1980,3762.0,0.21166666666666667,Normal,Neutral,0.5057059015324421,6,2,3455.2,3527.336923076923,6.652698113067649,-0.14160869297438486
COASTAL KARNATAKA,1981,3848.6,-0.25,Normal,Neutral,0.3250733615911314,6,2,3591.0,3527.336923076923,9.107808069631085,-0.14160869297438486
COASTAL KARNATAKA,1982,4090.9,0.9125,Excess,El_Nino,0.7799152266058037,6,1,3798.2,3527.336923076923,15.977012948099004,-0.14160869297438486
COASTAL KARNATAKA,1983,3942.2,0.45999999999999996,Excess,Neutral,0.602869253342028,6,1,3701.5,3527.336923076923,11.761368022683484,-0.14160869297438486
COASTAL KARNATAKA,1984,3359.0,-0.5516666666666666,Normal,La_Nina,0.2070427127486143,6,2,3004.6,3527.336923076923,-4.772351684796855,-0.14160869297438486
COASTAL KARNATAKA,1985,3015.7,-0.5775,Deficit,La_Nina,0.19693511574828823,6,0,2621.3,3527.336923076923,-14.504906512605507,-0.14160869297438486
COASTAL KARNATAKA,1986,2934.5,0.26666666666666666,Deficit,Neutral,0.5272253015976525,6,0,2685.0,3527.336923076923,-16.806926471877453,-0.14160869297438486
COASTAL KARNATAKA,1987,2716.2,1.1824999999999999,Deficit,El_Nino,0.8855559178350179,6,0,2329.0,3527.336923076923,-22.99573136238322,-0.14160869297438486
COASTAL KARNATAKA,1988,3466.6,-0.89,Normal,La_Nina,0.07466579719595695,6,2,3269.5,3527.336923076923,-1.7218917387665338,-0.14160869297438486
COASTAL KARNATAKA,1989,3215.6,-0.62,Normal,La_Nina,0.18030648842517116,6,2,2960.9,3527.336923076923,-8.837741612870728,-0.14160869297438486
COASTAL KARNATAKA,1990,4120.4,0.2708333333333333,Excess,Neutral,0.5288555591783501,6,1,3460.2,3527.336923076923,16.81333793330247,-0.14160869297438486
COASTAL KARNATAKA,1991,3719.7,0.6541666666666667,Normal,El_Nino,0.6788392566025432,6,2,3417.5,3527.336923076923,5.453493134284347,-0.14160869297438486
COASTAL KARNATAKA,1992,3882.2,0.6091666666666666,Excess,El_Nino,0.6612324747310074,6,1,3412.6,3527.336923076923,10.060368052778099,-0.14160869297438486
COASTAL KARNATAKA,1993,3481.3,0.3566666666666667,Normal,Neutral,0.5624388653407238,6,2,2944.8,3527.336923076923,-1.3051467461397066,-0.14160869297438486
COASTAL KARNATAKA,1994,4636.3,0.3658333333333333,Excess,Neutral,0.566025432018259,6,1,4144.4,3527.336923076923,31.43910267453896,-0.14160869297438486
COASTAL KARNATAKA,1995,3357.8,-0.21583333333333332,Normal,Neutral,0.33844147375285294,6,2,2945.0,3527.336923076923,-4.806371684194958,-0.14160869297438486
COASTAL KARNATAKA,1996,3188.9,-0.4058333333333333,Normal,Neutral,0.26410172807303556,6,2,2816.8,3527.336923076923,-9.594686599478619,-0.14160869297438486
COASTAL KARNATAKA,1997,3953.6,1.1416666666666666,Excess,El_Nino,0.86957939354418,6,1,3575.8,3527.336923076923,12.08455801696551,-0.14160869297438486
COASTAL KARNATAKA,1998,3707.9,0.041666666666666664,Normal,Neutral,0.43919139223997394,6,2,3265.1,3527.336923076923,5.118963140202962,-0.14160869297438486
COASTAL KARNATAKA,1999,3779.9,-1.0808333333333333,Normal,La_Nina,0.0,6,2,3084.9,3527.336923076923,7.160163104089425,-0.14160869297438486
COASTAL KARNATAKA,2000,3351.3,-0.7658333333333333,Normal,La_Nina,0.12324747310074996,6,2,2903.3,3527.336923076923,-4.990646680934708,-0.14160869297438486
COASTAL KARNATAKA,2001,3111.6,-0.2941666666666667,Deficit,Neutral,0.30779263123573525,6,0,2663.1,3527.336923076923,-11.78614156070673,-0.14160869297438486
COASTAL KARNATAKA,2002,2793.1,0.5141666666666667,Deficit,El_Nino,0.6240626018910989,6,0,2205.0,3527.336923076923,-20.815616400954482,-0.14160869297438486
COASTAL KARNATAKA,2003,3071.9,0.235,Deficit,Neutral,0.5148353439843495,6,0,2817.9,3527.336923076923,-12.911636540794118,-0.14160869297438486
COASTAL KARNATAKA,2004,3070.0,0.3925,Deficit,Neutral,0.5764590805347245,6,0,2552.8,3527.336923076923,-12.965501539841126,-0.14160869297438486
COASTAL KARNATAKA,2005,3470.9,0.029166666666666684,Normal,Neutral,0.4343006194978807,6,2,3147.2,3527.336923076923,-1.5999867409233093,-0.14160869297438486
COASTAL KARNATAKA,2006,3837.3,0.04,Normal,Neutral,0.4385392892076948,6,2,3160.6,3527.336923076923,8.787453075298913,-0.14160869297438486
COASTAL KARNATAKA,2007,3860.2,-0.6133333333333333,Normal,La_Nina,0.18291490055428758,6,2,3567.2,3527.336923076923,9.43666806381279,-0.14160869297438486
COASTAL KARNATAKA,2008,3206.4,-0.8083333333333335,Normal,La_Nina,0.10661884577763281,6,2,2808.1,3527.336923076923,-9.098561608256215,-0.14160869297438486
COASTAL KARNATAKA,2009,3862.0,0.2591666666666667,Normal,Neutral,0.5242908379523965,6,2,3246.0,3527.336923076923,9.487698062909958,-0.14160869297438486
COASTAL KARNATAKA,2010,3686.8,-0.4266666666666667,Normal,Neutral,0.25595044016954677,6,2,2988.9,3527.336923076923,4.520778150786238,-0.14160869297438486
COASTAL KARNATAKA,2011,3908.6,-0.7691666666666667,Excess,La_Nina,0.12194326703619174,6,1,3505.4,3527.336923076923,10.808808039536471,-0.14160869297438486
COASTAL KARNATAKA,2012,,-0.06583333333333333,Normal,Neutral,0.397130746657972,6,2,2815.1,3527.336923076923,,-0.14160869297438486
COASTAL KARNATAKA,2013,4229.4,-0.25916666666666666,Excess,Neutral,0.32148679491359633,6,1,3727.6,3527.336923076923,19.90348787863059,-0.14160869297438486
COASTAL KARNATAKA,2014,3684.4,0.22833333333333336,Normal,Neutral,0.5122269318552332,6,2,3162.6,3527.336923076923,4.45273815199002,-0.14160869297438486
COASTAL KARNATAKA,2015,3106.0,1.4749999999999999,Deficit,El_Nino,1.0,6,0,2501.8,3527.336923076923,-11.944901557897895,-0.14160869297438486
NORTH INTERIOR KARNATAKA,1950,706.5,-0.8783333333333334,Normal,La_Nina,0.07923051842191065,22,2,518.8,738.3318181818182,-4.311316050309979,-0.1196623073381232
NORTH INTERIOR KARNATAKA,1951,708.4,0.43333333333333335,Normal,Neutral,0.5924356048255625,22,2,510.4,738.3318181818182,-4.053979179107701,-0.1196623073381232
NORTH INTERIOR KARNATAKA,1952,628.5,0.013333333333333334,Deficit,Neutral,0.4281056406912292,22,0,334.8,738.3318181818182,-14.875671815456224,-0.1196623073381232
NORTH INTERIOR KARNATAKA,1953,891.2,0.5883333333333334,Excess,El_Nino,0.6530811868275188,22,1,598.0,738.3318181818182,20.704536639722225,-0.1196623073381232
NORTH INTERIOR KARNATAKA,1954,683.3,-0.33749999999999997,Normal,Neutral,0.2908379523964787,22,2,527.4,738.3318181818182,-7.4535346881483555,-0.1196623073381232
NORTH INTERIOR KARNATAKA,1955,967.1,-0.9391666666666666,Excess,La_Nina,0.05542875774372352,22,1,690.0,738.3318181818182,30.984467441960682,-0.1196623073381232
NORTH INTERIOR KARNATAKA,1956,1039.0,-0.5558333333333333,Excess,La_Nina,0.20541245516791654,22,1,673.7,738.3318181818182,40.72263641008907,-0.1196623073381232
NORTH INTERIOR KARNATAKA,1957,837.8,0.7808333333333333,Excess,El_Nino,0.7283990870557548,22,1,538.6,738.3318181818182,13.47201615435286,-0.1196623073381232
NORTH INTERIOR KARNATAKA,1958,752.0,0.7166666666666667,Normal,El_Nino,0.7032931203130095,22,2,480.9,738.3318181818182,1.851224812691997,-0.1196623073381232
NORTH INTERIOR KARNATAKA,1959,698.5,0.1991666666666667,Normal,Neutral,0.5008151287903488,22,2,557.7,738.3318181818182,-5.394839718530107,-0.1196623073381232
NORTH INTERIOR KARNATAKA,1960,691.6,0.050833333333333335,Normal,Neutral,0.442777958917509,22,2,526.5,738.3318181818182,-6.329378882369964,-0.1196623073381232
NORTH INTERIOR KARNATAKA,1961,748.6,-0.02416666666666667,Normal,Neutral,0.41343332246494946,22,2,456.9,738.3318181818182,1.3907272536984456,-0.1196623073381232
NORTH INTERIOR KARNATAKA,1962,839.1,-0.17333333333333334,Excess,Neutral,0.35507010107597003,22,1,532.6,738.3318181818182,13.648088750438639,-0.1196623073381232
NORTH INTERIOR KARNATAKA,1963,783.1,0.5499999999999999,Normal,El_Nino,0.6380828170850994,22,2,445.4,738.3318181818182,6.063423072897746,-0.1196623073381232
NORTH INTERIOR KARNATAKA,1964,899.8,-0.3758333333333333,Excess,Neutral,0.2758395826540594,22,1,727.6,738.3318181818182,21.869324583058848,-0.1196623073381232
NORTH INTERIOR KARNATAKA,1965,632.9,0.805,Deficit,El_Nino,0.7378545810238017,22,0,566.4,738.3318181818182,-14.279733797935156,-0.1196623073381232
NORTH INTERIOR KARNATAKA,1966,723.6,0.28250000000000003,Normal,Neutral,0.5334202804043039,22,2,455.8,738.3318181818182,-1.9952842094894532,-0.1196623073381232
NORTH INTERIOR KARNATAKA,1967,645.7,-0.31416666666666665,Deficit,Neutral,0.2999673948483861,22,0,475.6,738.3318181818182,-12.546095928782943,-0.1196623073381232
NORTH INTERIOR KARNATAKA,1968,727.3,0.07166666666666667,Normal,Neutral,0.4509292468209977,22,2,504.8,738.3318181818182,-1.4941545129376534,-0.1196623073381232
NORTH INTERIOR KARNATAKA,1969,729.1,0.6783333333333333,Normal,El_Nino,0.6882947505705902,22,2,521.2,738.3318181818182,-1.2503616875881154,-0.1196623073381232
NORTH INTERIOR KARNATAKA,1970,790.8,-0.2925,Normal,Neutral,0.30844473426801433,22,2,585.3,738.3318181818182,7.1063146035596105,-0.1196623073381232
NORTH INTERIOR KARNATAKA,1971,612.1,-0.8608333333333333,Deficit,La_Nina,0.08607760026084121,22,0,385.9,738.3318181818182,-17.096895335307483,-0.1196623073381232
NORTH INTERIOR KARNATAKA,1972,499.4,0.8066666666666666,Deficit,El_Nino,0.7385066840560809,22,0,347.3,738.3318181818182,-32.36103501135854,-0.1196623073381232
NORTH INTERIOR KARNATAKA,1973,750.8,-0.5808333333333334,Normal,La_Nina,0.19563090968372998,22,2,492.1,738.3318181818182,1.6886962624589714,-0.1196623073381232
NORTH INTERIOR KARNATAKA,1974,817.3,-0.8875000000000001,Excess,La_Nina,0.0756439517443756,22,1,527.0,738.3318181818182,10.695486754538782,-0.1196623073381232
NORTH INTERIOR KARNATAKA,1975,1093.7,-0.9966666666666667,Excess,La_Nina,0.03293120313009451,22,1,667.2,738.3318181818182,48.131229491544204,-0.1196623073381232
NORTH INTERIOR KARNATAKA,1976,561.3,-0.021666666666666678,Deficit,Neutral,0.4144114770133681,22,0,436.1,738.3318181818182,-23.977270628505302,-0.1196623073381232
NORTH INTERIOR KARNATAKA,1977,849.9,0.5175,Excess,El_Nino,0.625366807955657,22,1,521.2,738.3318181818182,15.110845702535805,-0.1196623073381232
NORTH INTERIOR KARNATAKA,1978,904.9,-0.04916666666666667,Excess,Neutral,0.40365177698076293,22,1,633.0,738.3318181818182,22.560070921549183,-0.1196623073381232
NORTH INTERIOR KARNATAKA,1979,963.2,0.30833333333333335,Excess,Neutral,0.5435278774046299,22,1,727.3,738.3318181818182,30.45624965370337,-0.1196623073381232
NORTH INTERIOR KARNATAKA,1980,691.7,0.21166666666666667,Normal,Neutral,0.5057059015324421,22,2,572.5,738.3318181818182,-6.315834836517209,-0.1196623073381232
NORTH INTERIOR KARNATAKA,1981,877.3,-0.25,Excess,Neutral,0.3250733615911314,22,1,724.6,738.3318181818182,18.82191426618974,-0.1196623073381232
NORTH INTERIOR KARNATAKA,1982,681.4,0.9125,Normal,El_Nino,0.7799152266058037,22,2,479.3,738.3318181818182,-7.7108715593506325,-0.1196623073381232
NORTH INTERIOR KARNATAKA,1983,777.9,0.45999999999999996,Normal,Neutral,0.602869253342028,22,2,669.7,738.3318181818182,5.359132688554657,-0.1196623073381232
NORTH INTERIOR KARNATAKA,1984,618.1,-0.5516666666666666,Deficit,La_Nina,0.2070427127486143,22,0,470.7,738.3318181818182,-16.284252584142386,-0.1196623073381232
NORTH INTERIOR KARNATAKA,1985,501.2,-0.5775,Deficit,La_Nina,0.19693511574828823,22,0,339.8,738.3318181818182,-32.117242186009,-0.1196623073381232
NORTH INTERIOR KARNATAKA,1986,620.4,0.26666666666666666,Deficit,Neutral,0.5272253015976525,22,0,444.1,738.3318181818182,-15.972739529529106,-0.1196623073381232
NORTH INTERIOR KARNATAKA,1987,747.4,1.1824999999999999,Normal,El_Nino,0.8855559178350179,22,2,483.1,738.3318181818182,1.2281987034654205,-0.1196623073381232
NORTH INTERIOR KARNATAKA,1988,795.4,-0.89,Normal,La_Nina,0.07466579719595695,22,2,681.4,738.3318181818182,7.729340712786185,-0.1196623073381232
NORTH INTERIOR KARNATAKA,1989,676.2,-0.62,Normal,La_Nina,0.18030648842517116,22,2,569.0,738.3318181818182,-8.415161943693708,-0.1196623073381232
NORTH INTERIOR KARNATAKA,1990,719.0,0.2708333333333333,Normal,Neutral,0.5288555591783501,22,2,460.1,738.3318181818182,-2.6183103187160297,-0.1196623073381232
NORTH INTERIOR KARNATAKA,1991,720.0,0.6541666666666667,Normal,El_Nino,0.6788392566025432,22,2,552.9,738.3318181818182,-2.4828698601885133,-0.1196623073381232
NORTH INTERIOR KARNATAKA,1992,668.3,0.6091666666666666,Normal,El_Nino,0.6612324747310074,22,2,414.1,738.3318181818182,-9.485141566061095,-0.1196623073381232
NORTH INTERIOR KARNATAKA,1993,731.8,0.3566666666666667,Normal,Neutral,0.5624388653407238,22,2,427.1,738.3318181818182,-0.8846724495638315,-0.1196623073381232
NORTH INTERIOR KARNATAKA,1994,643.0,0.3658333333333333,Deficit,Neutral,0.566025432018259,22,0,381.7,738.3318181818182,-12.91178516680724,-0.1196623073381232
NORTH INTERIOR KARNATAKA,1995,662.3,-0.21583333333333332,Deficit,Neutral,0.33844147375285294,22,0,416.5,738.3318181818182,-10.29778431722619,-0.1196623073381232
NORTH INTERIOR KARNATAKA,1996,811.8,-0.4058333333333333,Normal,Neutral,0.26410172807303556,22,2,601.4,738.3318181818182,9.950564232637445,-0.1196623073381232
NORTH INTERIOR KARNATAKA,1997,1095.6,1.1416666666666666,Excess,El_Nino,0.86957939354418,22,1,852.7,738.3318181818182,48.38856636274647,-0.1196623073381232
NORTH INTERIOR KARNATAKA,1998,852.5,0.041666666666666664,Excess,Neutral,0.43919139223997394,22,1,626.7,738.3318181818182,15.462990894707351,-0.1196623073381232
NORTH INTERIOR KARNATAKA,1999,660.8,-1.0808333333333333,Deficit,La_Nina,0.0,22,0,410.7,738.3318181818182,-10.500945005017465,-0.1196623073381232
NORTH INTERIOR KARNATAKA,2000,712.4,-0.7658333333333333,Normal,La_Nina,0.12324747310074996,22,2,533.6,738.3318181818182,-3.512217344997638,-0.1196623073381232
NORTH INTERIOR KARNATAKA,2001,598.0,-0.2941666666666667,Deficit,Neutral,0.30779263123573525,22,0,418.9,738.3318181818182,-19.006605800545458,-0.1196623073381232
NORTH INTERIOR KARNATAKA,2002,530.5,0.5141666666666667,Deficit,El_Nino,0.6240626018910989,22,0,333.4,738.3318181818182,-28.14883675115279,-0.1196623073381232
NORTH INTERIOR KARNATAKA,2003,473.5,0.235,Deficit,Neutral,0.5148353439843495,22,0,329.7,738.3318181818182,-35.868942887221195,-0.1196623073381232
NORTH INTERIOR KARNATAKA,2004,641.9,0.3925,Deficit,Neutral,0.5764590805347245,22,0,445.2,738.3318181818182,-13.060769671187513,-0.1196623073381232
NORTH INTERIOR KARNATAKA,2005,807.5,0.029166666666666684,Normal,Neutral,0.4343006194978807,22,2,601.0,738.3318181818182,9.368170260969132,-0.1196623073381232
NORTH INTERIOR KARNATAKA,2006,650.6,0.04,Deficit,Neutral,0.4385392892076948,22,0,470.0,738.3318181818182,-11.882437681998118,-0.1196623073381232
NORTH INTERIOR KARNATAKA,2007,836.9,-0.6133333333333333,Excess,La_Nina,0.18291490055428758,22,1,681.5,738.3318181818182,13.350119741678098,-0.1196623073381232
NORTH INTERIOR KARNATAKA,2008,712.4,-0.8083333333333335,Normal,La_Nina,0.10661884577763281,22,2,452.3,738.3318181818182,-3.512217344997638,-0.1196623073381232
NORTH INTERIOR KARNATAKA,2009,913.5,0.2591666666666667,Excess,Neutral,0.5242908379523965,22,1,597.9,738.3318181818182,23.724858864885825,-0.1196623073381232
NORTH INTERIOR KARNATAKA,2010,853.2,-0.4266666666666667,Excess,Neutral,0.25595044016954677,22,1,630.4,738.3318181818182,15.557799215676619,-0.1196623073381232
NORTH INTERIOR KARNATAKA,2011,655.2,-0.7691666666666667,Deficit,La_Nina,0.12194326703619174,22,0,473.1,738.3318181818182,-11.25941157277154,-0.1196623073381232
NORTH INTERIOR KARNATAKA,2012,583.8,-0.06583333333333333,Deficit,Neutral,0.397130746657972,22,0,359.3,738.3318181818182,-20.92986031163619,-0.1196623073381232
NORTH INTERIOR KARNATAKA,2013,723.2,-0.25916666666666666,Normal,Neutral,0.32148679491359633,22,2,534.9,738.3318181818182,-2.0494603929004565,-0.1196623073381232
NORTH INTERIOR KARNATAKA,2014,756.8,0.22833333333333336,Normal,Neutral,0.5122269318552332,22,2,482.5,738.3318181818182,2.501339013624067,-0.1196623073381232
NORTH INTERIOR KARNATAKA,2015,551.9,1.4749999999999999,Deficit,El_Nino,1.0,22,0,357.2,738.3318181818182,-25.250410938663947,-0.1196623073381232
SOUTH INTERIOR KARNATAKA,1950,956.5,-0.8783333333333334,Deficit,La_Nina,0.07923051842191065,27,0,663.3,1074.5272727272727,-10.984111406284368,-0.05827203471459346
SOUTH INTERIOR KARNATAKA,1951,925.3,0.43333333333333335,Deficit,Neutral,0.5924356048255625,27,0,584.7,1074.5272727272727,-13.887713836105519,-0.05827203471459346
SOUTH INTERIOR KARNATAKA,1952,871.8,0.013333333333333334,Deficit,Neutral,0.4281056406912292,27,0,505.8,1074.5272727272727,-18.866647489805246,-0.05827203471459346
SOUTH INTERIOR KARNATAKA,1953,1255.9,0.5883333333333334,Excess,El_Nino,0.6530811868275188,27,1,836.8,1074.5272727272727,16.8793042183455,-0.05827203471459346
SOUTH INTERIOR KARNATAKA,1954,1031.1,-0.33749999999999997,Normal,Neutral,0.2908379523964787,27,2,670.3,1074.5272727272727,-4.041523545237658,-0.05827203471459346
SOUTH INTERIOR KARNATAKA,1955,1002.0,-0.9391666666666666,Normal,La_Nina,0.05542875774372352,27,2,577.5,1074.5272727272727,-6.749691196128528,-0.05827203471459346
SOUTH INTERIOR KARNATAKA,1956,1243.7,-0.5558333333333333,Excess,La_Nina,0.20541245516791654,27,1,718.1,1074.5272727272727,15.743921216941073,-0.05827203471459346
SOUTH INTERIOR KARNATAKA,1957,1064.7,0.7808333333333333,Normal,El_Nino,0.7283990870557548,27,2,611.6,1074.5272727272727,-0.9145670823533328,-0.05827203471459346
SOUTH INTERIOR KARNATAKA,1958,1210.0,0.7166666666666667,Excess,El_Nino,0.7032931203130095,27,1,828.2,1074.5272727272727,12.607658336012456,-0.05827203471459346
SOUTH INTERIOR KARNATAKA,1959,1280.9,0.1991666666666667,Excess,Neutral,0.5008151287903488,27,1,1071.8,1074.5272727272727,19.205908729420138,-0.05827203471459346
SOUTH INTERIOR KARNATAKA,1960,989.9,0.050833333333333335,Normal,Neutral,0.442777958917509,27,2,661.2,1074.5272727272727,-7.875767779488655,-0.05827203471459346
SOUTH INTERIOR KARNATAKA,1961,1409.5,-0.02416666666666667,Excess,Neutral,0.41343332246494946,27,1,996.2,1074.5272727272727,31.17396233438806,-0.05827203471459346
SOUTH INTERIOR KARNATAKA,1962,1307.2,-0.17333333333333334,Excess,Neutral,0.35507010107597003,27,1,794.2,1074.5272727272727,21.653496675070652,-0.05827203471459346
SOUTH INTERIOR KARNATAKA,1963,992.8,0.5499999999999999,Normal,El_Nino,0.6380828170850994,27,2,631.1,1074.5272727272727,-7.605881656203999,-0.05827203471459346
SOUTH INTERIOR KARNATAKA,1964,1169.4,-0.3758333333333333,Normal,Neutral,0.2758395826540594,27,2,890.3,1074.5272727272727,8.829252610027254,-0.05827203471459346
SOUTH INTERIOR KARNATAKA,1965,735.2,0.805,Deficit,El_Nino,0.7378545810238017,27,0,597.5,1074.5272727272727,-31.579214538317057,-0.05827203471459346
SOUTH INTERIOR KARNATAKA,1966,1010.9,0.28250000000000003,Normal,Neutral,0.5334202804043039,27,2,617.8,1074.5272727272727,-5.921419990185959,-0.05827203471459346
SOUTH INTERIOR KARNATAKA,1967,940.3,-0.31416666666666665,Deficit,Neutral,0.2999673948483861,27,0,701.8,1074.5272727272727,-12.491751129460738,-0.05827203471459346
SOUTH INTERIOR KARNATAKA,1968,1001.0,0.07166666666666667,Normal,Neutral,0.4509292468209977,27,2,739.2,1074.5272727272727,-6.842755376571513,-0.05827203471459346
SOUTH INTERIOR KARNATAKA,1969,1106.5,0.6783333333333333,Normal,El_Nino,0.6882947505705902,27,2,710.6,1074.5272727272727,2.975515660163457,-0.05827203471459346
SOUTH INTERIOR KARNATAKA,1970,1073.8,-0.2925,Normal,Neutral,0.30844473426801433,27,2,645.0,1074.5272727272727,-0.06768304032217319,-0.05827203471459346
SOUTH INTERIOR KARNATAKA,1971,1020.2,-0.8608333333333333,Normal,La_Nina,0.08607760026084121,27,2,721.7,1074.5272727272727,-5.055923112066187,-0.05827203471459346
SOUTH INTERIOR KARNATAKA,1972,1064.0,0.8066666666666666,Normal,El_Nino,0.7385066840560809,27,2,642.0,1074.5272727272727,-0.9797120086634269,-0.05827203471459346
SOUTH INTERIOR KARNATAKA,1973,1086.6,-0.5808333333333334,Normal,La_Nina,0.19563090968372998,27,2,786.5,1074.5272727272727,1.123538469348037,-0.05827203471459346
SOUTH INTERIOR KARNATAKA,1974,1051.5,-0.8875000000000001,Normal,La_Nina,0.0756439517443756,27,2,754.5,1074.5272727272727,-2.1430142642007457,-0.05827203471459346
SOUTH INTERIOR KARNATAKA,1975,1334.3,-0.9966666666666667,Excess,La_Nina,0.03293120313009451,27,1,962.2,1074.5272727272727,24.17553596507555,-0.05827203471459346
SOUTH INTERIOR KARNATAKA,1976,761.2,-0.021666666666666678,Deficit,Neutral,0.4144114770133681,27,0,503.1,1074.5272727272727,-29.159545846799436,-0.05827203471459346
SOUTH INTERIOR KARNATAKA,1977,1207.8,0.5175,Excess,El_Nino,0.625366807955657,27,1,697.1,1074.5272727272727,12.402917139037884,-0.05827203471459346
SOUTH INTERIOR KARNATAKA,1978,1231.6,-0.04916666666666667,Excess,Neutral,0.40365177698076293,27,1,857.9,1074.5272727272727,14.617844633580933,-0.05827203471459346
SOUTH INTERIOR KARNATAKA,1979,1120.8,0.30833333333333335,Normal,Neutral,0.5435278774046299,27,2,809.6,1074.5272727272727,4.306333440498145,-0.05827203471459346
SOUTH INTERIOR KARNATAKA,1980,1225.0,0.21166666666666667,Excess,Neutral,0.5057059015324421,27,1,857.1,1074.5272727272727,14.003621042657239,-0.05827203471459346
SOUTH INTERIOR KARNATAKA,1981,1184.6,-0.25,Excess,Neutral,0.3250733615911314,27,1,880.2,1074.5272727272727,10.243828152760615,-0.05827203471459346
SOUTH INTERIOR KARNATAKA,1982,1003.5,0.9125,Normal,El_Nino,0.7799152266058037,27,2,735.8,1074.5272727272727,-6.6100949254640495,-0.05827203471459346
SOUTH INTERIOR KARNATAKA,1983,1111.2,0.45999999999999996,Normal,Neutral,0.602869253342028,27,2,870.3,1074.5272727272727,3.412917308245493,-0.05827203471459346
SOUTH INTERIOR KARNATAKA,1984,1063.9,-0.5516666666666666,Normal,La_Nina,0.2070427127486143,27,2,742.4,1074.5272727272727,-0.9890184267077169,-0.05827203471459346
SOUTH INTERIOR KARNATAKA,1985,859.3,-0.5775,Deficit,La_Nina,0.19693511574828823,27,0,644.0,1074.5272727272727,-20.029949745342563,-0.05827203471459346
SOUTH INTERIOR KARNATAKA,1986,1030.2,0.26666666666666666,Normal,Neutral,0.5272253015976525,27,2,743.4,1074.5272727272727,-4.125281307636333,-0.05827203471459346
SOUTH INTERIOR KARNATAKA,1987,934.7,1.1824999999999999,Deficit,El_Nino,0.8855559178350179,27,0,542.3,1074.5272727272727,-13.012910539941448,-0.05827203471459346
SOUTH INTERIOR KARNATAKA,1988,1022.2,-0.89,Normal,La_Nina,0.07466579719595695,27,2,794.6,1074.5272727272727,-4.869794751180216,-0.05827203471459346
SOUTH INTERIOR KARNATAKA,1989,913.5,-0.62,Deficit,La_Nina,0.18030648842517116,27,0,715.7,1074.5272727272727,-14.985871165332746,-0.05827203471459346
SOUTH INTERIOR KARNATAKA,1990,848.5,0.2708333333333333,Deficit,Neutral,0.5288555591783501,27,0,531.3,1074.5272727272727,-21.0350428941268,-0.05827203471459346
SOUTH INTERIOR KARNATAKA,1991,1221.2,0.6541666666666667,Excess,El_Nino,0.6788392566025432,27,1,792.2,1074.5272727272727,13.649977156973897,-0.05827203471459346
SOUTH INTERIOR KARNATAKA,1992,1201.0,0.6091666666666666,Excess,El_Nino,0.6612324747310074,27,1,832.9,1074.5272727272727,11.770080712025587,-0.05827203471459346
SOUTH INTERIOR KARNATAKA,1993,1038.1,0.3566666666666667,Normal,Neutral,0.5624388653407238,27,2,648.9,1074.5272727272727,-3.3900742821367595,-0.05827203471459346
SOUTH INTERIOR KARNATAKA,1994,1157.8,0.3658333333333333,Normal,Neutral,0.566025432018259,27,2,750.4,1074.5272727272727,7.749708116888609,-0.05827203471459346
SOUTH INTERIOR KARNATAKA,1995,883.2,-0.21583333333333332,Deficit,Neutral,0.33844147375285294,27,0,643.4,1074.5272727272727,-17.8057158327552,-0.05827203471459346
SOUTH INTERIOR KARNATAKA,1996,1044.0,-0.4058333333333333,Normal,Neutral,0.26410172807303556,27,2,767.5,1074.5272727272727,-2.8409956175231366,-0.05827203471459346
SOUTH INTERIOR KARNATAKA,1997,1180.0,1.1416666666666666,Normal,El_Nino,0.86957939354418,27,2,785.8,1074.5272727272727,9.815732922722892,-0.05827203471459346
SOUTH INTERIOR KARNATAKA,1998,1113.3,0.041666666666666664,Normal,Neutral,0.43919139223997394,27,2,815.4,1074.5272727272727,3.608352087175754,-0.05827203471459346
SOUTH INTERIOR KARNATAKA,1999,1149.6,-1.0808333333333333,Normal,La_Nina,0.0,27,2,665.9,1074.5272727272727,6.986581837256124,-0.05827203471459346
SOUTH INTERIOR KARNATAKA,2000,1207.2,-0.7658333333333333,Excess,La_Nina,0.12324747310074996,27,1,852.1,1074.5272727272727,12.347078630772101,-0.05827203471459346
SOUTH INTERIOR KARNATAKA,2001,926.3,-0.2941666666666667,Deficit,Neutral,0.30779263123573525,27,0,637.2,1074.5272727272727,-13.794649655662536,-0.05827203471459346
SOUTH INTERIOR KARNATAKA,2002,755.8,0.5141666666666667,Deficit,El_Nino,0.6240626018910989,27,0,454.5,1074.5272727272727,-29.66209242119156,-0.05827203471459346
SOUTH INTERIOR KARNATAKA,2003,762.8,0.235,Deficit,Neutral,0.5148353439843495,27,0,484.9,1074.5272727272727,-29.010643158090666,-0.05827203471459346
SOUTH INTERIOR KARNATAKA,2004,1133.4,0.3925,Normal,Neutral,0.5764590805347245,27,2,716.8,1074.5272727272727,5.478942114079775,-0.05827203471459346
SOUTH INTERIOR KARNATAKA,2005,1319.3,0.029166666666666684,Excess,Neutral,0.4343006194978807,27,1,851.0,1074.5272727272727,22.77957325843077,-0.05827203471459346
SOUTH INTERIOR KARNATAKA,2006,1030.5,0.04,Normal,Neutral,0.4385392892076948,27,2,695.3,1074.5272727272727,-4.097362053503441,-0.05827203471459346
SOUTH INTERIOR KARNATAKA,2007,1231.0,-0.6133333333333333,Excess,La_Nina,0.18291490055428758,27,1,927.9,1074.5272727272727,14.562006125315152,-0.05827203471459346
SOUTH INTERIOR KARNATAKA,2008,1140.6,-0.8083333333333335,Normal,La_Nina,0.10661884577763281,27,2,764.4,1074.5272727272727,6.1490042132692535,-0.05827203471459346
SOUTH INTERIOR KARNATAKA,2009,1158.4,0.2591666666666667,Normal,Neutral,0.5242908379523965,27,2,827.5,1074.5272727272727,7.805546625154412,-0.05827203471459346
SOUTH INTERIOR KARNATAKA,2010,1239.7,-0.4266666666666667,Excess,Neutral,0.25595044016954677,27,1,743.1,1074.5272727272727,15.37166449516913,-0.05827203471459346
SOUTH INTERIOR KARNATAKA,2011,1087.4,-0.7691666666666667,Normal,La_Nina,0.12194326703619174,27,2,690.2,1074.5272727272727,1.1979898137024423,-0.05827203471459346
SOUTH INTERIOR KARNATAKA,2012,877.8,-0.06583333333333333,Deficit,Neutral,0.397130746657972,27,0,563.5,1074.5272727272727,-18.308262407147332,-0.05827203471459346
SOUTH INTERIOR KARNATAKA,2013,1110.7,-0.25916666666666666,Normal,Neutral,0.32148679491359633,27,2,827.1,1074.5272727272727,3.3663852180240004,-0.05827203471459346
SOUTH INTERIOR KARNATAKA,2014,1184.2,0.22833333333333336,Excess,Neutral,0.5122269318552332,27,1,794.5,1074.5272727272727,10.206602480583435,-0.05827203471459346
SOUTH INTERIOR KARNATAKA,2015,1112.5,1.4749999999999999,Normal,El_Nino,1.0,27,2,631.8,1074.5272727272727,3.53390074282137,-0.05827203471459346
KERALA,1950,3146.6,-0.8783333333333334,Excess,La_Nina,0.07923051842191065,16,1,2342.9,2844.301515151515,10.628215160669471,-0.13119946809468794
KERALA,1951,2705.5,0.43333333333333335,Normal,Neutral,0.5924356048255625,16,2,1823.0,2844.301515151515,-4.8799859794091205,-0.13119946809468794
KERALA,1952,2334.8,0.013333333333333334,Deficit,Neutral,0.4281056406912292,16,0,1477.7,2844.301515151515,-17.913062748003842,-0.13119946809468794
KERALA,1953,2544.9,0.5883333333333334,Deficit,El_Nino,0.6530811868275188,16,0,1825.1,2844.301515151515,-10.526363451856685,-0.13119946809468794
KERALA,1954,2938.0,-0.33749999999999997,Normal,Neutral,0.2908379523964787,16,2,2107.4,2844.301515151515,3.294252889482907,-0.13119946809468794
KERALA,1955,3134.7,-0.9391666666666666,Excess,La_Nina,0.05542875774372352,16,1,1849.7,2844.301515151515,10.209834762648757,-0.13119946809468794
KERALA,1956,2798.4,-0.5558333333333333,Normal,La_Nina,0.20541245516791654,16,2,1720.1,2844.301515151515,-1.6138062335163454,-0.13119946809468794
KERALA,1957,3103.3,0.7808333333333333,Normal,El_Nino,0.7283990870557548,16,2,2107.4,2844.301515151515,9.105873040140342,-0.13119946809468794
KERALA,1958,2923.1,0.7166666666666667,Normal,El_Nino,0.7032931203130095,16,2,1948.7,2844.301515151515,2.7703984415410066,-0.13119946809468794
KERALA,1959,3746.0,0.1991666666666667,Excess,Neutral,0.5008151287903488,16,1,2831.2,2844.301515151515,31.70193033492273,-0.13119946809468794
KERALA,1960,3385.5,0.050833333333333335,Excess,Neutral,0.442777958917509,16,1,1939.2,2844.301515151515,19.027465336060033,-0.13119946809468794
KERALA,1961,4257.8,-0.02416666666666667,Excess,Neutral,0.41343332246494946,16,1,3229.3,2844.301515151515,49.69580325147731,-0.13119946809468794
KERALA,1962,3375.8,-0.17333333333333334,Excess,Neutral,0.35507010107597003,16,1,2101.6,2844.301515151515,18.6864325746482,-0.13119946809468794
KERALA,1963,2651.1,0.5499999999999999,Normal,El_Nino,0.6380828170850994,16,2,1848.5,2844.301515151515,-6.792582084646656,-0.13119946809468794
KERALA,1964,2869.1,-0.3758333333333333,Normal,Neutral,0.2758395826540594,16,2,2079.8,2844.301515151515,0.8718655429596323,-0.13119946809468794
KERALA,1965,2342.4,0.805,Deficit,El_Nino,0.7378545810238017,16,0,1508.9,2844.301515151515,-17.645861821536837,-0.13119946809468794
KERALA,1966,2621.7,0.28250000000000003,Normal,Neutral,0.5334202804043039,16,2,1593.3,2844.301515151515,-7.8262277738742965,-0.13119946809468794
KERALA,1967,2569.1,-0.31416666666666665,Normal,Neutral,0.2999673948483861,16,2,1937.3,2844.301515151515,-9.675539449159112,-0.13119946809468794
KERALA,1968,3392.7,0.07166666666666667,Excess,Neutral,0.4509292468209977,16,1,2711.4,2844.301515151515,19.28060305587088,-0.13119946809468794
KERALA,1969,2665.0,0.6783333333333333,Normal,El_Nino,0.6882947505705902,16,2,1870.6,2844.301515151515,-6.303885653345151,-0.13119946809468794
KERALA,1970,2703.5,-0.2925,Normal,Neutral,0.30844473426801433,16,2,1860.7,2844.301515151515,-4.950302012689912,-0.13119946809468794
KERALA,1971,3076.8,-0.8608333333333333,Normal,La_Nina,0.08607760026084121,16,2,2254.6,2844.301515151515,8.174185599169853,-0.13119946809468794
KERALA,1972,2739.4,0.8066666666666666,Normal,El_Nino,0.7385066840560809,16,2,1596.8,2844.301515151515,-3.6881292152996985,-0.13119946809468794
KERALA,1973,2412.5,-0.5808333333333334,Deficit,La_Nina,0.19563090968372998,16,0,1749.2,2844.301515151515,-15.181284855045094,-0.13119946809468794
KERALA,1974,2767.4,-0.8875000000000001,Normal,La_Nina,0.0756439517443756,16,2,2188.2,2844.301515151515,-2.703704749368616,-0.13119946809468794
KERALA,1975,3498.4,-0.9966666666666667,Excess,La_Nina,0.03293120313009451,16,1,2529.3,2844.301515151515,22.996805414760725,-0.13119946809468794
KERALA,1976,2068.8,-0.021666666666666678,Deficit,Neutral,0.4144114770133681,16,0,1297.1,2844.301515151515,-27.26509517434913,-0.13119946809468794
KERALA,1977,3047.6,0.5175,Normal,El_Nino,0.625366807955657,16,2,1788.5,2844.301515151515,7.147571513270286,-0.13119946809468794
KERALA,1978,3176.7,-0.04916666666666667,Excess,Neutral,0.40365177698076293,16,1,2081.1,2844.301515151515,11.686471461545382,-0.13119946809468794
KERALA,1979,2503.0,0.30833333333333335,Deficit,Neutral,0.5435278774046299,16,0,1840.5,2844.301515151515,-11.999484349089274,-0.13119946809468794
KERALA,1980,2803.4,0.21166666666666667,Normal,Neutral,0.5057059015324421,16,2,2077.5,2844.301515151515,-1.4380161503143665,-0.13119946809468794
KERALA,1981,3005.9,-0.25,Normal,Neutral,0.3250733615911314,16,2,2274.4,2844.301515151515,5.681482219365786,-0.13119946809468794
KERALA,1982,2223.3,0.9125,Deficit,El_Nino,0.7799152266058037,16,0,1689.2,2844.301515151515,-21.833181603407976,-0.13119946809468794
KERALA,1983,2320.3,0.45999999999999996,Deficit,Neutral,0.602869253342028,16,0,1906.9,2844.301515151515,-18.42285398928958,-0.13119946809468794
KERALA,1984,2762.1,-0.5516666666666666,Normal,La_Nina,0.2070427127486143,16,2,1951.6,2844.301515151515,-2.89004223756272,-0.13119946809468794
KERALA,1985,2390.5,-0.5775,Deficit,La_Nina,0.19693511574828823,16,0,1650.4,2844.301515151515,-15.9547612211338,-0.13119946809468794
KERALA,1986,2093.2,0.26666666666666666,Deficit,Neutral,0.5272253015976525,16,0,1498.4,2844.301515151515,-26.407239568323483,-0.13119946809468794
KERALA,1987,2137.6,1.1824999999999999,Deficit,El_Nino,0.8855559178350179,16,0,1347.2,2844.301515151515,-24.84622362948991,-0.13119946809468794
KERALA,1988,2403.5,-0.89,Deficit,La_Nina,0.07466579719595695,16,0,1845.7,2844.301515151515,-15.497707004808655,-0.13119946809468794
KERALA,1989,2422.7,-0.62,Deficit,La_Nina,0.18030648842517116,16,0,1664.7,2844.301515151515,-14.822673085313061,-0.13119946809468794
KERALA,1990,2693.1,0.2708333333333333,Normal,Neutral,0.5288555591783501,16,2,1638.0,2844.301515151515,-5.315945385750032,-0.13119946809468794
KERALA,1991,3184.5,0.6541666666666667,Excess,El_Nino,0.6788392566025432,16,1,2515.6,2844.301515151515,11.960703991340475,-0.13119946809468794
KERALA,1992,3239.5,0.6091666666666666,Excess,El_Nino,0.6612324747310074,16,1,2392.5,2844.301515151515,13.894394906562246,-0.13119946809468794
KERALA,1993,2717.7,0.3566666666666667,Normal,Neutral,0.5624388653407238,16,2,1823.1,2844.301515151515,-4.451058176396297,-0.13119946809468794
KERALA,1994,3410.8,0.3658333333333333,Excess,Neutral,0.566025432018259,16,1,2493.0,2844.301515151515,19.916963157062057,-0.13119946809468794
KERALA,1995,2858.8,-0.21583333333333332,Normal,Neutral,0.33844147375285294,16,2,1933.2,2844.301515151515,0.5097379715635649,-0.13119946809468794
KERALA,1996,2610.0,-0.4058333333333333,Normal,Neutral,0.26410172807303556,16,2,1938.5,2844.301515151515,-8.23757656856692,-0.13119946809468794
KERALA,1997,3252.4,1.1416666666666666,Excess,El_Nino,0.86957939354418,16,1,2342.9,2844.301515151515,14.347933321223355,-0.13119946809468794
KERALA,1998,3151.5,0.041666666666666664,Excess,Neutral,0.43919139223997394,16,1,2263.4,2844.301515151515,10.800489442207414,-0.13119946809468794
KERALA,1999,2914.6,-1.0808333333333333,Normal,La_Nina,0.0,16,2,1661.9,2844.301515151515,2.471555300097642,-0.13119946809468794
KERALA,2000,2412.6,-0.7658333333333333,Deficit,La_Nina,0.12324747310074996,16,0,1739.4,2844.301515151515,-15.177769053381057,-0.13119946809468794
KERALA,2001,2931.1,-0.2941666666666667,Normal,Neutral,0.30779263123573525,16,2,1892.0,2844.301515151515,3.051662574664173,-0.13119946809468794
KERALA,2002,2507.4,0.5141666666666667,Deficit,El_Nino,0.6240626018910989,16,0,1359.0,2844.301515151515,-11.844789075871528,-0.13119946809468794
KERALA,2003,2394.9,0.235,Deficit,Neutral,0.5148353439843495,16,0,1542.6,2844.301515151515,-15.800065947916057,-0.13119946809468794
KERALA,2004,2886.1,0.3925,Normal,Neutral,0.5764590805347245,16,2,1669.5,2844.301515151515,1.4695518258463611,-0.13119946809468794
KERALA,2005,3031.1,0.029166666666666684,Normal,Neutral,0.4343006194978807,16,2,2157.6,2844.301515151515,6.567464238703755,-0.13119946809468794
KERALA,2006,3420.6,0.04,Excess,Neutral,0.4385392892076948,16,1,2193.8,2844.301515151515,20.261511720137925,-0.13119946809468794
KERALA,2007,3489.6,-0.6133333333333333,Excess,La_Nina,0.18291490055428758,16,1,2688.5,2844.301515151515,22.687414868325238,-0.13119946809468794
KERALA,2008,2524.5,-0.8083333333333335,Deficit,La_Nina,0.10661884577763281,16,0,1670.9,2844.301515151515,-11.243586991320763,-0.13119946809468794
KERALA,2009,2810.6,0.2591666666666667,Normal,Neutral,0.5242908379523965,16,2,1958.9,2844.301515151515,-1.184878430503523,-0.13119946809468794
KERALA,2010,3131.8,-0.4266666666666667,Excess,Neutral,0.25595044016954677,16,1,1928.0,2844.301515151515,10.107876514391624,-0.13119946809468794
KERALA,2011,3035.1,-0.7691666666666667,Normal,La_Nina,0.12194326703619174,16,2,2209.1,2844.301515151515,6.708096305265338,-0.13119946809468794
KERALA,2012,2151.1,-0.06583333333333333,Deficit,Neutral,0.397130746657972,16,0,1535.6,2844.301515151515,-24.371590404844564,-0.13119946809468794
KERALA,2013,3255.4,-0.25916666666666666,Excess,Neutral,0.32148679491359633,16,1,2561.2,2844.301515151515,14.453407371144541,-0.13119946809468794
KERALA,2014,3046.4,0.22833333333333336,Normal,Neutral,0.5122269318552332,16,2,2164.8,2844.301515151515,7.105381893301817,-0.13119946809468794
KERALA,2015,2600.6,1.4749999999999999,Normal,El_Nino,1.0,16,2,1514.7,2844.301515151515,-8.568061924986644,-0.13119946809468794
LAKSHADWEEP,1950,1494.1,-0.8783333333333334,Normal,La_Nina,0.07923051842191065,18,2,1009.9,1571.8954545454546,-4.949149405610494,-0.23242000133618995
LAKSHADWEEP,1951,1715.3,0.43333333333333335,Normal,Neutral,0.5924356048255625,18,2,1169.0,1571.8954545454546,9.123033280607942,-0.23242000133618995
LAKSHADWEEP,1952,1124.5,0.013333333333333334,Deficit,Neutral,0.4281056406912292,18,0,619.3,1571.8954545454546,-28.462163514228628,-0.23242000133618995
LAKSHADWEEP,1953,1606.2,0.5883333333333334,Normal,El_Nino,0.6530811868275188,18,2,937.7,1571.8954545454546,2.18236813112137,-0.23242000133618995
LAKSHADWEEP,1954,1555.5,-0.33749999999999997,Normal,Neutral,0.2908379523964787,18,2,991.1,1571.8954545454546,-1.043037213323816,-0.23242000133618995
LAKSHADWEEP,1955,1548.3,-0.9391666666666666,Normal,La_Nina,0.05542875774372352,18,2,926.6,1571.8954545454546,-1.5010829427124839,-0.23242000133618995
LAKSHADWEEP,1956,1287.4,-0.5558333333333333,Deficit,La_Nina,0.20541245516791654,18,0,705.5,1571.8954545454546,-18.098878886810073,-0.23242000133618995
LAKSHADWEEP,1957,1347.2,0.7808333333333333,Deficit,El_Nino,0.7283990870557548,18,0,636.1,1571.8954545454546,-14.294554634387554,-0.23242000133618995
LAKSHADWEEP,1958,992.6,0.7166666666666667,Deficit,El_Nino,0.7032931203130095,18,0,646.1,1571.8954545454546,-36.853306806779315,-0.23242000133618995
LAKSHADWEEP,1959,1583.6,0.1991666666666667,Normal,Neutral,0.5008151287903488,18,2,877.9,1571.8954545454546,0.7446134805402739,-0.23242000133618995
LAKSHADWEEP,1960,1901.8,0.050833333333333335,Excess,Neutral,0.442777958917509,18,1,823.8,1571.8954545454546,20.98769002102267,-0.23242000133618995
LAKSHADWEEP,1961,2235.3,-0.02416666666666667,Excess,Neutral,0.41343332246494946,18,1,1334.5,1571.8954545454546,42.20411373645599,-0.23242000133618995
LAKSHADWEEP,1962,1586.6,-0.17333333333333334,Normal,Neutral,0.35507010107597003,18,2,842.3,1571.8954545454546,0.935465867785551,-0.23242000133618995
LAKSHADWEEP,1963,1902.1,0.5499999999999999,Excess,El_Nino,0.6380828170850994,18,1,971.7,1571.8954545454546,21.006775259747194,-0.23242000133618995
LAKSHADWEEP,1964,1651.7,-0.3758333333333333,Normal,Neutral,0.2758395826540594,18,2,1300.2,1571.8954545454546,5.076962671008073,-0.23242000133618995
LAKSHADWEEP,1965,1405.9,0.805,Deficit,El_Nino,0.7378545810238017,18,0,724.9,1571.8954545454546,-10.560209590621628,-0.23242000133618995
LAKSHADWEEP,1966,1741.5,0.28250000000000003,Excess,Neutral,0.5334202804043039,18,1,1182.9,1571.8954545454546,10.789810795883364,-0.23242000133618995
LAKSHADWEEP,1967,1287.3,-0.31416666666666665,Deficit,Neutral,0.2999673948483861,18,0,978.6,1571.8954545454546,-18.105240633051594,-0.23242000133618995
LAKSHADWEEP,1968,1344.4,0.07166666666666667,Deficit,Neutral,0.4509292468209977,18,0,1120.5,1571.8954545454546,-14.47268352914981,-0.23242000133618995
LAKSHADWEEP,1969,1416.1,0.6783333333333333,Normal,El_Nino,0.6882947505705902,18,2,595.8,1571.8954545454546,-9.911311473987698,-0.23242000133618995
LAKSHADWEEP,1970,1783.0,-0.2925,Excess,Neutral,0.30844473426801433,18,1,1320.0,1571.8954545454546,13.429935486109699,-0.23242000133618995
LAKSHADWEEP,1971,1901.4,-0.8608333333333333,Excess,La_Nina,0.08607760026084121,18,1,1273.4,1571.8954545454546,20.96224303605664,-0.23242000133618995
LAKSHADWEEP,1972,1287.6,0.8066666666666666,Deficit,El_Nino,0.7385066840560809,18,0,871.0,1571.8954545454546,-18.08615539432707,-0.23242000133618995
LAKSHADWEEP,1973,1557.4,-0.5808333333333334,Normal,La_Nina,0.19563090968372998,18,2,1055.6,1571.8954545454546,-0.9221640347351348,-0.23242000133618995
LAKSHADWEEP,1974,1511.3,-0.8875000000000001,Normal,La_Nina,0.0756439517443756,18,2,1193.2,1571.8954545454546,-3.8549290520709016,-0.23242000133618995
LAKSHADWEEP,1975,1890.5,-0.9966666666666667,Excess,La_Nina,0.03293120313009451,18,1,1175.9,1571.8954545454546,20.268812695732127,-0.23242000133618995
LAKSHADWEEP,1976,1502.1,-0.021666666666666678,Normal,Neutral,0.4144114770133681,18,2,970.6,1571.8954545454546,-4.440209706289754,-0.23242000133618995
LAKSHADWEEP,1977,1848.2,0.5175,Excess,El_Nino,0.625366807955657,18,1,1014.1,1571.8954545454546,17.577794035573724,-0.23242000133618995
LAKSHADWEEP,1978,1967.4,-0.04916666666666667,Excess,Neutral,0.40365177698076293,18,1,1201.6,1571.8954545454546,25.160995555452736,-0.23242000133618995
LAKSHADWEEP,1979,1825.4,0.30833333333333335,Excess,Neutral,0.5435278774046299,18,1,1166.8,1571.8954545454546,16.12731589250962,-0.23242000133618995
LAKSHADWEEP,1980,1211.7,0.21166666666666667,Deficit,Neutral,0.5057059015324421,18,0,703.2,1571.8954545454546,-22.91472079163257,-0.23242000133618995
LAKSHADWEEP,1981,1617.4,-0.25,Normal,Neutral,0.3250733615911314,18,2,1085.1,1571.8954545454546,2.894883710170408,-0.23242000133618995
LAKSHADWEEP,1982,1392.0,0.9125,Deficit,El_Nino,0.7799152266058037,18,0,1023.5,1571.8954545454546,-11.444492318191418,-0.23242000133618995
LAKSHADWEEP,1983,1403.2,0.45999999999999996,Deficit,Neutral,0.602869253342028,18,0,1086.8,1571.8954545454546,-10.73197673914238,-0.23242000133618995
LAKSHADWEEP,1984,1591.6,-0.5516666666666666,Normal,La_Nina,0.2070427127486143,18,2,798.4,1571.8954545454546,1.253553179861013,-0.23242000133618995
LAKSHADWEEP,1985,1303.4,-0.5775,Deficit,La_Nina,0.19693511574828823,18,0,887.6,1571.8954545454546,-17.080999488168597,-0.23242000133618995
LAKSHADWEEP,1986,1465.9,0.26666666666666666,Normal,Neutral,0.5272253015976525,18,2,990.7,1571.8954545454546,-6.743161845716086,-0.23242000133618995
LAKSHADWEEP,1987,1288.6,1.1824999999999999,Deficit,El_Nino,0.8855559178350179,18,0,886.8,1571.8954545454546,-18.022537931911977,-0.23242000133618995
LAKSHADWEEP,1988,1450.8,-0.89,Normal,La_Nina,0.07466579719595695,18,2,1127.9,1571.8954545454546,-7.70378552818399,-0.23242000133618995
LAKSHADWEEP,1989,1714.4,-0.62,Normal,La_Nina,0.18030648842517116,18,2,1244.6,1571.8954545454546,9.065777564434367,-0.23242000133618995
LAKSHADWEEP,1990,1310.5,0.2708333333333333,Deficit,Neutral,0.5288555591783501,18,0,738.0,1571.8954545454546,-16.629315505021445,-0.23242000133618995
LAKSHADWEEP,1991,1583.0,0.6541666666666667,Normal,El_Nino,0.6788392566025432,18,2,1144.9,1571.8954545454546,0.7064430030912242,-0.23242000133618995
LAKSHADWEEP,1992,1534.9,0.6091666666666666,Normal,El_Nino,0.6612324747310074,18,2,1178.0,1571.8954545454546,-2.3535569390747133,-0.23242000133618995
LAKSHADWEEP,1993,1449.7,0.3566666666666667,Normal,Neutral,0.5624388653407238,18,2,938.2,1571.8954545454546,-7.773764736840586,-0.23242000133618995
LAKSHADWEEP,1994,1547.1,0.3658333333333333,Normal,Neutral,0.566025432018259,18,2,897.2,1571.8954545454546,-1.5774238976105976,-0.23242000133618995
LAKSHADWEEP,1995,2030.9,-0.21583333333333332,Excess,Neutral,0.33844147375285294,18,1,1229.3,1571.8954545454546,29.200704418811103,-0.23242000133618995
LAKSHADWEEP,1996,1606.0,-0.4058333333333333,Normal,Neutral,0.26410172807303556,18,2,1190.1,1571.8954545454546,2.1696446386383488,-0.23242000133618995
LAKSHADWEEP,1997,1764.7,1.1416666666666666,Excess,El_Nino,0.86957939354418,18,1,1127.4,1571.8954545454546,12.26573592391351,-0.23242000133618995
LAKSHADWEEP,1998,1986.9,0.041666666666666664,Excess,Neutral,0.43919139223997394,18,1,1242.2,1571.8954545454546,26.40153607254704,-0.23242000133618995
LAKSHADWEEP,1999,1857.3,-1.0808333333333333,Excess,La_Nina,0.0,18,1,946.2,1571.8954545454546,18.15671294355106,-0.23242000133618995
LAKSHADWEEP,2000,1372.1,-0.7658333333333333,Deficit,La_Nina,0.12324747310074996,18,0,805.3,1571.8954545454546,-12.710479820251763,-0.23242000133618995
LAKSHADWEEP,2001,1380.6,-0.2941666666666667,Deficit,Neutral,0.30779263123573525,18,0,840.6,1571.8954545454546,-12.169731389723477,-0.23242000133618995
LAKSHADWEEP,2002,1033.5,0.5141666666666667,Deficit,El_Nino,0.6240626018910989,18,0,537.0,1571.8954545454546,-34.251352594002036,-0.23242000133618995
LAKSHADWEEP,2003,1532.9,0.235,Normal,Neutral,0.5148353439843495,18,2,941.5,1571.8954545454546,-2.480791863904898,-0.23242000133618995
LAKSHADWEEP,2004,1553.2,0.3925,Normal,Neutral,0.5764590805347245,18,2,901.5,1571.8954545454546,-1.1893573768785255,-0.23242000133618995
LAKSHADWEEP,2005,1575.4,0.029166666666666684,Normal,Neutral,0.4343006194978807,18,2,1007.8,1571.8954545454546,0.22295028873652803,-0.23242000133618995
LAKSHADWEEP,2006,1598.6,0.04,Normal,Neutral,0.4385392892076948,18,2,928.4,1571.8954545454546,1.6988754167666593,-0.23242000133618995
LAKSHADWEEP,2007,2361.6,-0.6133333333333333,Excess,La_Nina,0.18291490055428758,18,1,1753.0,1571.8954545454546,50.23899923948214,-0.23242000133618995
LAKSHADWEEP,2008,1726.8,-0.8083333333333335,Normal,La_Nina,0.10661884577763281,18,2,934.0,1571.8954545454546,9.854634098381505,-0.23242000133618995
LAKSHADWEEP,2009,1570.1,0.2591666666666667,Normal,Neutral,0.5242908379523965,18,2,997.7,1571.8954545454546,-0.11422226206347313,-0.23242000133618995
LAKSHADWEEP,2010,1725.2,-0.4266666666666667,Normal,Neutral,0.25595044016954677,18,2,1152.2,1571.8954545454546,9.752846158517363,-0.23242000133618995
LAKSHADWEEP,2011,1533.7,-0.7691666666666667,Normal,La_Nina,0.12194326703619174,18,2,1013.0,1571.8954545454546,-2.429897893972827,-0.23242000133618995
LAKSHADWEEP,2012,1405.5,-0.06583333333333333,Deficit,Neutral,0.397130746657972,18,0,1119.5,1571.8954545454546,-10.585656575587672,-0.23242000133618995
LAKSHADWEEP,2013,1426.3,-0.25916666666666666,Normal,Neutral,0.32148679491359633,18,2,1057.0,1571.8954545454546,-9.262413357353754,-0.23242000133618995
LAKSHADWEEP,2014,1395.0,0.22833333333333336,Deficit,Neutral,0.5122269318552332,18,0,958.5,1571.8954545454546,-11.253639930946141,-0.23242000133618995
LAKSHADWEEP,2015,1642.9,1.4749999999999999,Normal,El_Nino,1.0,18,2,860.9,1571.8954545454546,4.517129001755263,-0.23242000133618995
